[2026-09-22T02:30:57.703+0000] {manager.py:483} INFO - Processing files using up to 2 processes at a time 
[2026-09-22T02:30:57.704+0000] {manager.py:484} INFO - Process each file at most once every 30 seconds
[2026-09-22T02:30:57.704+0000] {manager.py:485} INFO - Checking for new files in /opt/airflow/dags every 300 seconds
[2026-09-22T02:30:57.705+0000] {manager.py:821} INFO - Searching for files in /opt/airflow/dags
[2026-09-22T02:30:57.708+0000] {manager.py:824} INFO - There are 0 files in /opt/airflow/dags
[2026-09-22T02:35:58.658+0000] {manager.py:821} INFO - Searching for files in /opt/airflow/dags
[2026-09-22T02:35:58.668+0000] {manager.py:824} INFO - There are 1 files in /opt/airflow/dags
[2026-09-22T02:36:00.819+0000] {manager.py:997} INFO - 
================================================================================
DAG File Processing Stats

File Path                                      PID    Runtime      # DAGs    # Errors  Last Runtime    Last Run               Last # of DB Queries
---------------------------------------------  -----  ---------  --------  ----------  --------------  -------------------  ----------------------
/opt/airflow/dags/load_kalimantan_postgres.py                           1           0  0.26s           2026-09-22T02:35:58                      45
================================================================================
[2026-09-22T02:36:31.280+0000] {manager.py:997} INFO - 
================================================================================
DAG File Processing Stats

File Path                                      PID    Runtime      # DAGs    # Errors  Last Runtime    Last Run               Last # of DB Queries
---------------------------------------------  -----  ---------  --------  ----------  --------------  -------------------  ----------------------
/opt/airflow/dags/load_kalimantan_postgres.py                           1           0  0.17s           2026-09-22T02:36:29                      12
================================================================================
[2026-09-22T02:37:01.666+0000] {manager.py:997} INFO - 
================================================================================
DAG File Processing Stats

File Path                                      PID    Runtime      # DAGs    # Errors  Last Runtime    Last Run               Last # of DB Queries
---------------------------------------------  -----  ---------  --------  ----------  --------------  -------------------  ----------------------
/opt/airflow/dags/load_kalimantan_postgres.py                           1           0  0.24s           2026-09-22T02:36:52                      34
================================================================================
[2026-09-22T02:37:32.147+0000] {manager.py:997} INFO - 
================================================================================
DAG File Processing Stats

File Path                                      PID    Runtime      # DAGs    # Errors  Last Runtime    Last Run               Last # of DB Queries
---------------------------------------------  -----  ---------  --------  ----------  --------------  -------------------  ----------------------
/opt/airflow/dags/load_kalimantan_postgres.py                           1           0  0.16s           2026-09-22T02:37:23                      12
================================================================================
[2026-09-22T02:38:02.542+0000] {manager.py:997} INFO - 
================================================================================
DAG File Processing Stats

File Path                                      PID    Runtime      # DAGs    # Errors  Last Runtime    Last Run               Last # of DB Queries
---------------------------------------------  -----  ---------  --------  ----------  --------------  -------------------  ----------------------
/opt/airflow/dags/load_kalimantan_postgres.py                           1           0  0.15s           2026-09-22T02:37:53                      12
================================================================================
[2026-09-22T02:38:32.942+0000] {manager.py:997} INFO - 
================================================================================
DAG File Processing Stats

File Path                                      PID    Runtime      # DAGs    # Errors  Last Runtime    Last Run               Last # of DB Queries
---------------------------------------------  -----  ---------  --------  ----------  --------------  -------------------  ----------------------
/opt/airflow/dags/load_kalimantan_postgres.py                           1           0  0.14s           2026-09-22T02:38:23                      12
================================================================================
[2026-09-22T02:39:03.270+0000] {manager.py:997} INFO - 
================================================================================
DAG File Processing Stats

File Path                                      PID    Runtime      # DAGs    # Errors  Last Runtime    Last Run               Last # of DB Queries
---------------------------------------------  -----  ---------  --------  ----------  --------------  -------------------  ----------------------
/opt/airflow/dags/load_kalimantan_postgres.py                           1           0  0.16s           2026-09-22T02:38:54                      12
================================================================================
[2026-09-22T02:39:33.692+0000] {manager.py:997} INFO - 
================================================================================
DAG File Processing Stats

File Path                                      PID    Runtime      # DAGs    # Errors  Last Runtime    Last Run               Last # of DB Queries
---------------------------------------------  -----  ---------  --------  ----------  --------------  -------------------  ----------------------
/opt/airflow/dags/load_kalimantan_postgres.py                           1           0  0.14s           2026-09-22T02:39:24                      12
================================================================================
[2026-09-22T02:40:04.165+0000] {manager.py:997} INFO - 
================================================================================
DAG File Processing Stats

File Path                                      PID    Runtime      # DAGs    # Errors  Last Runtime    Last Run               Last # of DB Queries
---------------------------------------------  -----  ---------  --------  ----------  --------------  -------------------  ----------------------
/opt/airflow/dags/load_kalimantan_postgres.py                           1           0  0.21s           2026-09-22T02:39:55                      12
================================================================================
[2026-09-22T02:40:34.532+0000] {manager.py:997} INFO - 
================================================================================
DAG File Processing Stats

File Path                                      PID    Runtime      # DAGs    # Errors  Last Runtime    Last Run               Last # of DB Queries
---------------------------------------------  -----  ---------  --------  ----------  --------------  -------------------  ----------------------
/opt/airflow/dags/load_kalimantan_postgres.py                           1           0  0.14s           2026-09-22T02:40:25                      12
================================================================================
[2026-09-22T02:40:58.862+0000] {manager.py:821} INFO - Searching for files in /opt/airflow/dags
[2026-09-22T02:40:58.870+0000] {manager.py:824} INFO - There are 1 files in /opt/airflow/dags
[2026-09-22T02:41:04.961+0000] {manager.py:997} INFO - 
================================================================================
DAG File Processing Stats

File Path                                      PID    Runtime      # DAGs    # Errors  Last Runtime    Last Run               Last # of DB Queries
---------------------------------------------  -----  ---------  --------  ----------  --------------  -------------------  ----------------------
/opt/airflow/dags/load_kalimantan_postgres.py                           1           0  0.10s           2026-09-22T02:40:55                      12
================================================================================
[2026-09-22T02:41:35.365+0000] {manager.py:997} INFO - 
================================================================================
DAG File Processing Stats

File Path                                      PID    Runtime      # DAGs    # Errors  Last Runtime    Last Run               Last # of DB Queries
---------------------------------------------  -----  ---------  --------  ----------  --------------  -------------------  ----------------------
/opt/airflow/dags/load_kalimantan_postgres.py                           1           0  0.15s           2026-09-22T02:41:26                      12
================================================================================
[2026-09-22T02:42:05.737+0000] {manager.py:997} INFO - 
================================================================================
DAG File Processing Stats

File Path                                      PID    Runtime      # DAGs    # Errors  Last Runtime    Last Run               Last # of DB Queries
---------------------------------------------  -----  ---------  --------  ----------  --------------  -------------------  ----------------------
/opt/airflow/dags/load_kalimantan_postgres.py                           1           0  0.13s           2026-09-22T02:41:56                      12
================================================================================
[2026-09-22T02:42:36.098+0000] {manager.py:997} INFO - 
================================================================================
DAG File Processing Stats

File Path                                      PID    Runtime      # DAGs    # Errors  Last Runtime    Last Run               Last # of DB Queries
---------------------------------------------  -----  ---------  --------  ----------  --------------  -------------------  ----------------------
/opt/airflow/dags/load_kalimantan_postgres.py                           1           0  0.10s           2026-09-22T02:42:27                      12
================================================================================
[2026-09-22T02:43:06.446+0000] {manager.py:997} INFO - 
================================================================================
DAG File Processing Stats

File Path                                      PID    Runtime      # DAGs    # Errors  Last Runtime    Last Run               Last # of DB Queries
---------------------------------------------  -----  ---------  --------  ----------  --------------  -------------------  ----------------------
/opt/airflow/dags/load_kalimantan_postgres.py                           1           0  0.12s           2026-09-22T02:42:57                      12
================================================================================
[2026-09-22T02:43:36.801+0000] {manager.py:997} INFO - 
================================================================================
DAG File Processing Stats

File Path                                      PID    Runtime      # DAGs    # Errors  Last Runtime    Last Run               Last # of DB Queries
---------------------------------------------  -----  ---------  --------  ----------  --------------  -------------------  ----------------------
/opt/airflow/dags/load_kalimantan_postgres.py                           1           0  0.13s           2026-09-22T02:43:27                      12
================================================================================
[2026-09-22T02:44:07.110+0000] {manager.py:997} INFO - 
================================================================================
DAG File Processing Stats

File Path                                      PID    Runtime      # DAGs    # Errors  Last Runtime    Last Run               Last # of DB Queries
---------------------------------------------  -----  ---------  --------  ----------  --------------  -------------------  ----------------------
/opt/airflow/dags/load_kalimantan_postgres.py                           1           0  0.13s           2026-09-22T02:43:58                      12
================================================================================
[2026-09-22T02:44:37.405+0000] {manager.py:997} INFO - 
================================================================================
DAG File Processing Stats

File Path                                      PID    Runtime      # DAGs    # Errors  Last Runtime    Last Run               Last # of DB Queries
---------------------------------------------  -----  ---------  --------  ----------  --------------  -------------------  ----------------------
/opt/airflow/dags/load_kalimantan_postgres.py                           1           0  0.10s           2026-09-22T02:44:28                      12
================================================================================
[2026-09-22T02:45:07.740+0000] {manager.py:997} INFO - 
================================================================================
DAG File Processing Stats

File Path                                      PID    Runtime      # DAGs    # Errors  Last Runtime    Last Run               Last # of DB Queries
---------------------------------------------  -----  ---------  --------  ----------  --------------  -------------------  ----------------------
/opt/airflow/dags/load_kalimantan_postgres.py                           1           0  0.12s           2026-09-22T02:44:58                      12
================================================================================
[2026-09-22T02:45:37.998+0000] {manager.py:997} INFO - 
================================================================================
DAG File Processing Stats

File Path                                      PID    Runtime      # DAGs    # Errors  Last Runtime    Last Run               Last # of DB Queries
---------------------------------------------  -----  ---------  --------  ----------  --------------  -------------------  ----------------------
/opt/airflow/dags/load_kalimantan_postgres.py                           1           0  0.09s           2026-09-22T02:45:28                      12
================================================================================
[2026-09-22T02:45:59.231+0000] {manager.py:821} INFO - Searching for files in /opt/airflow/dags
[2026-09-22T02:45:59.243+0000] {manager.py:824} INFO - There are 1 files in /opt/airflow/dags
[2026-09-22T02:46:08.374+0000] {manager.py:997} INFO - 
================================================================================
DAG File Processing Stats

File Path                                      PID    Runtime      # DAGs    # Errors  Last Runtime    Last Run               Last # of DB Queries
---------------------------------------------  -----  ---------  --------  ----------  --------------  -------------------  ----------------------
/opt/airflow/dags/load_kalimantan_postgres.py                           1           0  0.11s           2026-09-22T02:45:59                      12
================================================================================
[2026-09-22T02:46:38.817+0000] {manager.py:997} INFO - 
================================================================================
DAG File Processing Stats

File Path                                      PID    Runtime      # DAGs    # Errors  Last Runtime    Last Run               Last # of DB Queries
---------------------------------------------  -----  ---------  --------  ----------  --------------  -------------------  ----------------------
/opt/airflow/dags/load_kalimantan_postgres.py                           1           0  0.11s           2026-09-22T02:46:29                      12
================================================================================
[2026-09-22T02:47:09.245+0000] {manager.py:997} INFO - 
================================================================================
DAG File Processing Stats

File Path                                      PID    Runtime      # DAGs    # Errors  Last Runtime    Last Run               Last # of DB Queries
---------------------------------------------  -----  ---------  --------  ----------  --------------  -------------------  ----------------------
/opt/airflow/dags/load_kalimantan_postgres.py                           1           0  0.21s           2026-09-22T02:47:00                      12
================================================================================
[2026-09-22T02:47:39.686+0000] {manager.py:997} INFO - 
================================================================================
DAG File Processing Stats

File Path                                      PID    Runtime      # DAGs    # Errors  Last Runtime    Last Run               Last # of DB Queries
---------------------------------------------  -----  ---------  --------  ----------  --------------  -------------------  ----------------------
/opt/airflow/dags/load_kalimantan_postgres.py                           1           0  0.15s           2026-09-22T02:47:30                      12
================================================================================
[2026-09-22T02:48:10.156+0000] {manager.py:997} INFO - 
================================================================================
DAG File Processing Stats

File Path                                      PID    Runtime      # DAGs    # Errors  Last Runtime    Last Run               Last # of DB Queries
---------------------------------------------  -----  ---------  --------  ----------  --------------  -------------------  ----------------------
/opt/airflow/dags/load_kalimantan_postgres.py                           1           0  0.16s           2026-09-22T02:48:01                      12
================================================================================
[2026-09-22T02:48:40.565+0000] {manager.py:997} INFO - 
================================================================================
DAG File Processing Stats

File Path                                      PID    Runtime      # DAGs    # Errors  Last Runtime    Last Run               Last # of DB Queries
---------------------------------------------  -----  ---------  --------  ----------  --------------  -------------------  ----------------------
/opt/airflow/dags/load_kalimantan_postgres.py                           1           0  0.22s           2026-09-22T02:48:31                      12
================================================================================
[2026-09-22T02:49:11.018+0000] {manager.py:997} INFO - 
================================================================================
DAG File Processing Stats

File Path                                      PID    Runtime      # DAGs    # Errors  Last Runtime    Last Run               Last # of DB Queries
---------------------------------------------  -----  ---------  --------  ----------  --------------  -------------------  ----------------------
/opt/airflow/dags/load_kalimantan_postgres.py                           1           0  0.22s           2026-09-22T02:49:02                      12
================================================================================
[2026-09-22T02:49:41.423+0000] {manager.py:997} INFO - 
================================================================================
DAG File Processing Stats

File Path                                      PID    Runtime      # DAGs    # Errors  Last Runtime    Last Run               Last # of DB Queries
---------------------------------------------  -----  ---------  --------  ----------  --------------  -------------------  ----------------------
/opt/airflow/dags/load_kalimantan_postgres.py                           1           0  0.13s           2026-09-22T02:49:32                      12
================================================================================
[2026-09-22T02:50:11.797+0000] {manager.py:997} INFO - 
================================================================================
DAG File Processing Stats

File Path                                      PID    Runtime      # DAGs    # Errors  Last Runtime    Last Run               Last # of DB Queries
---------------------------------------------  -----  ---------  --------  ----------  --------------  -------------------  ----------------------
/opt/airflow/dags/load_kalimantan_postgres.py                           1           0  0.10s           2026-09-22T02:50:02                      12
================================================================================
[2026-09-22T02:50:42.168+0000] {manager.py:997} INFO - 
================================================================================
DAG File Processing Stats

File Path                                      PID    Runtime      # DAGs    # Errors  Last Runtime    Last Run               Last # of DB Queries
---------------------------------------------  -----  ---------  --------  ----------  --------------  -------------------  ----------------------
/opt/airflow/dags/load_kalimantan_postgres.py                           1           0  0.11s           2026-09-22T02:50:33                      12
================================================================================
[2026-09-22T02:50:59.376+0000] {manager.py:821} INFO - Searching for files in /opt/airflow/dags
[2026-09-22T02:50:59.387+0000] {manager.py:824} INFO - There are 1 files in /opt/airflow/dags
[2026-09-22T02:51:12.565+0000] {manager.py:997} INFO - 
================================================================================
DAG File Processing Stats

File Path                                      PID    Runtime      # DAGs    # Errors  Last Runtime    Last Run               Last # of DB Queries
---------------------------------------------  -----  ---------  --------  ----------  --------------  -------------------  ----------------------
/opt/airflow/dags/load_kalimantan_postgres.py                           1           0  0.13s           2026-09-22T02:51:03                      12
================================================================================
[2026-09-22T02:51:42.949+0000] {manager.py:997} INFO - 
================================================================================
DAG File Processing Stats

File Path                                      PID    Runtime      # DAGs    # Errors  Last Runtime    Last Run               Last # of DB Queries
---------------------------------------------  -----  ---------  --------  ----------  --------------  -------------------  ----------------------
/opt/airflow/dags/load_kalimantan_postgres.py                           1           0  0.13s           2026-09-22T02:51:33                      12
================================================================================
[2026-09-22T02:52:13.324+0000] {manager.py:997} INFO - 
================================================================================
DAG File Processing Stats

File Path                                      PID    Runtime      # DAGs    # Errors  Last Runtime    Last Run               Last # of DB Queries
---------------------------------------------  -----  ---------  --------  ----------  --------------  -------------------  ----------------------
/opt/airflow/dags/load_kalimantan_postgres.py                           1           0  0.13s           2026-09-22T02:52:04                      12
================================================================================
[2026-09-22T02:52:43.742+0000] {manager.py:997} INFO - 
================================================================================
DAG File Processing Stats

File Path                                      PID    Runtime      # DAGs    # Errors  Last Runtime    Last Run               Last # of DB Queries
---------------------------------------------  -----  ---------  --------  ----------  --------------  -------------------  ----------------------
/opt/airflow/dags/load_kalimantan_postgres.py                           1           0  0.12s           2026-09-22T02:52:34                      12
================================================================================
[2026-09-22T02:53:14.334+0000] {manager.py:997} INFO - 
================================================================================
DAG File Processing Stats

File Path                                      PID    Runtime      # DAGs    # Errors  Last Runtime    Last Run               Last # of DB Queries
---------------------------------------------  -----  ---------  --------  ----------  --------------  -------------------  ----------------------
/opt/airflow/dags/load_kalimantan_postgres.py                           1           0  0.18s           2026-09-22T02:53:05                      12
================================================================================
[2026-09-22T02:53:44.776+0000] {manager.py:997} INFO - 
================================================================================
DAG File Processing Stats

File Path                                      PID    Runtime      # DAGs    # Errors  Last Runtime    Last Run               Last # of DB Queries
---------------------------------------------  -----  ---------  --------  ----------  --------------  -------------------  ----------------------
/opt/airflow/dags/load_kalimantan_postgres.py                           1           0  0.10s           2026-09-22T02:53:35                      12
================================================================================
[2026-09-22T02:54:15.147+0000] {manager.py:997} INFO - 
================================================================================
DAG File Processing Stats

File Path                                      PID    Runtime      # DAGs    # Errors  Last Runtime    Last Run               Last # of DB Queries
---------------------------------------------  -----  ---------  --------  ----------  --------------  -------------------  ----------------------
/opt/airflow/dags/load_kalimantan_postgres.py                           1           0  0.17s           2026-09-22T02:54:06                      12
================================================================================
[2026-09-22T02:54:45.594+0000] {manager.py:997} INFO - 
================================================================================
DAG File Processing Stats

File Path                                      PID    Runtime      # DAGs    # Errors  Last Runtime    Last Run               Last # of DB Queries
---------------------------------------------  -----  ---------  --------  ----------  --------------  -------------------  ----------------------
/opt/airflow/dags/load_kalimantan_postgres.py                           1           0  0.15s           2026-09-22T02:54:36                      12
================================================================================
[2026-09-22T02:55:15.907+0000] {manager.py:997} INFO - 
================================================================================
DAG File Processing Stats

File Path                                      PID    Runtime      # DAGs    # Errors  Last Runtime    Last Run               Last # of DB Queries
---------------------------------------------  -----  ---------  --------  ----------  --------------  -------------------  ----------------------
/opt/airflow/dags/load_kalimantan_postgres.py                           1           0  0.08s           2026-09-22T02:55:06                      12
================================================================================
[2026-09-22T02:55:46.227+0000] {manager.py:997} INFO - 
================================================================================
DAG File Processing Stats

File Path                                      PID    Runtime      # DAGs    # Errors  Last Runtime    Last Run               Last # of DB Queries
---------------------------------------------  -----  ---------  --------  ----------  --------------  -------------------  ----------------------
/opt/airflow/dags/load_kalimantan_postgres.py                           1           0  0.11s           2026-09-22T02:55:37                      12
================================================================================
[2026-09-22T02:56:00.379+0000] {manager.py:821} INFO - Searching for files in /opt/airflow/dags
[2026-09-22T02:56:00.392+0000] {manager.py:824} INFO - There are 1 files in /opt/airflow/dags
[2026-09-22T02:56:16.555+0000] {manager.py:997} INFO - 
================================================================================
DAG File Processing Stats

File Path                                      PID    Runtime      # DAGs    # Errors  Last Runtime    Last Run               Last # of DB Queries
---------------------------------------------  -----  ---------  --------  ----------  --------------  -------------------  ----------------------
/opt/airflow/dags/load_kalimantan_postgres.py                           1           0  0.11s           2026-09-22T02:56:07                      12
================================================================================
[2026-09-22T02:56:46.837+0000] {manager.py:997} INFO - 
================================================================================
DAG File Processing Stats

File Path                                      PID    Runtime      # DAGs    # Errors  Last Runtime    Last Run               Last # of DB Queries
---------------------------------------------  -----  ---------  --------  ----------  --------------  -------------------  ----------------------
/opt/airflow/dags/load_kalimantan_postgres.py                           1           0  0.08s           2026-09-22T02:56:37                      12
================================================================================
[2026-09-22T02:57:17.147+0000] {manager.py:997} INFO - 
================================================================================
DAG File Processing Stats

File Path                                      PID    Runtime      # DAGs    # Errors  Last Runtime    Last Run               Last # of DB Queries
---------------------------------------------  -----  ---------  --------  ----------  --------------  -------------------  ----------------------
/opt/airflow/dags/load_kalimantan_postgres.py                           1           0  0.10s           2026-09-22T02:57:08                      12
================================================================================
[2026-09-22T02:57:47.570+0000] {manager.py:997} INFO - 
================================================================================
DAG File Processing Stats

File Path                                      PID    Runtime      # DAGs    # Errors  Last Runtime    Last Run               Last # of DB Queries
---------------------------------------------  -----  ---------  --------  ----------  --------------  -------------------  ----------------------
/opt/airflow/dags/load_kalimantan_postgres.py                           1           0  0.18s           2026-09-22T02:57:38                      12
================================================================================
[2026-09-22T02:58:18.113+0000] {manager.py:997} INFO - 
================================================================================
DAG File Processing Stats

File Path                                      PID    Runtime      # DAGs    # Errors  Last Runtime    Last Run               Last # of DB Queries
---------------------------------------------  -----  ---------  --------  ----------  --------------  -------------------  ----------------------
/opt/airflow/dags/load_kalimantan_postgres.py                           1           0  0.19s           2026-09-22T02:58:09                      12
================================================================================
[2026-09-22T02:58:48.449+0000] {manager.py:997} INFO - 
================================================================================
DAG File Processing Stats

File Path                                      PID    Runtime      # DAGs    # Errors  Last Runtime    Last Run               Last # of DB Queries
---------------------------------------------  -----  ---------  --------  ----------  --------------  -------------------  ----------------------
/opt/airflow/dags/load_kalimantan_postgres.py                           1           0  0.13s           2026-09-22T02:58:39                      12
================================================================================
[2026-09-22T02:59:18.862+0000] {manager.py:997} INFO - 
================================================================================
DAG File Processing Stats

File Path                                      PID    Runtime      # DAGs    # Errors  Last Runtime    Last Run               Last # of DB Queries
---------------------------------------------  -----  ---------  --------  ----------  --------------  -------------------  ----------------------
/opt/airflow/dags/load_kalimantan_postgres.py                           1           0  0.10s           2026-09-22T02:59:09                      12
================================================================================
[2026-09-22T02:59:49.346+0000] {manager.py:997} INFO - 
================================================================================
DAG File Processing Stats

File Path                                      PID    Runtime      # DAGs    # Errors  Last Runtime    Last Run               Last # of DB Queries
---------------------------------------------  -----  ---------  --------  ----------  --------------  -------------------  ----------------------
/opt/airflow/dags/load_kalimantan_postgres.py                           1           0  0.11s           2026-09-22T02:59:46                      12
================================================================================
[2026-09-22T03:00:19.699+0000] {manager.py:997} INFO - 
================================================================================
DAG File Processing Stats

File Path                                      PID    Runtime      # DAGs    # Errors  Last Runtime    Last Run               Last # of DB Queries
---------------------------------------------  -----  ---------  --------  ----------  --------------  -------------------  ----------------------
/opt/airflow/dags/load_kalimantan_postgres.py                           1           0  0.10s           2026-09-22T03:00:16                      12
================================================================================
[2026-09-22T03:00:50.043+0000] {manager.py:997} INFO - 
================================================================================
DAG File Processing Stats

File Path                                      PID    Runtime      # DAGs    # Errors  Last Runtime    Last Run               Last # of DB Queries
---------------------------------------------  -----  ---------  --------  ----------  --------------  -------------------  ----------------------
/opt/airflow/dags/load_kalimantan_postgres.py                           1           0  0.10s           2026-09-22T03:00:47                      12
================================================================================
[2026-09-22T03:01:01.195+0000] {manager.py:821} INFO - Searching for files in /opt/airflow/dags
[2026-09-22T03:01:01.203+0000] {manager.py:824} INFO - There are 1 files in /opt/airflow/dags
[2026-09-22T03:01:20.445+0000] {manager.py:997} INFO - 
================================================================================
DAG File Processing Stats

File Path                                      PID    Runtime      # DAGs    # Errors  Last Runtime    Last Run               Last # of DB Queries
---------------------------------------------  -----  ---------  --------  ----------  --------------  -------------------  ----------------------
/opt/airflow/dags/load_kalimantan_postgres.py                           1           0  0.11s           2026-09-22T03:01:17                      12
================================================================================
[2026-09-22T03:01:50.856+0000] {manager.py:997} INFO - 
================================================================================
DAG File Processing Stats

File Path                                      PID    Runtime      # DAGs    # Errors  Last Runtime    Last Run               Last # of DB Queries
---------------------------------------------  -----  ---------  --------  ----------  --------------  -------------------  ----------------------
/opt/airflow/dags/load_kalimantan_postgres.py                           1           0  0.18s           2026-09-22T03:01:47                      12
================================================================================
[2026-09-22T03:02:21.285+0000] {manager.py:997} INFO - 
================================================================================
DAG File Processing Stats

File Path                                      PID    Runtime      # DAGs    # Errors  Last Runtime    Last Run               Last # of DB Queries
---------------------------------------------  -----  ---------  --------  ----------  --------------  -------------------  ----------------------
/opt/airflow/dags/load_kalimantan_postgres.py                           1           0  0.10s           2026-09-22T03:02:18                      12
================================================================================
[2026-09-22T03:02:51.902+0000] {manager.py:997} INFO - 
================================================================================
DAG File Processing Stats

File Path                                      PID    Runtime      # DAGs    # Errors  Last Runtime    Last Run               Last # of DB Queries
---------------------------------------------  -----  ---------  --------  ----------  --------------  -------------------  ----------------------
/opt/airflow/dags/load_kalimantan_postgres.py                           1           0  0.36s           2026-09-22T03:02:49                      12
================================================================================
[2026-09-22T03:03:22.304+0000] {manager.py:997} INFO - 
================================================================================
DAG File Processing Stats

File Path                                      PID    Runtime      # DAGs    # Errors  Last Runtime    Last Run               Last # of DB Queries
---------------------------------------------  -----  ---------  --------  ----------  --------------  -------------------  ----------------------
/opt/airflow/dags/load_kalimantan_postgres.py                           1           0  0.11s           2026-09-22T03:03:19                      12
================================================================================
[2026-09-22T03:03:52.641+0000] {manager.py:997} INFO - 
================================================================================
DAG File Processing Stats

File Path                                      PID    Runtime      # DAGs    # Errors  Last Runtime    Last Run               Last # of DB Queries
---------------------------------------------  -----  ---------  --------  ----------  --------------  -------------------  ----------------------
/opt/airflow/dags/load_kalimantan_postgres.py                           1           0  0.16s           2026-09-22T03:03:49                      12
================================================================================
[2026-09-22T03:04:22.987+0000] {manager.py:997} INFO - 
================================================================================
DAG File Processing Stats

File Path                                      PID    Runtime      # DAGs    # Errors  Last Runtime    Last Run               Last # of DB Queries
---------------------------------------------  -----  ---------  --------  ----------  --------------  -------------------  ----------------------
/opt/airflow/dags/load_kalimantan_postgres.py                           1           0  0.10s           2026-09-22T03:04:20                      12
================================================================================
[2026-09-22T03:04:53.394+0000] {manager.py:997} INFO - 
================================================================================
DAG File Processing Stats

File Path                                      PID    Runtime      # DAGs    # Errors  Last Runtime    Last Run               Last # of DB Queries
---------------------------------------------  -----  ---------  --------  ----------  --------------  -------------------  ----------------------
/opt/airflow/dags/load_kalimantan_postgres.py                           1           0  0.16s           2026-09-22T03:04:50                      12
================================================================================
[2026-09-22T03:05:23.797+0000] {manager.py:997} INFO - 
================================================================================
DAG File Processing Stats

File Path                                      PID    Runtime      # DAGs    # Errors  Last Runtime    Last Run               Last # of DB Queries
---------------------------------------------  -----  ---------  --------  ----------  --------------  -------------------  ----------------------
/opt/airflow/dags/load_kalimantan_postgres.py                           1           0  0.12s           2026-09-22T03:05:20                      12
================================================================================
[2026-09-22T03:05:54.184+0000] {manager.py:997} INFO - 
================================================================================
DAG File Processing Stats

File Path                                      PID    Runtime      # DAGs    # Errors  Last Runtime    Last Run               Last # of DB Queries
---------------------------------------------  -----  ---------  --------  ----------  --------------  -------------------  ----------------------
/opt/airflow/dags/load_kalimantan_postgres.py                           1           0  0.13s           2026-09-22T03:05:51                      12
================================================================================
[2026-09-22T03:06:01.262+0000] {manager.py:821} INFO - Searching for files in /opt/airflow/dags
[2026-09-22T03:06:01.273+0000] {manager.py:824} INFO - There are 1 files in /opt/airflow/dags
[2026-09-22T03:06:24.581+0000] {manager.py:997} INFO - 
================================================================================
DAG File Processing Stats

File Path                                      PID    Runtime      # DAGs    # Errors  Last Runtime    Last Run               Last # of DB Queries
---------------------------------------------  -----  ---------  --------  ----------  --------------  -------------------  ----------------------
/opt/airflow/dags/load_kalimantan_postgres.py                           1           0  0.11s           2026-09-22T03:06:21                      12
================================================================================
[2026-09-22T03:06:54.933+0000] {manager.py:997} INFO - 
================================================================================
DAG File Processing Stats

File Path                                      PID    Runtime      # DAGs    # Errors  Last Runtime    Last Run               Last # of DB Queries
---------------------------------------------  -----  ---------  --------  ----------  --------------  -------------------  ----------------------
/opt/airflow/dags/load_kalimantan_postgres.py                           1           0  0.11s           2026-09-22T03:06:51                      12
================================================================================
[2026-09-22T03:07:25.278+0000] {manager.py:997} INFO - 
================================================================================
DAG File Processing Stats

File Path                                      PID    Runtime      # DAGs    # Errors  Last Runtime    Last Run               Last # of DB Queries
---------------------------------------------  -----  ---------  --------  ----------  --------------  -------------------  ----------------------
/opt/airflow/dags/load_kalimantan_postgres.py                           1           0  0.09s           2026-09-22T03:07:22                      12
================================================================================
[2026-09-22T03:07:55.570+0000] {manager.py:997} INFO - 
================================================================================
DAG File Processing Stats

File Path                                      PID    Runtime      # DAGs    # Errors  Last Runtime    Last Run               Last # of DB Queries
---------------------------------------------  -----  ---------  --------  ----------  --------------  -------------------  ----------------------
/opt/airflow/dags/load_kalimantan_postgres.py                           1           0  0.10s           2026-09-22T03:07:52                      12
================================================================================
[2026-09-22T03:08:25.950+0000] {manager.py:997} INFO - 
================================================================================
DAG File Processing Stats

File Path                                      PID    Runtime      # DAGs    # Errors  Last Runtime    Last Run               Last # of DB Queries
---------------------------------------------  -----  ---------  --------  ----------  --------------  -------------------  ----------------------
/opt/airflow/dags/load_kalimantan_postgres.py                           1           0  0.12s           2026-09-22T03:08:23                      12
================================================================================
[2026-09-22T03:08:56.316+0000] {manager.py:997} INFO - 
================================================================================
DAG File Processing Stats

File Path                                      PID    Runtime      # DAGs    # Errors  Last Runtime    Last Run               Last # of DB Queries
---------------------------------------------  -----  ---------  --------  ----------  --------------  -------------------  ----------------------
/opt/airflow/dags/load_kalimantan_postgres.py                           1           0  0.09s           2026-09-22T03:08:53                      12
================================================================================
[2026-09-22T03:09:26.652+0000] {manager.py:997} INFO - 
================================================================================
DAG File Processing Stats

File Path                                      PID    Runtime      # DAGs    # Errors  Last Runtime    Last Run               Last # of DB Queries
---------------------------------------------  -----  ---------  --------  ----------  --------------  -------------------  ----------------------
/opt/airflow/dags/load_kalimantan_postgres.py                           1           0  0.11s           2026-09-22T03:09:23                      12
================================================================================
[2026-09-22T03:09:56.989+0000] {manager.py:997} INFO - 
================================================================================
DAG File Processing Stats

File Path                                      PID    Runtime      # DAGs    # Errors  Last Runtime    Last Run               Last # of DB Queries
---------------------------------------------  -----  ---------  --------  ----------  --------------  -------------------  ----------------------
/opt/airflow/dags/load_kalimantan_postgres.py                           1           0  0.13s           2026-09-22T03:09:54                      12
================================================================================
[2026-09-22T03:10:27.389+0000] {manager.py:997} INFO - 
================================================================================
DAG File Processing Stats

File Path                                      PID    Runtime      # DAGs    # Errors  Last Runtime    Last Run               Last # of DB Queries
---------------------------------------------  -----  ---------  --------  ----------  --------------  -------------------  ----------------------
/opt/airflow/dags/load_kalimantan_postgres.py                           1           0  0.13s           2026-09-22T03:10:24                      12
================================================================================
[2026-09-22T03:10:57.778+0000] {manager.py:997} INFO - 
================================================================================
DAG File Processing Stats

File Path                                      PID    Runtime      # DAGs    # Errors  Last Runtime    Last Run               Last # of DB Queries
---------------------------------------------  -----  ---------  --------  ----------  --------------  -------------------  ----------------------
/opt/airflow/dags/load_kalimantan_postgres.py                           1           0  0.11s           2026-09-22T03:10:54                      12
================================================================================
[2026-09-22T03:11:01.818+0000] {manager.py:821} INFO - Searching for files in /opt/airflow/dags
[2026-09-22T03:11:01.826+0000] {manager.py:824} INFO - There are 1 files in /opt/airflow/dags
[2026-09-22T03:11:28.196+0000] {manager.py:997} INFO - 
================================================================================
DAG File Processing Stats

File Path                                      PID    Runtime      # DAGs    # Errors  Last Runtime    Last Run               Last # of DB Queries
---------------------------------------------  -----  ---------  --------  ----------  --------------  -------------------  ----------------------
/opt/airflow/dags/load_kalimantan_postgres.py                           1           0  0.12s           2026-09-22T03:11:25                      12
================================================================================
[2026-09-22T03:11:58.558+0000] {manager.py:997} INFO - 
================================================================================
DAG File Processing Stats

File Path                                      PID    Runtime      # DAGs    # Errors  Last Runtime    Last Run               Last # of DB Queries
---------------------------------------------  -----  ---------  --------  ----------  --------------  -------------------  ----------------------
/opt/airflow/dags/load_kalimantan_postgres.py                           1           0  0.13s           2026-09-22T03:11:55                      12
================================================================================
[2026-09-22T03:12:28.934+0000] {manager.py:997} INFO - 
================================================================================
DAG File Processing Stats

File Path                                      PID    Runtime      # DAGs    # Errors  Last Runtime    Last Run               Last # of DB Queries
---------------------------------------------  -----  ---------  --------  ----------  --------------  -------------------  ----------------------
/opt/airflow/dags/load_kalimantan_postgres.py                           1           0  0.11s           2026-09-22T03:12:25                      12
================================================================================
[2026-09-22T03:12:59.347+0000] {manager.py:997} INFO - 
================================================================================
DAG File Processing Stats

File Path                                      PID    Runtime      # DAGs    # Errors  Last Runtime    Last Run               Last # of DB Queries
---------------------------------------------  -----  ---------  --------  ----------  --------------  -------------------  ----------------------
/opt/airflow/dags/load_kalimantan_postgres.py                           1           0  0.19s           2026-09-22T03:12:56                      12
================================================================================
[2026-09-22T03:13:29.752+0000] {manager.py:997} INFO - 
================================================================================
DAG File Processing Stats

File Path                                      PID    Runtime      # DAGs    # Errors  Last Runtime    Last Run               Last # of DB Queries
---------------------------------------------  -----  ---------  --------  ----------  --------------  -------------------  ----------------------
/opt/airflow/dags/load_kalimantan_postgres.py                           1           0  0.12s           2026-09-22T03:13:26                      12
================================================================================
[2026-09-22T03:14:00.263+0000] {manager.py:997} INFO - 
================================================================================
DAG File Processing Stats

File Path                                      PID    Runtime      # DAGs    # Errors  Last Runtime    Last Run               Last # of DB Queries
---------------------------------------------  -----  ---------  --------  ----------  --------------  -------------------  ----------------------
/opt/airflow/dags/load_kalimantan_postgres.py                           1           0  0.22s           2026-09-22T03:13:50                      11
================================================================================
[2026-09-22T03:14:30.612+0000] {manager.py:997} INFO - 
================================================================================
DAG File Processing Stats

File Path                                      PID    Runtime      # DAGs    # Errors  Last Runtime    Last Run               Last # of DB Queries
---------------------------------------------  -----  ---------  --------  ----------  --------------  -------------------  ----------------------
/opt/airflow/dags/load_kalimantan_postgres.py                           1           0  0.14s           2026-09-22T03:14:01                      11
================================================================================
[2026-09-22T03:15:00.999+0000] {manager.py:997} INFO - 
================================================================================
DAG File Processing Stats

File Path                                      PID    Runtime      # DAGs    # Errors  Last Runtime    Last Run               Last # of DB Queries
---------------------------------------------  -----  ---------  --------  ----------  --------------  -------------------  ----------------------
/opt/airflow/dags/load_kalimantan_postgres.py                           1           0  0.10s           2026-09-22T03:14:38                      12
================================================================================
[2026-09-22T03:15:31.390+0000] {manager.py:997} INFO - 
================================================================================
DAG File Processing Stats

File Path                                      PID    Runtime      # DAGs    # Errors  Last Runtime    Last Run               Last # of DB Queries
---------------------------------------------  -----  ---------  --------  ----------  --------------  -------------------  ----------------------
/opt/airflow/dags/load_kalimantan_postgres.py                           1           0  0.12s           2026-09-22T03:15:03                      12
================================================================================
[2026-09-22T03:16:01.915+0000] {manager.py:821} INFO - Searching for files in /opt/airflow/dags
[2026-09-22T03:16:01.927+0000] {manager.py:824} INFO - There are 1 files in /opt/airflow/dags
[2026-09-22T03:16:01.944+0000] {manager.py:997} INFO - 
================================================================================
DAG File Processing Stats

File Path                                      PID    Runtime      # DAGs    # Errors  Last Runtime    Last Run               Last # of DB Queries
---------------------------------------------  -----  ---------  --------  ----------  --------------  -------------------  ----------------------
/opt/airflow/dags/load_kalimantan_postgres.py                           1           0  0.13s           2026-09-22T03:15:41                      12
================================================================================
[2026-09-22T03:16:32.375+0000] {manager.py:997} INFO - 
================================================================================
DAG File Processing Stats

File Path                                      PID    Runtime      # DAGs    # Errors  Last Runtime    Last Run               Last # of DB Queries
---------------------------------------------  -----  ---------  --------  ----------  --------------  -------------------  ----------------------
/opt/airflow/dags/load_kalimantan_postgres.py                           1           0  0.19s           2026-09-22T03:16:12                      12
================================================================================
[2026-09-22T03:17:02.757+0000] {manager.py:997} INFO - 
================================================================================
DAG File Processing Stats

File Path                                      PID    Runtime      # DAGs    # Errors  Last Runtime    Last Run               Last # of DB Queries
---------------------------------------------  -----  ---------  --------  ----------  --------------  -------------------  ----------------------
/opt/airflow/dags/load_kalimantan_postgres.py                           1           0  0.10s           2026-09-22T03:16:42                      12
================================================================================
[2026-09-22T03:17:33.217+0000] {manager.py:997} INFO - 
================================================================================
DAG File Processing Stats

File Path                                      PID    Runtime      # DAGs    # Errors  Last Runtime    Last Run               Last # of DB Queries
---------------------------------------------  -----  ---------  --------  ----------  --------------  -------------------  ----------------------
/opt/airflow/dags/load_kalimantan_postgres.py                           1           0  0.23s           2026-09-22T03:17:12                      34
================================================================================
[2026-09-22T03:18:03.657+0000] {manager.py:997} INFO - 
================================================================================
DAG File Processing Stats

File Path                                      PID    Runtime      # DAGs    # Errors  Last Runtime    Last Run               Last # of DB Queries
---------------------------------------------  -----  ---------  --------  ----------  --------------  -------------------  ----------------------
/opt/airflow/dags/load_kalimantan_postgres.py                           1           0  0.19s           2026-09-22T03:17:42                      12
================================================================================
[2026-09-22T03:18:34.071+0000] {manager.py:997} INFO - 
================================================================================
DAG File Processing Stats

File Path                                      PID    Runtime      # DAGs    # Errors  Last Runtime    Last Run               Last # of DB Queries
---------------------------------------------  -----  ---------  --------  ----------  --------------  -------------------  ----------------------
/opt/airflow/dags/load_kalimantan_postgres.py                           1           0  0.16s           2026-09-22T03:18:12                      12
================================================================================
[2026-09-22T03:19:04.459+0000] {manager.py:997} INFO - 
================================================================================
DAG File Processing Stats

File Path                                      PID    Runtime      # DAGs    # Errors  Last Runtime    Last Run               Last # of DB Queries
---------------------------------------------  -----  ---------  --------  ----------  --------------  -------------------  ----------------------
/opt/airflow/dags/load_kalimantan_postgres.py                           1           0  0.10s           2026-09-22T03:18:43                      12
================================================================================
[2026-09-22T03:19:34.833+0000] {manager.py:997} INFO - 
================================================================================
DAG File Processing Stats

File Path                                      PID    Runtime      # DAGs    # Errors  Last Runtime    Last Run               Last # of DB Queries
---------------------------------------------  -----  ---------  --------  ----------  --------------  -------------------  ----------------------
/opt/airflow/dags/load_kalimantan_postgres.py                           1           0  0.11s           2026-09-22T03:19:13                      12
================================================================================
[2026-09-22T03:20:05.231+0000] {manager.py:997} INFO - 
================================================================================
DAG File Processing Stats

File Path                                      PID    Runtime      # DAGs    # Errors  Last Runtime    Last Run               Last # of DB Queries
---------------------------------------------  -----  ---------  --------  ----------  --------------  -------------------  ----------------------
/opt/airflow/dags/load_kalimantan_postgres.py                           1           0  0.10s           2026-09-22T03:19:44                      12
================================================================================
[2026-09-22T03:20:35.571+0000] {manager.py:997} INFO - 
================================================================================
DAG File Processing Stats

File Path                                      PID    Runtime      # DAGs    # Errors  Last Runtime    Last Run               Last # of DB Queries
---------------------------------------------  -----  ---------  --------  ----------  --------------  -------------------  ----------------------
/opt/airflow/dags/load_kalimantan_postgres.py                           1           0  0.17s           2026-09-22T03:20:14                      12
================================================================================
[2026-09-22T03:21:01.955+0000] {manager.py:821} INFO - Searching for files in /opt/airflow/dags
[2026-09-22T03:21:01.962+0000] {manager.py:824} INFO - There are 1 files in /opt/airflow/dags
[2026-09-22T03:21:06.012+0000] {manager.py:997} INFO - 
================================================================================
DAG File Processing Stats

File Path                                      PID    Runtime      # DAGs    # Errors  Last Runtime    Last Run               Last # of DB Queries
---------------------------------------------  -----  ---------  --------  ----------  --------------  -------------------  ----------------------
/opt/airflow/dags/load_kalimantan_postgres.py                           1           0  0.18s           2026-09-22T03:20:44                      12
================================================================================
[2026-09-22T03:21:36.379+0000] {manager.py:997} INFO - 
================================================================================
DAG File Processing Stats

File Path                                      PID    Runtime      # DAGs    # Errors  Last Runtime    Last Run               Last # of DB Queries
---------------------------------------------  -----  ---------  --------  ----------  --------------  -------------------  ----------------------
/opt/airflow/dags/load_kalimantan_postgres.py                           1           0  0.13s           2026-09-22T03:21:15                      12
================================================================================
[2026-09-22T03:22:06.825+0000] {manager.py:997} INFO - 
================================================================================
DAG File Processing Stats

File Path                                      PID    Runtime      # DAGs    # Errors  Last Runtime    Last Run               Last # of DB Queries
---------------------------------------------  -----  ---------  --------  ----------  --------------  -------------------  ----------------------
/opt/airflow/dags/load_kalimantan_postgres.py                           1           0  0.20s           2026-09-22T03:21:45                      12
================================================================================
[2026-09-22T03:22:37.255+0000] {manager.py:997} INFO - 
================================================================================
DAG File Processing Stats

File Path                                      PID    Runtime      # DAGs    # Errors  Last Runtime    Last Run               Last # of DB Queries
---------------------------------------------  -----  ---------  --------  ----------  --------------  -------------------  ----------------------
/opt/airflow/dags/load_kalimantan_postgres.py                           1           0  0.10s           2026-09-22T03:22:16                      12
================================================================================
[2026-09-22T03:23:07.680+0000] {manager.py:997} INFO - 
================================================================================
DAG File Processing Stats

File Path                                      PID    Runtime      # DAGs    # Errors  Last Runtime    Last Run               Last # of DB Queries
---------------------------------------------  -----  ---------  --------  ----------  --------------  -------------------  ----------------------
/opt/airflow/dags/load_kalimantan_postgres.py                           1           0  0.25s           2026-09-22T03:22:46                      12
================================================================================
[2026-09-22T03:23:38.222+0000] {manager.py:997} INFO - 
================================================================================
DAG File Processing Stats

File Path                                      PID    Runtime      # DAGs    # Errors  Last Runtime    Last Run               Last # of DB Queries
---------------------------------------------  -----  ---------  --------  ----------  --------------  -------------------  ----------------------
/opt/airflow/dags/load_kalimantan_postgres.py                           1           0  0.17s           2026-09-22T03:23:16                      12
================================================================================
[2026-09-22T03:24:08.579+0000] {manager.py:997} INFO - 
================================================================================
DAG File Processing Stats

File Path                                      PID    Runtime      # DAGs    # Errors  Last Runtime    Last Run               Last # of DB Queries
---------------------------------------------  -----  ---------  --------  ----------  --------------  -------------------  ----------------------
/opt/airflow/dags/load_kalimantan_postgres.py                           1           0  0.16s           2026-09-22T03:23:47                      12
================================================================================
[2026-09-22T03:24:39.029+0000] {manager.py:997} INFO - 
================================================================================
DAG File Processing Stats

File Path                                      PID    Runtime      # DAGs    # Errors  Last Runtime    Last Run               Last # of DB Queries
---------------------------------------------  -----  ---------  --------  ----------  --------------  -------------------  ----------------------
/opt/airflow/dags/load_kalimantan_postgres.py                           1           0  0.14s           2026-09-22T03:24:17                      12
================================================================================
[2026-09-22T03:25:09.381+0000] {manager.py:997} INFO - 
================================================================================
DAG File Processing Stats

File Path                                      PID    Runtime      # DAGs    # Errors  Last Runtime    Last Run               Last # of DB Queries
---------------------------------------------  -----  ---------  --------  ----------  --------------  -------------------  ----------------------
/opt/airflow/dags/load_kalimantan_postgres.py                           1           0  0.12s           2026-09-22T03:24:48                      12
================================================================================
[2026-09-22T03:25:39.807+0000] {manager.py:997} INFO - 
================================================================================
DAG File Processing Stats

File Path                                      PID    Runtime      # DAGs    # Errors  Last Runtime    Last Run               Last # of DB Queries
---------------------------------------------  -----  ---------  --------  ----------  --------------  -------------------  ----------------------
/opt/airflow/dags/load_kalimantan_postgres.py                           1           0  0.11s           2026-09-22T03:25:18                      12
================================================================================
[2026-09-22T03:26:02.091+0000] {manager.py:821} INFO - Searching for files in /opt/airflow/dags
[2026-09-22T03:26:02.103+0000] {manager.py:824} INFO - There are 2 files in /opt/airflow/dags
[2026-09-22T03:26:10.301+0000] {manager.py:997} INFO - 
================================================================================
DAG File Processing Stats

File Path                                      PID    Runtime      # DAGs    # Errors  Last Runtime    Last Run               Last # of DB Queries
---------------------------------------------  -----  ---------  --------  ----------  --------------  -------------------  ----------------------
/opt/airflow/dags/load_kalimantan_postgres.py                           1           0  0.17s           2026-09-22T03:25:49                      12
/opt/airflow/dags/load_kalimantan_mysql.py                              1           0  0.16s           2026-09-22T03:26:02                      45
================================================================================
[2026-09-22T03:26:40.818+0000] {manager.py:997} INFO - 
================================================================================
DAG File Processing Stats

File Path                                      PID    Runtime      # DAGs    # Errors  Last Runtime    Last Run               Last # of DB Queries
---------------------------------------------  -----  ---------  --------  ----------  --------------  -------------------  ----------------------
/opt/airflow/dags/load_kalimantan_postgres.py                           1           0  0.16s           2026-09-22T03:26:19                      12
/opt/airflow/dags/load_kalimantan_mysql.py                              1           0  0.11s           2026-09-22T03:26:32                      12
================================================================================
[2026-09-22T03:27:11.231+0000] {manager.py:997} INFO - 
================================================================================
DAG File Processing Stats

File Path                                      PID    Runtime      # DAGs    # Errors  Last Runtime    Last Run               Last # of DB Queries
---------------------------------------------  -----  ---------  --------  ----------  --------------  -------------------  ----------------------
/opt/airflow/dags/load_kalimantan_postgres.py                           1           0  0.10s           2026-09-22T03:26:50                      12
/opt/airflow/dags/load_kalimantan_mysql.py                              1           0  0.10s           2026-09-22T03:27:03                      12
================================================================================
[2026-09-22T03:27:41.650+0000] {manager.py:997} INFO - 
================================================================================
DAG File Processing Stats

File Path                                      PID    Runtime      # DAGs    # Errors  Last Runtime    Last Run               Last # of DB Queries
---------------------------------------------  -----  ---------  --------  ----------  --------------  -------------------  ----------------------
/opt/airflow/dags/load_kalimantan_postgres.py                           1           0  0.10s           2026-09-22T03:27:20                      12
/opt/airflow/dags/load_kalimantan_mysql.py                              1           0  0.10s           2026-09-22T03:27:33                      12
================================================================================
[2026-09-22T03:28:12.131+0000] {manager.py:997} INFO - 
================================================================================
DAG File Processing Stats

File Path                                      PID    Runtime      # DAGs    # Errors  Last Runtime    Last Run               Last # of DB Queries
---------------------------------------------  -----  ---------  --------  ----------  --------------  -------------------  ----------------------
/opt/airflow/dags/load_kalimantan_postgres.py                           1           0  0.13s           2026-09-22T03:27:50                      12
/opt/airflow/dags/load_kalimantan_mysql.py                              1           0  0.11s           2026-09-22T03:28:04                      12
================================================================================
[2026-09-22T03:28:42.539+0000] {manager.py:997} INFO - 
================================================================================
DAG File Processing Stats

File Path                                      PID    Runtime      # DAGs    # Errors  Last Runtime    Last Run               Last # of DB Queries
---------------------------------------------  -----  ---------  --------  ----------  --------------  -------------------  ----------------------
/opt/airflow/dags/load_kalimantan_mysql.py                              1           0  0.10s           2026-09-22T03:28:34                      12
/opt/airflow/dags/load_kalimantan_postgres.py                           1           0  0.08s           2026-09-22T03:28:21                      12
================================================================================
[2026-09-22T03:29:13.075+0000] {manager.py:997} INFO - 
================================================================================
DAG File Processing Stats

File Path                                      PID    Runtime      # DAGs    # Errors  Last Runtime    Last Run               Last # of DB Queries
---------------------------------------------  -----  ---------  --------  ----------  --------------  -------------------  ----------------------
/opt/airflow/dags/load_kalimantan_postgres.py                           1           0  0.19s           2026-09-22T03:28:51                      12
/opt/airflow/dags/load_kalimantan_mysql.py                              1           0  0.18s           2026-09-22T03:29:05                      12
================================================================================
[2026-09-22T03:29:43.496+0000] {manager.py:997} INFO - 
================================================================================
DAG File Processing Stats

File Path                                      PID    Runtime      # DAGs    # Errors  Last Runtime    Last Run               Last # of DB Queries
---------------------------------------------  -----  ---------  --------  ----------  --------------  -------------------  ----------------------
/opt/airflow/dags/load_kalimantan_mysql.py                              1           0  0.15s           2026-09-22T03:29:35                      12
/opt/airflow/dags/load_kalimantan_postgres.py                           1           0  0.11s           2026-09-22T03:29:22                      12
================================================================================
[2026-09-22T03:30:13.837+0000] {manager.py:997} INFO - 
================================================================================
DAG File Processing Stats

File Path                                      PID    Runtime      # DAGs    # Errors  Last Runtime    Last Run               Last # of DB Queries
---------------------------------------------  -----  ---------  --------  ----------  --------------  -------------------  ----------------------
/opt/airflow/dags/load_kalimantan_postgres.py                           1           0  0.18s           2026-09-22T03:29:52                      12
/opt/airflow/dags/load_kalimantan_mysql.py                              1           0  0.13s           2026-09-22T03:30:05                      12
================================================================================
[2026-09-22T03:30:44.211+0000] {manager.py:997} INFO - 
================================================================================
DAG File Processing Stats

File Path                                      PID    Runtime      # DAGs    # Errors  Last Runtime    Last Run               Last # of DB Queries
---------------------------------------------  -----  ---------  --------  ----------  --------------  -------------------  ----------------------
/opt/airflow/dags/load_kalimantan_mysql.py                              1           0  0.10s           2026-09-22T03:30:36                      12
/opt/airflow/dags/load_kalimantan_postgres.py                           1           0  0.09s           2026-09-22T03:30:23                      12
================================================================================
[2026-09-22T03:31:02.457+0000] {manager.py:821} INFO - Searching for files in /opt/airflow/dags
[2026-09-22T03:31:02.470+0000] {manager.py:824} INFO - There are 2 files in /opt/airflow/dags
[2026-09-22T03:31:14.682+0000] {manager.py:997} INFO - 
================================================================================
DAG File Processing Stats

File Path                                      PID    Runtime      # DAGs    # Errors  Last Runtime    Last Run               Last # of DB Queries
---------------------------------------------  -----  ---------  --------  ----------  --------------  -------------------  ----------------------
/opt/airflow/dags/load_kalimantan_postgres.py                           1           0  0.14s           2026-09-22T03:30:53                      12
/opt/airflow/dags/load_kalimantan_mysql.py                              1           0  0.10s           2026-09-22T03:31:06                      12
================================================================================
[2026-09-22T03:31:45.082+0000] {manager.py:997} INFO - 
================================================================================
DAG File Processing Stats

File Path                                      PID    Runtime      # DAGs    # Errors  Last Runtime    Last Run               Last # of DB Queries
---------------------------------------------  -----  ---------  --------  ----------  --------------  -------------------  ----------------------
/opt/airflow/dags/load_kalimantan_postgres.py                           1           0  0.13s           2026-09-22T03:31:23                      12
/opt/airflow/dags/load_kalimantan_mysql.py                              1           0  0.11s           2026-09-22T03:31:37                      12
================================================================================
[2026-09-22T03:32:15.516+0000] {manager.py:997} INFO - 
================================================================================
DAG File Processing Stats

File Path                                      PID    Runtime      # DAGs    # Errors  Last Runtime    Last Run               Last # of DB Queries
---------------------------------------------  -----  ---------  --------  ----------  --------------  -------------------  ----------------------
/opt/airflow/dags/load_kalimantan_postgres.py                           1           0  0.23s           2026-09-22T03:31:54                      12
/opt/airflow/dags/load_kalimantan_mysql.py                              1           0  0.15s           2026-09-22T03:32:07                      12
================================================================================
[2026-09-22T03:32:45.928+0000] {manager.py:997} INFO - 
================================================================================
DAG File Processing Stats

File Path                                      PID    Runtime      # DAGs    # Errors  Last Runtime    Last Run               Last # of DB Queries
---------------------------------------------  -----  ---------  --------  ----------  --------------  -------------------  ----------------------
/opt/airflow/dags/load_kalimantan_mysql.py                              1           0  0.13s           2026-09-22T03:32:37                      12
/opt/airflow/dags/load_kalimantan_postgres.py                           1           0  0.10s           2026-09-22T03:32:24                      12
================================================================================
[2026-09-22T03:33:16.365+0000] {manager.py:997} INFO - 
================================================================================
DAG File Processing Stats

File Path                                      PID    Runtime      # DAGs    # Errors  Last Runtime    Last Run               Last # of DB Queries
---------------------------------------------  -----  ---------  --------  ----------  --------------  -------------------  ----------------------
/opt/airflow/dags/load_kalimantan_postgres.py                           1           0  0.12s           2026-09-22T03:32:55                      12
/opt/airflow/dags/load_kalimantan_mysql.py                              1           0  0.12s           2026-09-22T03:33:08                      12
================================================================================
[2026-09-22T03:33:46.776+0000] {manager.py:997} INFO - 
================================================================================
DAG File Processing Stats

File Path                                      PID    Runtime      # DAGs    # Errors  Last Runtime    Last Run               Last # of DB Queries
---------------------------------------------  -----  ---------  --------  ----------  --------------  -------------------  ----------------------
/opt/airflow/dags/load_kalimantan_mysql.py                              1           0  0.10s           2026-09-22T03:33:38                      12
/opt/airflow/dags/load_kalimantan_postgres.py                           1           0  0.10s           2026-09-22T03:33:25                      12
================================================================================
[2026-09-22T03:34:17.277+0000] {manager.py:997} INFO - 
================================================================================
DAG File Processing Stats

File Path                                      PID    Runtime      # DAGs    # Errors  Last Runtime    Last Run               Last # of DB Queries
---------------------------------------------  -----  ---------  --------  ----------  --------------  -------------------  ----------------------
/opt/airflow/dags/load_kalimantan_postgres.py                           1           0  0.18s           2026-09-22T03:33:56                      12
/opt/airflow/dags/load_kalimantan_mysql.py                              1           0  0.10s           2026-09-22T03:34:09                      12
================================================================================
[2026-09-22T03:34:47.691+0000] {manager.py:997} INFO - 
================================================================================
DAG File Processing Stats

File Path                                      PID    Runtime      # DAGs    # Errors  Last Runtime    Last Run               Last # of DB Queries
---------------------------------------------  -----  ---------  --------  ----------  --------------  -------------------  ----------------------
/opt/airflow/dags/load_kalimantan_mysql.py                              1           0  0.13s           2026-09-22T03:34:39                      12
/opt/airflow/dags/load_kalimantan_postgres.py                           1           0  0.10s           2026-09-22T03:34:26                      12
================================================================================
[2026-09-22T03:35:18.101+0000] {manager.py:997} INFO - 
================================================================================
DAG File Processing Stats

File Path                                      PID    Runtime      # DAGs    # Errors  Last Runtime    Last Run               Last # of DB Queries
---------------------------------------------  -----  ---------  --------  ----------  --------------  -------------------  ----------------------
/opt/airflow/dags/load_kalimantan_mysql.py                              1           0  0.11s           2026-09-22T03:35:10                      12
/opt/airflow/dags/load_kalimantan_postgres.py                           1           0  0.10s           2026-09-22T03:34:56                      12
================================================================================
[2026-09-22T03:35:48.521+0000] {manager.py:997} INFO - 
================================================================================
DAG File Processing Stats

File Path                                      PID    Runtime      # DAGs    # Errors  Last Runtime    Last Run               Last # of DB Queries
---------------------------------------------  -----  ---------  --------  ----------  --------------  -------------------  ----------------------
/opt/airflow/dags/load_kalimantan_postgres.py                           1           0  0.19s           2026-09-22T03:35:27                      12
/opt/airflow/dags/load_kalimantan_mysql.py                              1           0  0.10s           2026-09-22T03:35:40                      12
================================================================================
[2026-09-22T03:36:02.769+0000] {manager.py:821} INFO - Searching for files in /opt/airflow/dags
[2026-09-22T03:36:02.778+0000] {manager.py:824} INFO - There are 2 files in /opt/airflow/dags
[2026-09-22T03:36:18.986+0000] {manager.py:997} INFO - 
================================================================================
DAG File Processing Stats

File Path                                      PID    Runtime      # DAGs    # Errors  Last Runtime    Last Run               Last # of DB Queries
---------------------------------------------  -----  ---------  --------  ----------  --------------  -------------------  ----------------------
/opt/airflow/dags/load_kalimantan_postgres.py                           1           0  0.13s           2026-09-22T03:35:57                      12
/opt/airflow/dags/load_kalimantan_mysql.py                              1           0  0.12s           2026-09-22T03:36:10                      12
================================================================================
[2026-09-22T03:36:49.473+0000] {manager.py:997} INFO - 
================================================================================
DAG File Processing Stats

File Path                                      PID    Runtime      # DAGs    # Errors  Last Runtime    Last Run               Last # of DB Queries
---------------------------------------------  -----  ---------  --------  ----------  --------------  -------------------  ----------------------
/opt/airflow/dags/load_kalimantan_postgres.py                           1           0  0.18s           2026-09-22T03:36:28                      12
/opt/airflow/dags/load_kalimantan_mysql.py                              1           0  0.11s           2026-09-22T03:36:41                      12
================================================================================
[2026-09-22T03:37:20.026+0000] {manager.py:997} INFO - 
================================================================================
DAG File Processing Stats

File Path                                      PID    Runtime      # DAGs    # Errors  Last Runtime    Last Run               Last # of DB Queries
---------------------------------------------  -----  ---------  --------  ----------  --------------  -------------------  ----------------------
/opt/airflow/dags/load_kalimantan_postgres.py                           1           0  0.18s           2026-09-22T03:36:58                      12
/opt/airflow/dags/load_kalimantan_mysql.py                              1           0  0.13s           2026-09-22T03:37:11                      12
================================================================================
[2026-09-22T03:37:50.575+0000] {manager.py:997} INFO - 
================================================================================
DAG File Processing Stats

File Path                                      PID    Runtime      # DAGs    # Errors  Last Runtime    Last Run               Last # of DB Queries
---------------------------------------------  -----  ---------  --------  ----------  --------------  -------------------  ----------------------
/opt/airflow/dags/load_kalimantan_postgres.py                           1           0  0.17s           2026-09-22T03:37:29                      12
/opt/airflow/dags/load_kalimantan_mysql.py                              1           0  0.15s           2026-09-22T03:37:42                      12
================================================================================
[2026-09-22T03:38:21.012+0000] {manager.py:997} INFO - 
================================================================================
DAG File Processing Stats

File Path                                      PID    Runtime      # DAGs    # Errors  Last Runtime    Last Run               Last # of DB Queries
---------------------------------------------  -----  ---------  --------  ----------  --------------  -------------------  ----------------------
/opt/airflow/dags/load_kalimantan_mysql.py                              1           0  0.11s           2026-09-22T03:38:12                      12
/opt/airflow/dags/load_kalimantan_postgres.py                           1           0  0.11s           2026-09-22T03:37:59                      12
================================================================================
[2026-09-22T03:38:51.465+0000] {manager.py:997} INFO - 
================================================================================
DAG File Processing Stats

File Path                                      PID    Runtime      # DAGs    # Errors  Last Runtime    Last Run               Last # of DB Queries
---------------------------------------------  -----  ---------  --------  ----------  --------------  -------------------  ----------------------
/opt/airflow/dags/load_kalimantan_mysql.py                              1           0  0.17s           2026-09-22T03:38:43                      12
/opt/airflow/dags/load_kalimantan_postgres.py                           1           0  0.10s           2026-09-22T03:38:30                      12
================================================================================
[2026-09-22T03:39:21.915+0000] {manager.py:997} INFO - 
================================================================================
DAG File Processing Stats

File Path                                      PID    Runtime      # DAGs    # Errors  Last Runtime    Last Run               Last # of DB Queries
---------------------------------------------  -----  ---------  --------  ----------  --------------  -------------------  ----------------------
/opt/airflow/dags/load_kalimantan_postgres.py                           1           0  0.14s           2026-09-22T03:39:00                      12
/opt/airflow/dags/load_kalimantan_mysql.py                              1           0  0.10s           2026-09-22T03:39:13                      12
================================================================================
[2026-09-22T03:39:52.380+0000] {manager.py:997} INFO - 
================================================================================
DAG File Processing Stats

File Path                                      PID    Runtime      # DAGs    # Errors  Last Runtime    Last Run               Last # of DB Queries
---------------------------------------------  -----  ---------  --------  ----------  --------------  -------------------  ----------------------
/opt/airflow/dags/load_kalimantan_mysql.py                              1           0  0.14s           2026-09-22T03:39:44                      12
/opt/airflow/dags/load_kalimantan_postgres.py                           1           0  0.11s           2026-09-22T03:39:31                      12
================================================================================
[2026-09-22T03:40:22.822+0000] {manager.py:997} INFO - 
================================================================================
DAG File Processing Stats

File Path                                      PID    Runtime      # DAGs    # Errors  Last Runtime    Last Run               Last # of DB Queries
---------------------------------------------  -----  ---------  --------  ----------  --------------  -------------------  ----------------------
/opt/airflow/dags/load_kalimantan_mysql.py                              1           0  0.13s           2026-09-22T03:40:14                      12
/opt/airflow/dags/load_kalimantan_postgres.py                           1           0  0.08s           2026-09-22T03:40:01                      12
================================================================================
[2026-09-22T03:40:53.221+0000] {manager.py:997} INFO - 
================================================================================
DAG File Processing Stats

File Path                                      PID    Runtime      # DAGs    # Errors  Last Runtime    Last Run               Last # of DB Queries
---------------------------------------------  -----  ---------  --------  ----------  --------------  -------------------  ----------------------
/opt/airflow/dags/load_kalimantan_mysql.py                              1           0  0.10s           2026-09-22T03:40:45                      12
/opt/airflow/dags/load_kalimantan_postgres.py                           1           0  0.09s           2026-09-22T03:40:32                      12
================================================================================
[2026-09-22T03:41:03.405+0000] {manager.py:821} INFO - Searching for files in /opt/airflow/dags
[2026-09-22T03:41:03.412+0000] {manager.py:824} INFO - There are 2 files in /opt/airflow/dags
[2026-09-22T03:41:23.645+0000] {manager.py:997} INFO - 
================================================================================
DAG File Processing Stats

File Path                                      PID    Runtime      # DAGs    # Errors  Last Runtime    Last Run               Last # of DB Queries
---------------------------------------------  -----  ---------  --------  ----------  --------------  -------------------  ----------------------
/opt/airflow/dags/load_kalimantan_postgres.py                           1           0  0.12s           2026-09-22T03:41:02                      12
/opt/airflow/dags/load_kalimantan_mysql.py                              1           0  0.10s           2026-09-22T03:41:15                      12
================================================================================
[2026-09-22T03:41:54.086+0000] {manager.py:997} INFO - 
================================================================================
DAG File Processing Stats

File Path                                      PID    Runtime      # DAGs    # Errors  Last Runtime    Last Run               Last # of DB Queries
---------------------------------------------  -----  ---------  --------  ----------  --------------  -------------------  ----------------------
/opt/airflow/dags/load_kalimantan_mysql.py                              1           0  0.14s           2026-09-22T03:41:46                      12
/opt/airflow/dags/load_kalimantan_postgres.py                           1           0  0.10s           2026-09-22T03:41:32                      12
================================================================================
[2026-09-22T03:42:24.521+0000] {manager.py:997} INFO - 
================================================================================
DAG File Processing Stats

File Path                                      PID    Runtime      # DAGs    # Errors  Last Runtime    Last Run               Last # of DB Queries
---------------------------------------------  -----  ---------  --------  ----------  --------------  -------------------  ----------------------
/opt/airflow/dags/load_kalimantan_mysql.py                              1           0  0.12s           2026-09-22T03:42:16                      12
/opt/airflow/dags/load_kalimantan_postgres.py                           1           0  0.11s           2026-09-22T03:42:03                      12
================================================================================
[2026-09-22T03:42:54.980+0000] {manager.py:997} INFO - 
================================================================================
DAG File Processing Stats

File Path                                      PID    Runtime      # DAGs    # Errors  Last Runtime    Last Run               Last # of DB Queries
---------------------------------------------  -----  ---------  --------  ----------  --------------  -------------------  ----------------------
/opt/airflow/dags/load_kalimantan_mysql.py                              1           0  0.12s           2026-09-22T03:42:46                      12
/opt/airflow/dags/load_kalimantan_postgres.py                           1           0  0.09s           2026-09-22T03:42:33                      12
================================================================================
[2026-09-22T03:43:25.419+0000] {manager.py:997} INFO - 
================================================================================
DAG File Processing Stats

File Path                                      PID    Runtime      # DAGs    # Errors  Last Runtime    Last Run               Last # of DB Queries
---------------------------------------------  -----  ---------  --------  ----------  --------------  -------------------  ----------------------
/opt/airflow/dags/load_kalimantan_postgres.py                           1           0  0.12s           2026-09-22T03:43:04                      12
/opt/airflow/dags/load_kalimantan_mysql.py                              1           0  0.10s           2026-09-22T03:43:17                      12
================================================================================
[2026-09-22T03:43:55.883+0000] {manager.py:997} INFO - 
================================================================================
DAG File Processing Stats

File Path                                      PID    Runtime      # DAGs    # Errors  Last Runtime    Last Run               Last # of DB Queries
---------------------------------------------  -----  ---------  --------  ----------  --------------  -------------------  ----------------------
/opt/airflow/dags/load_kalimantan_mysql.py                              1           0  0.13s           2026-09-22T03:43:47                      12
/opt/airflow/dags/load_kalimantan_postgres.py                           1           0  0.11s           2026-09-22T03:43:34                      12
================================================================================
[2026-09-22T03:44:26.426+0000] {manager.py:997} INFO - 
================================================================================
DAG File Processing Stats

File Path                                      PID    Runtime      # DAGs    # Errors  Last Runtime    Last Run               Last # of DB Queries
---------------------------------------------  -----  ---------  --------  ----------  --------------  -------------------  ----------------------
/opt/airflow/dags/load_kalimantan_postgres.py                           1           0  0.17s           2026-09-22T03:44:05                      12
/opt/airflow/dags/load_kalimantan_mysql.py                              1           0  0.10s           2026-09-22T03:44:18                      12
================================================================================
[2026-09-22T03:44:56.909+0000] {manager.py:997} INFO - 
================================================================================
DAG File Processing Stats

File Path                                      PID    Runtime      # DAGs    # Errors  Last Runtime    Last Run               Last # of DB Queries
---------------------------------------------  -----  ---------  --------  ----------  --------------  -------------------  ----------------------
/opt/airflow/dags/load_kalimantan_mysql.py                              1           0  0.28s           2026-09-22T03:44:49                      12
/opt/airflow/dags/load_kalimantan_postgres.py                           1           0  0.13s           2026-09-22T03:44:35                      12
================================================================================
[2026-09-22T03:45:27.512+0000] {manager.py:997} INFO - 
================================================================================
DAG File Processing Stats

File Path                                      PID    Runtime      # DAGs    # Errors  Last Runtime    Last Run               Last # of DB Queries
---------------------------------------------  -----  ---------  --------  ----------  --------------  -------------------  ----------------------
/opt/airflow/dags/load_kalimantan_mysql.py                              1           0  0.19s           2026-09-22T03:45:19                      12
/opt/airflow/dags/load_kalimantan_postgres.py                           1           0  0.19s           2026-09-22T03:45:06                      12
================================================================================
[2026-09-22T03:45:57.992+0000] {manager.py:997} INFO - 
================================================================================
DAG File Processing Stats

File Path                                      PID    Runtime      # DAGs    # Errors  Last Runtime    Last Run               Last # of DB Queries
---------------------------------------------  -----  ---------  --------  ----------  --------------  -------------------  ----------------------
/opt/airflow/dags/load_kalimantan_postgres.py                           1           0  0.17s           2026-09-22T03:45:36                      12
/opt/airflow/dags/load_kalimantan_mysql.py                              1           0  0.08s           2026-09-22T03:45:49                      12
================================================================================
[2026-09-22T03:46:04.068+0000] {manager.py:821} INFO - Searching for files in /opt/airflow/dags
[2026-09-22T03:46:04.077+0000] {manager.py:824} INFO - There are 2 files in /opt/airflow/dags
[2026-09-22T03:46:28.544+0000] {manager.py:997} INFO - 
================================================================================
DAG File Processing Stats

File Path                                      PID    Runtime      # DAGs    # Errors  Last Runtime    Last Run               Last # of DB Queries
---------------------------------------------  -----  ---------  --------  ----------  --------------  -------------------  ----------------------
/opt/airflow/dags/load_kalimantan_postgres.py                           1           0  0.17s           2026-09-22T03:46:07                      12
/opt/airflow/dags/load_kalimantan_mysql.py                              1           0  0.10s           2026-09-22T03:46:20                      12
================================================================================
[2026-09-22T03:46:58.987+0000] {manager.py:997} INFO - 
================================================================================
DAG File Processing Stats

File Path                                      PID    Runtime      # DAGs    # Errors  Last Runtime    Last Run               Last # of DB Queries
---------------------------------------------  -----  ---------  --------  ----------  --------------  -------------------  ----------------------
/opt/airflow/dags/load_kalimantan_postgres.py                           1           0  0.13s           2026-09-22T03:46:37                      12
/opt/airflow/dags/load_kalimantan_mysql.py                              1           0  0.10s           2026-09-22T03:46:50                      12
================================================================================
[2026-09-22T03:47:29.452+0000] {manager.py:997} INFO - 
================================================================================
DAG File Processing Stats

File Path                                      PID    Runtime      # DAGs    # Errors  Last Runtime    Last Run               Last # of DB Queries
---------------------------------------------  -----  ---------  --------  ----------  --------------  -------------------  ----------------------
/opt/airflow/dags/load_kalimantan_postgres.py                           1           0  0.14s           2026-09-22T03:47:08                      12
/opt/airflow/dags/load_kalimantan_mysql.py                              1           0  0.12s           2026-09-22T03:47:21                      12
================================================================================
[2026-09-22T03:47:59.877+0000] {manager.py:997} INFO - 
================================================================================
DAG File Processing Stats

File Path                                      PID    Runtime      # DAGs    # Errors  Last Runtime    Last Run               Last # of DB Queries
---------------------------------------------  -----  ---------  --------  ----------  --------------  -------------------  ----------------------
/opt/airflow/dags/load_kalimantan_postgres.py                           1           0  0.23s           2026-09-22T03:47:38                      12
/opt/airflow/dags/load_kalimantan_mysql.py                              1           0  0.11s           2026-09-22T03:47:51                      12
================================================================================
[2026-09-22T03:48:30.376+0000] {manager.py:997} INFO - 
================================================================================
DAG File Processing Stats

File Path                                      PID    Runtime      # DAGs    # Errors  Last Runtime    Last Run               Last # of DB Queries
---------------------------------------------  -----  ---------  --------  ----------  --------------  -------------------  ----------------------
/opt/airflow/dags/load_kalimantan_postgres.py                           1           0  0.18s           2026-09-22T03:48:09                      12
/opt/airflow/dags/load_kalimantan_mysql.py                              1           0  0.11s           2026-09-22T03:48:22                      12
================================================================================
[2026-09-22T03:49:00.815+0000] {manager.py:997} INFO - 
================================================================================
DAG File Processing Stats

File Path                                      PID    Runtime      # DAGs    # Errors  Last Runtime    Last Run               Last # of DB Queries
---------------------------------------------  -----  ---------  --------  ----------  --------------  -------------------  ----------------------
/opt/airflow/dags/load_kalimantan_postgres.py                           1           0  0.12s           2026-09-22T03:48:39                      12
/opt/airflow/dags/load_kalimantan_mysql.py                              1           0  0.10s           2026-09-22T03:48:52                      12
================================================================================
[2026-09-22T03:49:31.213+0000] {manager.py:997} INFO - 
================================================================================
DAG File Processing Stats

File Path                                      PID    Runtime      # DAGs    # Errors  Last Runtime    Last Run               Last # of DB Queries
---------------------------------------------  -----  ---------  --------  ----------  --------------  -------------------  ----------------------
/opt/airflow/dags/load_kalimantan_postgres.py                           1           0  0.14s           2026-09-22T03:49:10                      12
/opt/airflow/dags/load_kalimantan_mysql.py                              1           0  0.10s           2026-09-22T03:49:23                      12
================================================================================
[2026-09-22T03:50:01.675+0000] {manager.py:997} INFO - 
================================================================================
DAG File Processing Stats

File Path                                      PID    Runtime      # DAGs    # Errors  Last Runtime    Last Run               Last # of DB Queries
---------------------------------------------  -----  ---------  --------  ----------  --------------  -------------------  ----------------------
/opt/airflow/dags/load_kalimantan_mysql.py                              1           0  0.13s           2026-09-22T03:49:53                      12
/opt/airflow/dags/load_kalimantan_postgres.py                           1           0  0.09s           2026-09-22T03:49:40                      12
================================================================================
[2026-09-22T03:50:32.126+0000] {manager.py:997} INFO - 
================================================================================
DAG File Processing Stats

File Path                                      PID    Runtime      # DAGs    # Errors  Last Runtime    Last Run               Last # of DB Queries
---------------------------------------------  -----  ---------  --------  ----------  --------------  -------------------  ----------------------
/opt/airflow/dags/load_kalimantan_mysql.py                              1           0  0.10s           2026-09-22T03:50:24                      12
/opt/airflow/dags/load_kalimantan_postgres.py                           1           0  0.10s           2026-09-22T03:50:10                      12
================================================================================
[2026-09-22T03:51:02.499+0000] {manager.py:997} INFO - 
================================================================================
DAG File Processing Stats

File Path                                      PID    Runtime      # DAGs    # Errors  Last Runtime    Last Run               Last # of DB Queries
---------------------------------------------  -----  ---------  --------  ----------  --------------  -------------------  ----------------------
/opt/airflow/dags/load_kalimantan_mysql.py                              1           0  0.11s           2026-09-22T03:50:54                      12
/opt/airflow/dags/load_kalimantan_postgres.py                           1           0  0.09s           2026-09-22T03:50:41                      12
================================================================================
[2026-09-22T03:51:04.526+0000] {manager.py:821} INFO - Searching for files in /opt/airflow/dags
[2026-09-22T03:51:04.535+0000] {manager.py:824} INFO - There are 2 files in /opt/airflow/dags
[2026-09-22T03:51:33.227+0000] {manager.py:997} INFO - 
================================================================================
DAG File Processing Stats

File Path                                      PID    Runtime      # DAGs    # Errors  Last Runtime    Last Run               Last # of DB Queries
---------------------------------------------  -----  ---------  --------  ----------  --------------  -------------------  ----------------------
/opt/airflow/dags/load_kalimantan_postgres.py                           1           0  0.34s           2026-09-22T03:51:12                      12
/opt/airflow/dags/load_kalimantan_mysql.py                              1           0  0.18s           2026-09-22T03:51:25                      12
================================================================================
[2026-09-22T03:52:03.670+0000] {manager.py:997} INFO - 
================================================================================
DAG File Processing Stats

File Path                                      PID    Runtime      # DAGs    # Errors  Last Runtime    Last Run               Last # of DB Queries
---------------------------------------------  -----  ---------  --------  ----------  --------------  -------------------  ----------------------
/opt/airflow/dags/load_kalimantan_mysql.py                              1           0  0.12s           2026-09-22T03:51:55                      12
/opt/airflow/dags/load_kalimantan_postgres.py                           1           0  0.11s           2026-09-22T03:51:42                      12
================================================================================
[2026-09-22T03:52:34.095+0000] {manager.py:997} INFO - 
================================================================================
DAG File Processing Stats

File Path                                      PID    Runtime      # DAGs    # Errors  Last Runtime    Last Run               Last # of DB Queries
---------------------------------------------  -----  ---------  --------  ----------  --------------  -------------------  ----------------------
/opt/airflow/dags/load_kalimantan_mysql.py                              1           0  0.10s           2026-09-22T03:52:26                      12
/opt/airflow/dags/load_kalimantan_postgres.py                           1           0  0.08s           2026-09-22T03:52:12                      12
================================================================================
[2026-09-22T03:53:04.492+0000] {manager.py:997} INFO - 
================================================================================
DAG File Processing Stats

File Path                                      PID    Runtime      # DAGs    # Errors  Last Runtime    Last Run               Last # of DB Queries
---------------------------------------------  -----  ---------  --------  ----------  --------------  -------------------  ----------------------
/opt/airflow/dags/load_kalimantan_mysql.py                              1           0  0.12s           2026-09-22T03:52:56                      12
/opt/airflow/dags/load_kalimantan_postgres.py                           1           0  0.10s           2026-09-22T03:52:43                      12
================================================================================
[2026-09-22T03:53:34.890+0000] {manager.py:997} INFO - 
================================================================================
DAG File Processing Stats

File Path                                      PID    Runtime      # DAGs    # Errors  Last Runtime    Last Run               Last # of DB Queries
---------------------------------------------  -----  ---------  --------  ----------  --------------  -------------------  ----------------------
/opt/airflow/dags/load_kalimantan_mysql.py                              1           0  0.13s           2026-09-22T03:53:26                      12
/opt/airflow/dags/load_kalimantan_postgres.py                           1           0  0.10s           2026-09-22T03:53:13                      12
================================================================================
[2026-09-22T03:54:05.333+0000] {manager.py:997} INFO - 
================================================================================
DAG File Processing Stats

File Path                                      PID    Runtime      # DAGs    # Errors  Last Runtime    Last Run               Last # of DB Queries
---------------------------------------------  -----  ---------  --------  ----------  --------------  -------------------  ----------------------
/opt/airflow/dags/load_kalimantan_mysql.py                              1           0  0.15s           2026-09-22T03:53:57                      12
/opt/airflow/dags/load_kalimantan_postgres.py                           1           0  0.11s           2026-09-22T03:53:44                      12
================================================================================
[2026-09-22T03:54:35.733+0000] {manager.py:997} INFO - 
================================================================================
DAG File Processing Stats

File Path                                      PID    Runtime      # DAGs    # Errors  Last Runtime    Last Run               Last # of DB Queries
---------------------------------------------  -----  ---------  --------  ----------  --------------  -------------------  ----------------------
/opt/airflow/dags/load_kalimantan_mysql.py                              1           0  0.09s           2026-09-22T03:54:27                      12
/opt/airflow/dags/load_kalimantan_postgres.py                           1           0  0.09s           2026-09-22T03:54:14                      12
================================================================================
[2026-09-22T03:55:06.169+0000] {manager.py:997} INFO - 
================================================================================
DAG File Processing Stats

File Path                                      PID    Runtime      # DAGs    # Errors  Last Runtime    Last Run               Last # of DB Queries
---------------------------------------------  -----  ---------  --------  ----------  --------------  -------------------  ----------------------
/opt/airflow/dags/load_kalimantan_postgres.py                           1           0  0.12s           2026-09-22T03:54:44                      12
/opt/airflow/dags/load_kalimantan_mysql.py                              1           0  0.10s           2026-09-22T03:54:58                      12
================================================================================
[2026-09-22T03:55:36.602+0000] {manager.py:997} INFO - 
================================================================================
DAG File Processing Stats

File Path                                      PID    Runtime      # DAGs    # Errors  Last Runtime    Last Run               Last # of DB Queries
---------------------------------------------  -----  ---------  --------  ----------  --------------  -------------------  ----------------------
/opt/airflow/dags/load_kalimantan_postgres.py                           1           0  0.10s           2026-09-22T03:55:15                      12
/opt/airflow/dags/load_kalimantan_mysql.py                              1           0  0.10s           2026-09-22T03:55:28                      12
================================================================================
[2026-09-22T03:56:05.007+0000] {manager.py:821} INFO - Searching for files in /opt/airflow/dags
[2026-09-22T03:56:05.015+0000] {manager.py:824} INFO - There are 2 files in /opt/airflow/dags
[2026-09-22T03:56:07.054+0000] {manager.py:997} INFO - 
================================================================================
DAG File Processing Stats

File Path                                      PID    Runtime      # DAGs    # Errors  Last Runtime    Last Run               Last # of DB Queries
---------------------------------------------  -----  ---------  --------  ----------  --------------  -------------------  ----------------------
/opt/airflow/dags/load_kalimantan_postgres.py                           1           0  0.10s           2026-09-22T03:55:45                      12
/opt/airflow/dags/load_kalimantan_mysql.py                              1           0  0.10s           2026-09-22T03:55:58                      12
================================================================================
[2026-09-22T03:56:37.462+0000] {manager.py:997} INFO - 
================================================================================
DAG File Processing Stats

File Path                                      PID    Runtime      # DAGs    # Errors  Last Runtime    Last Run               Last # of DB Queries
---------------------------------------------  -----  ---------  --------  ----------  --------------  -------------------  ----------------------
/opt/airflow/dags/load_kalimantan_mysql.py                              1           0  0.14s           2026-09-22T03:56:29                      12
/opt/airflow/dags/load_kalimantan_postgres.py                           1           0  0.09s           2026-09-22T03:56:16                      12
================================================================================
[2026-09-22T03:57:07.877+0000] {manager.py:997} INFO - 
================================================================================
DAG File Processing Stats

File Path                                      PID    Runtime      # DAGs    # Errors  Last Runtime    Last Run               Last # of DB Queries
---------------------------------------------  -----  ---------  --------  ----------  --------------  -------------------  ----------------------
/opt/airflow/dags/load_kalimantan_postgres.py                           1           0  0.10s           2026-09-22T03:56:46                      12
/opt/airflow/dags/load_kalimantan_mysql.py                              1           0  0.10s           2026-09-22T03:56:59                      12
================================================================================
[2026-09-22T03:57:38.287+0000] {manager.py:997} INFO - 
================================================================================
DAG File Processing Stats

File Path                                      PID    Runtime      # DAGs    # Errors  Last Runtime    Last Run               Last # of DB Queries
---------------------------------------------  -----  ---------  --------  ----------  --------------  -------------------  ----------------------
/opt/airflow/dags/load_kalimantan_mysql.py                              1           0  0.12s           2026-09-22T03:57:30                      12
/opt/airflow/dags/load_kalimantan_postgres.py                           1           0  0.09s           2026-09-22T03:57:17                      12
================================================================================
[2026-09-22T03:58:08.700+0000] {manager.py:997} INFO - 
================================================================================
DAG File Processing Stats

File Path                                      PID    Runtime      # DAGs    # Errors  Last Runtime    Last Run               Last # of DB Queries
---------------------------------------------  -----  ---------  --------  ----------  --------------  -------------------  ----------------------
/opt/airflow/dags/load_kalimantan_mysql.py                              1           0  0.10s           2026-09-22T03:58:00                      12
/opt/airflow/dags/load_kalimantan_postgres.py                           1           0  0.10s           2026-09-22T03:57:47                      12
================================================================================
[2026-09-22T03:58:39.157+0000] {manager.py:997} INFO - 
================================================================================
DAG File Processing Stats

File Path                                      PID    Runtime      # DAGs    # Errors  Last Runtime    Last Run               Last # of DB Queries
---------------------------------------------  -----  ---------  --------  ----------  --------------  -------------------  ----------------------
/opt/airflow/dags/load_kalimantan_mysql.py                              1           0  0.10s           2026-09-22T03:58:31                      12
/opt/airflow/dags/load_kalimantan_postgres.py                           1           0  0.10s           2026-09-22T03:58:17                      12
================================================================================
[2026-09-22T03:59:09.581+0000] {manager.py:997} INFO - 
================================================================================
DAG File Processing Stats

File Path                                      PID    Runtime      # DAGs    # Errors  Last Runtime    Last Run               Last # of DB Queries
---------------------------------------------  -----  ---------  --------  ----------  --------------  -------------------  ----------------------
/opt/airflow/dags/load_kalimantan_mysql.py                              1           0  0.18s           2026-09-22T03:59:01                      12
/opt/airflow/dags/load_kalimantan_postgres.py                           1           0  0.10s           2026-09-22T03:58:48                      12
================================================================================
[2026-09-22T03:59:40.049+0000] {manager.py:997} INFO - 
================================================================================
DAG File Processing Stats

File Path                                      PID    Runtime      # DAGs    # Errors  Last Runtime    Last Run               Last # of DB Queries
---------------------------------------------  -----  ---------  --------  ----------  --------------  -------------------  ----------------------
/opt/airflow/dags/load_kalimantan_postgres.py                           1           0  0.10s           2026-09-22T03:59:18                      12
/opt/airflow/dags/load_kalimantan_mysql.py                              1           0  0.07s           2026-09-22T03:59:32                      12
================================================================================
[2026-09-22T04:00:10.502+0000] {manager.py:997} INFO - 
================================================================================
DAG File Processing Stats

File Path                                      PID    Runtime      # DAGs    # Errors  Last Runtime    Last Run               Last # of DB Queries
---------------------------------------------  -----  ---------  --------  ----------  --------------  -------------------  ----------------------
/opt/airflow/dags/load_kalimantan_mysql.py                              1           0  0.13s           2026-09-22T04:00:02                      12
/opt/airflow/dags/load_kalimantan_postgres.py                           1           0  0.10s           2026-09-22T03:59:49                      12
================================================================================
[2026-09-22T04:00:40.993+0000] {manager.py:997} INFO - 
================================================================================
DAG File Processing Stats

File Path                                      PID    Runtime      # DAGs    # Errors  Last Runtime    Last Run               Last # of DB Queries
---------------------------------------------  -----  ---------  --------  ----------  --------------  -------------------  ----------------------
/opt/airflow/dags/load_kalimantan_mysql.py                              1           0  0.10s           2026-09-22T04:00:32                      12
/opt/airflow/dags/load_kalimantan_postgres.py                           1           0  0.09s           2026-09-22T04:00:19                      12
================================================================================
[2026-09-22T04:01:05.373+0000] {manager.py:821} INFO - Searching for files in /opt/airflow/dags
[2026-09-22T04:01:05.381+0000] {manager.py:824} INFO - There are 2 files in /opt/airflow/dags
[2026-09-22T04:01:11.469+0000] {manager.py:997} INFO - 
================================================================================
DAG File Processing Stats

File Path                                      PID    Runtime      # DAGs    # Errors  Last Runtime    Last Run               Last # of DB Queries
---------------------------------------------  -----  ---------  --------  ----------  --------------  -------------------  ----------------------
/opt/airflow/dags/load_kalimantan_mysql.py                              1           0  0.12s           2026-09-22T04:01:03                      12
/opt/airflow/dags/load_kalimantan_postgres.py                           1           0  0.07s           2026-09-22T04:00:50                      12
================================================================================
[2026-09-22T04:01:41.977+0000] {manager.py:997} INFO - 
================================================================================
DAG File Processing Stats

File Path                                      PID    Runtime      # DAGs    # Errors  Last Runtime    Last Run               Last # of DB Queries
---------------------------------------------  -----  ---------  --------  ----------  --------------  -------------------  ----------------------
/opt/airflow/dags/load_kalimantan_postgres.py                           1           0  0.11s           2026-09-22T04:01:20                      12
/opt/airflow/dags/load_kalimantan_mysql.py                              1           0  0.10s           2026-09-22T04:01:33                      12
================================================================================
[2026-09-22T04:02:12.378+0000] {manager.py:997} INFO - 
================================================================================
DAG File Processing Stats

File Path                                      PID    Runtime      # DAGs    # Errors  Last Runtime    Last Run               Last # of DB Queries
---------------------------------------------  -----  ---------  --------  ----------  --------------  -------------------  ----------------------
/opt/airflow/dags/load_kalimantan_mysql.py                              1           0  0.10s           2026-09-22T04:02:04                      12
/opt/airflow/dags/load_kalimantan_postgres.py                           1           0  0.09s           2026-09-22T04:01:51                      12
================================================================================
[2026-09-22T04:02:42.748+0000] {manager.py:997} INFO - 
================================================================================
DAG File Processing Stats

File Path                                      PID    Runtime      # DAGs    # Errors  Last Runtime    Last Run               Last # of DB Queries
---------------------------------------------  -----  ---------  --------  ----------  --------------  -------------------  ----------------------
/opt/airflow/dags/load_kalimantan_postgres.py                           1           0  0.12s           2026-09-22T04:02:21                      12
/opt/airflow/dags/load_kalimantan_mysql.py                              1           0  0.08s           2026-09-22T04:02:34                      12
================================================================================
[2026-09-22T04:03:13.243+0000] {manager.py:997} INFO - 
================================================================================
DAG File Processing Stats

File Path                                      PID    Runtime      # DAGs    # Errors  Last Runtime    Last Run               Last # of DB Queries
---------------------------------------------  -----  ---------  --------  ----------  --------------  -------------------  ----------------------
/opt/airflow/dags/load_kalimantan_postgres.py                           1           0  0.11s           2026-09-22T04:02:51                      12
/opt/airflow/dags/load_kalimantan_mysql.py                              1           0  0.10s           2026-09-22T04:03:05                      12
================================================================================
[2026-09-22T04:03:43.716+0000] {manager.py:997} INFO - 
================================================================================
DAG File Processing Stats

File Path                                      PID    Runtime      # DAGs    # Errors  Last Runtime    Last Run               Last # of DB Queries
---------------------------------------------  -----  ---------  --------  ----------  --------------  -------------------  ----------------------
/opt/airflow/dags/load_kalimantan_mysql.py                              1           0  0.09s           2026-09-22T04:03:35                      12
/opt/airflow/dags/load_kalimantan_postgres.py                           1           0  0.09s           2026-09-22T04:03:22                      12
================================================================================
[2026-09-22T04:04:14.178+0000] {manager.py:997} INFO - 
================================================================================
DAG File Processing Stats

File Path                                      PID    Runtime      # DAGs    # Errors  Last Runtime    Last Run               Last # of DB Queries
---------------------------------------------  -----  ---------  --------  ----------  --------------  -------------------  ----------------------
/opt/airflow/dags/load_kalimantan_mysql.py                              1           0  0.10s           2026-09-22T04:04:06                      12
/opt/airflow/dags/load_kalimantan_postgres.py                           1           0  0.09s           2026-09-22T04:03:52                      12
================================================================================
[2026-09-22T04:04:44.726+0000] {manager.py:997} INFO - 
================================================================================
DAG File Processing Stats

File Path                                      PID    Runtime      # DAGs    # Errors  Last Runtime    Last Run               Last # of DB Queries
---------------------------------------------  -----  ---------  --------  ----------  --------------  -------------------  ----------------------
/opt/airflow/dags/load_kalimantan_postgres.py                           1           0  0.17s           2026-09-22T04:04:23                      12
/opt/airflow/dags/load_kalimantan_mysql.py                              1           0  0.10s           2026-09-22T04:04:36                      12
================================================================================
[2026-09-22T04:05:15.187+0000] {manager.py:997} INFO - 
================================================================================
DAG File Processing Stats

File Path                                      PID    Runtime      # DAGs    # Errors  Last Runtime    Last Run               Last # of DB Queries
---------------------------------------------  -----  ---------  --------  ----------  --------------  -------------------  ----------------------
/opt/airflow/dags/load_kalimantan_mysql.py                              1           0  0.12s           2026-09-22T04:05:07                      12
/opt/airflow/dags/load_kalimantan_postgres.py                           1           0  0.09s           2026-09-22T04:04:53                      12
================================================================================
[2026-09-22T04:05:45.685+0000] {manager.py:997} INFO - 
================================================================================
DAG File Processing Stats

File Path                                      PID    Runtime      # DAGs    # Errors  Last Runtime    Last Run               Last # of DB Queries
---------------------------------------------  -----  ---------  --------  ----------  --------------  -------------------  ----------------------
/opt/airflow/dags/load_kalimantan_postgres.py                           1           0  0.10s           2026-09-22T04:05:24                      12
/opt/airflow/dags/load_kalimantan_mysql.py                              1           0  0.10s           2026-09-22T04:05:37                      12
================================================================================
[2026-09-22T04:06:05.933+0000] {manager.py:821} INFO - Searching for files in /opt/airflow/dags
[2026-09-22T04:06:05.944+0000] {manager.py:824} INFO - There are 2 files in /opt/airflow/dags
[2026-09-22T04:06:16.149+0000] {manager.py:997} INFO - 
================================================================================
DAG File Processing Stats

File Path                                      PID    Runtime      # DAGs    # Errors  Last Runtime    Last Run               Last # of DB Queries
---------------------------------------------  -----  ---------  --------  ----------  --------------  -------------------  ----------------------
/opt/airflow/dags/load_kalimantan_mysql.py                              1           0  0.17s           2026-09-22T04:06:08                      12
/opt/airflow/dags/load_kalimantan_postgres.py                           1           0  0.07s           2026-09-22T04:05:54                      12
================================================================================
[2026-09-22T04:06:46.688+0000] {manager.py:997} INFO - 
================================================================================
DAG File Processing Stats

File Path                                      PID    Runtime      # DAGs    # Errors  Last Runtime    Last Run               Last # of DB Queries
---------------------------------------------  -----  ---------  --------  ----------  --------------  -------------------  ----------------------
/opt/airflow/dags/load_kalimantan_mysql.py                              1           0  0.13s           2026-09-22T04:06:38                      12
/opt/airflow/dags/load_kalimantan_postgres.py                           1           0  0.10s           2026-09-22T04:06:25                      12
================================================================================
[2026-09-22T04:07:17.097+0000] {manager.py:997} INFO - 
================================================================================
DAG File Processing Stats

File Path                                      PID    Runtime      # DAGs    # Errors  Last Runtime    Last Run               Last # of DB Queries
---------------------------------------------  -----  ---------  --------  ----------  --------------  -------------------  ----------------------
/opt/airflow/dags/load_kalimantan_mysql.py                              1           0  0.14s           2026-09-22T04:07:09                      12
/opt/airflow/dags/load_kalimantan_postgres.py                           1           0  0.10s           2026-09-22T04:06:55                      12
================================================================================
[2026-09-22T04:07:47.555+0000] {manager.py:997} INFO - 
================================================================================
DAG File Processing Stats

File Path                                      PID    Runtime      # DAGs    # Errors  Last Runtime    Last Run               Last # of DB Queries
---------------------------------------------  -----  ---------  --------  ----------  --------------  -------------------  ----------------------
/opt/airflow/dags/load_kalimantan_mysql.py                              1           0  0.10s           2026-09-22T04:07:39                      12
/opt/airflow/dags/load_kalimantan_postgres.py                           1           0  0.10s           2026-09-22T04:07:26                      12
================================================================================
[2026-09-22T04:08:17.949+0000] {manager.py:997} INFO - 
================================================================================
DAG File Processing Stats

File Path                                      PID    Runtime      # DAGs    # Errors  Last Runtime    Last Run               Last # of DB Queries
---------------------------------------------  -----  ---------  --------  ----------  --------------  -------------------  ----------------------
/opt/airflow/dags/load_kalimantan_mysql.py                              1           0  0.12s           2026-09-22T04:08:09                      12
/opt/airflow/dags/load_kalimantan_postgres.py                           1           0  0.10s           2026-09-22T04:07:56                      12
================================================================================
[2026-09-22T04:08:48.376+0000] {manager.py:997} INFO - 
================================================================================
DAG File Processing Stats

File Path                                      PID    Runtime      # DAGs    # Errors  Last Runtime    Last Run               Last # of DB Queries
---------------------------------------------  -----  ---------  --------  ----------  --------------  -------------------  ----------------------
/opt/airflow/dags/load_kalimantan_postgres.py                           1           0  0.10s           2026-09-22T04:08:27                      12
/opt/airflow/dags/load_kalimantan_mysql.py                              1           0  0.10s           2026-09-22T04:08:40                      12
================================================================================
[2026-09-22T04:09:18.851+0000] {manager.py:997} INFO - 
================================================================================
DAG File Processing Stats

File Path                                      PID    Runtime      # DAGs    # Errors  Last Runtime    Last Run               Last # of DB Queries
---------------------------------------------  -----  ---------  --------  ----------  --------------  -------------------  ----------------------
/opt/airflow/dags/load_kalimantan_mysql.py                              1           0  0.19s           2026-09-22T04:09:10                      12
/opt/airflow/dags/load_kalimantan_postgres.py                           1           0  0.10s           2026-09-22T04:08:57                      12
================================================================================
[2026-09-22T04:09:49.278+0000] {manager.py:997} INFO - 
================================================================================
DAG File Processing Stats

File Path                                      PID    Runtime      # DAGs    # Errors  Last Runtime    Last Run               Last # of DB Queries
---------------------------------------------  -----  ---------  --------  ----------  --------------  -------------------  ----------------------
/opt/airflow/dags/load_kalimantan_postgres.py                           1           0  0.10s           2026-09-22T04:09:28                      12
/opt/airflow/dags/load_kalimantan_mysql.py                              1           0  0.09s           2026-09-22T04:09:41                      12
================================================================================
[2026-09-22T04:10:19.807+0000] {manager.py:997} INFO - 
================================================================================
DAG File Processing Stats

File Path                                      PID    Runtime      # DAGs    # Errors  Last Runtime    Last Run               Last # of DB Queries
---------------------------------------------  -----  ---------  --------  ----------  --------------  -------------------  ----------------------
/opt/airflow/dags/load_kalimantan_postgres.py                           1           0  0.12s           2026-09-22T04:09:58                      12
/opt/airflow/dags/load_kalimantan_mysql.py                              1           0  0.10s           2026-09-22T04:10:11                      12
================================================================================
[2026-09-22T04:10:50.306+0000] {manager.py:997} INFO - 
================================================================================
DAG File Processing Stats

File Path                                      PID    Runtime      # DAGs    # Errors  Last Runtime    Last Run               Last # of DB Queries
---------------------------------------------  -----  ---------  --------  ----------  --------------  -------------------  ----------------------
/opt/airflow/dags/load_kalimantan_postgres.py                           1           0  0.13s           2026-09-22T04:10:29                      12
/opt/airflow/dags/load_kalimantan_mysql.py                              1           0  0.12s           2026-09-22T04:10:42                      12
================================================================================
[2026-09-22T04:11:06.498+0000] {manager.py:821} INFO - Searching for files in /opt/airflow/dags
[2026-09-22T04:11:06.506+0000] {manager.py:824} INFO - There are 2 files in /opt/airflow/dags
[2026-09-22T04:11:20.774+0000] {manager.py:997} INFO - 
================================================================================
DAG File Processing Stats

File Path                                      PID    Runtime      # DAGs    # Errors  Last Runtime    Last Run               Last # of DB Queries
---------------------------------------------  -----  ---------  --------  ----------  --------------  -------------------  ----------------------
/opt/airflow/dags/load_kalimantan_postgres.py                           1           0  0.17s           2026-09-22T04:10:59                      12
/opt/airflow/dags/load_kalimantan_mysql.py                              1           0  0.11s           2026-09-22T04:11:12                      12
================================================================================
[2026-09-22T04:11:51.183+0000] {manager.py:997} INFO - 
================================================================================
DAG File Processing Stats

File Path                                      PID    Runtime      # DAGs    # Errors  Last Runtime    Last Run               Last # of DB Queries
---------------------------------------------  -----  ---------  --------  ----------  --------------  -------------------  ----------------------
/opt/airflow/dags/load_kalimantan_mysql.py                              1           0  0.15s           2026-09-22T04:11:43                      12
/opt/airflow/dags/load_kalimantan_postgres.py                           1           0  0.11s           2026-09-22T04:11:30                      12
================================================================================
[2026-09-22T04:12:21.662+0000] {manager.py:997} INFO - 
================================================================================
DAG File Processing Stats

File Path                                      PID    Runtime      # DAGs    # Errors  Last Runtime    Last Run               Last # of DB Queries
---------------------------------------------  -----  ---------  --------  ----------  --------------  -------------------  ----------------------
/opt/airflow/dags/load_kalimantan_mysql.py                              1           0  0.15s           2026-09-22T04:12:13                      12
/opt/airflow/dags/load_kalimantan_postgres.py                           1           0  0.11s           2026-09-22T04:12:00                      12
================================================================================
[2026-09-22T04:12:52.081+0000] {manager.py:997} INFO - 
================================================================================
DAG File Processing Stats

File Path                                      PID    Runtime      # DAGs    # Errors  Last Runtime    Last Run               Last # of DB Queries
---------------------------------------------  -----  ---------  --------  ----------  --------------  -------------------  ----------------------
/opt/airflow/dags/load_kalimantan_mysql.py                              1           0  0.10s           2026-09-22T04:12:44                      12
/opt/airflow/dags/load_kalimantan_postgres.py                           1           0  0.10s           2026-09-22T04:12:30                      12
================================================================================
[2026-09-22T04:13:22.525+0000] {manager.py:997} INFO - 
================================================================================
DAG File Processing Stats

File Path                                      PID    Runtime      # DAGs    # Errors  Last Runtime    Last Run               Last # of DB Queries
---------------------------------------------  -----  ---------  --------  ----------  --------------  -------------------  ----------------------
/opt/airflow/dags/load_kalimantan_postgres.py                           1           0  0.12s           2026-09-22T04:13:01                      12
/opt/airflow/dags/load_kalimantan_mysql.py                              1           0  0.10s           2026-09-22T04:13:14                      12
================================================================================
[2026-09-22T04:13:52.943+0000] {manager.py:997} INFO - 
================================================================================
DAG File Processing Stats

File Path                                      PID    Runtime      # DAGs    # Errors  Last Runtime    Last Run               Last # of DB Queries
---------------------------------------------  -----  ---------  --------  ----------  --------------  -------------------  ----------------------
/opt/airflow/dags/load_kalimantan_mysql.py                              1           0  0.11s           2026-09-22T04:13:44                      12
/opt/airflow/dags/load_kalimantan_postgres.py                           1           0  0.09s           2026-09-22T04:13:31                      12
================================================================================
[2026-09-22T04:14:23.315+0000] {manager.py:997} INFO - 
================================================================================
DAG File Processing Stats

File Path                                      PID    Runtime      # DAGs    # Errors  Last Runtime    Last Run               Last # of DB Queries
---------------------------------------------  -----  ---------  --------  ----------  --------------  -------------------  ----------------------
/opt/airflow/dags/load_kalimantan_mysql.py                              1           0  0.12s           2026-09-22T04:14:15                      12
/opt/airflow/dags/load_kalimantan_postgres.py                           1           0  0.08s           2026-09-22T04:14:02                      12
================================================================================
[2026-09-22T04:14:53.663+0000] {manager.py:997} INFO - 
================================================================================
DAG File Processing Stats

File Path                                      PID    Runtime      # DAGs    # Errors  Last Runtime    Last Run               Last # of DB Queries
---------------------------------------------  -----  ---------  --------  ----------  --------------  -------------------  ----------------------
/opt/airflow/dags/load_kalimantan_mysql.py                              1           0  0.12s           2026-09-22T04:14:45                      12
/opt/airflow/dags/load_kalimantan_postgres.py                           1           0  0.08s           2026-09-22T04:14:32                      12
================================================================================
[2026-09-22T04:15:24.097+0000] {manager.py:997} INFO - 
================================================================================
DAG File Processing Stats

File Path                                      PID    Runtime      # DAGs    # Errors  Last Runtime    Last Run               Last # of DB Queries
---------------------------------------------  -----  ---------  --------  ----------  --------------  -------------------  ----------------------
/opt/airflow/dags/load_kalimantan_mysql.py                              1           0  0.10s           2026-09-22T04:15:16                      12
/opt/airflow/dags/load_kalimantan_postgres.py                           1           0  0.10s           2026-09-22T04:15:02                      12
================================================================================
[2026-09-22T04:15:54.559+0000] {manager.py:997} INFO - 
================================================================================
DAG File Processing Stats

File Path                                      PID    Runtime      # DAGs    # Errors  Last Runtime    Last Run               Last # of DB Queries
---------------------------------------------  -----  ---------  --------  ----------  --------------  -------------------  ----------------------
/opt/airflow/dags/load_kalimantan_mysql.py                              1           0  0.15s           2026-09-22T04:15:46                      12
/opt/airflow/dags/load_kalimantan_postgres.py                           1           0  0.11s           2026-09-22T04:15:33                      12
================================================================================
[2026-09-22T04:16:06.755+0000] {manager.py:821} INFO - Searching for files in /opt/airflow/dags
[2026-09-22T04:16:06.767+0000] {manager.py:824} INFO - There are 2 files in /opt/airflow/dags
[2026-09-22T04:16:25.000+0000] {manager.py:997} INFO - 
================================================================================
DAG File Processing Stats

File Path                                      PID    Runtime      # DAGs    # Errors  Last Runtime    Last Run               Last # of DB Queries
---------------------------------------------  -----  ---------  --------  ----------  --------------  -------------------  ----------------------
/opt/airflow/dags/load_kalimantan_mysql.py                              1           0  0.14s           2026-09-22T04:16:17                      12
/opt/airflow/dags/load_kalimantan_postgres.py                           1           0  0.10s           2026-09-22T04:16:03                      12
================================================================================
