[2026-09-22T03:26:02.138+0000] {processor.py:186} INFO - Started process (PID=893) to work on /opt/airflow/dags/load_kalimantan_mysql.py
[2026-09-22T03:26:02.139+0000] {processor.py:914} INFO - Processing file /opt/airflow/dags/load_kalimantan_mysql.py for tasks to queue
[2026-09-22T03:26:02.141+0000] {logging_mixin.py:190} INFO - [2026-09-22T03:26:02.141+0000] {dagbag.py:588} INFO - Filling up the DagBag from /opt/airflow/dags/load_kalimantan_mysql.py
[2026-09-22T03:26:02.190+0000] {processor.py:925} INFO - DAG(s) 'load_kalimantan_mysql' retrieved from /opt/airflow/dags/load_kalimantan_mysql.py
[2026-09-22T03:26:02.245+0000] {logging_mixin.py:190} INFO - [2026-09-22T03:26:02.245+0000] {override.py:1912} INFO - Created Permission View: can edit on DAG:load_kalimantan_mysql
[2026-09-22T03:26:02.248+0000] {logging_mixin.py:190} INFO - [2026-09-22T03:26:02.248+0000] {override.py:1912} INFO - Created Permission View: can delete on DAG:load_kalimantan_mysql
[2026-09-22T03:26:02.250+0000] {logging_mixin.py:190} INFO - [2026-09-22T03:26:02.250+0000] {override.py:1912} INFO - Created Permission View: can read on DAG:load_kalimantan_mysql
[2026-09-22T03:26:02.252+0000] {logging_mixin.py:190} INFO - [2026-09-22T03:26:02.252+0000] {override.py:1912} INFO - Created Permission View: can delete on DAG Run:load_kalimantan_mysql
[2026-09-22T03:26:02.253+0000] {logging_mixin.py:190} INFO - [2026-09-22T03:26:02.253+0000] {override.py:1912} INFO - Created Permission View: menu access on DAG Run:load_kalimantan_mysql
[2026-09-22T03:26:02.256+0000] {logging_mixin.py:190} INFO - [2026-09-22T03:26:02.256+0000] {override.py:1912} INFO - Created Permission View: can read on DAG Run:load_kalimantan_mysql
[2026-09-22T03:26:02.257+0000] {logging_mixin.py:190} INFO - [2026-09-22T03:26:02.257+0000] {override.py:1912} INFO - Created Permission View: can create on DAG Run:load_kalimantan_mysql
[2026-09-22T03:26:02.257+0000] {logging_mixin.py:190} INFO - [2026-09-22T03:26:02.257+0000] {dag.py:3239} INFO - Sync 1 DAGs
[2026-09-22T03:26:02.263+0000] {logging_mixin.py:190} INFO - [2026-09-22T03:26:02.263+0000] {dag.py:3262} INFO - Creating ORM DAG for load_kalimantan_mysql
[2026-09-22T03:26:02.267+0000] {logging_mixin.py:190} INFO - [2026-09-22T03:26:02.267+0000] {dag.py:4180} INFO - Setting next_dagrun for load_kalimantan_mysql to 2026-09-22 03:30:00+00:00, run_after=2026-09-23 03:30:00+00:00
[2026-09-22T03:26:02.273+0000] {processor.py:208} INFO - Processing /opt/airflow/dags/load_kalimantan_mysql.py took 0.143 seconds
[2026-09-22T03:26:32.671+0000] {processor.py:186} INFO - Started process (PID=903) to work on /opt/airflow/dags/load_kalimantan_mysql.py
[2026-09-22T03:26:32.673+0000] {processor.py:914} INFO - Processing file /opt/airflow/dags/load_kalimantan_mysql.py for tasks to queue
[2026-09-22T03:26:32.675+0000] {logging_mixin.py:190} INFO - [2026-09-22T03:26:32.675+0000] {dagbag.py:588} INFO - Filling up the DagBag from /opt/airflow/dags/load_kalimantan_mysql.py
[2026-09-22T03:26:32.724+0000] {processor.py:925} INFO - DAG(s) 'load_kalimantan_mysql' retrieved from /opt/airflow/dags/load_kalimantan_mysql.py
[2026-09-22T03:26:32.739+0000] {logging_mixin.py:190} INFO - [2026-09-22T03:26:32.739+0000] {dag.py:3239} INFO - Sync 1 DAGs
[2026-09-22T03:26:32.748+0000] {logging_mixin.py:190} INFO - [2026-09-22T03:26:32.748+0000] {dag.py:4180} INFO - Setting next_dagrun for load_kalimantan_mysql to 2026-09-22 03:30:00+00:00, run_after=2026-09-23 03:30:00+00:00
[2026-09-22T03:26:32.756+0000] {processor.py:208} INFO - Processing /opt/airflow/dags/load_kalimantan_mysql.py took 0.092 seconds
[2026-09-22T03:27:03.081+0000] {processor.py:186} INFO - Started process (PID=913) to work on /opt/airflow/dags/load_kalimantan_mysql.py
[2026-09-22T03:27:03.082+0000] {processor.py:914} INFO - Processing file /opt/airflow/dags/load_kalimantan_mysql.py for tasks to queue
[2026-09-22T03:27:03.083+0000] {logging_mixin.py:190} INFO - [2026-09-22T03:27:03.083+0000] {dagbag.py:588} INFO - Filling up the DagBag from /opt/airflow/dags/load_kalimantan_mysql.py
[2026-09-22T03:27:03.123+0000] {processor.py:925} INFO - DAG(s) 'load_kalimantan_mysql' retrieved from /opt/airflow/dags/load_kalimantan_mysql.py
[2026-09-22T03:27:03.139+0000] {logging_mixin.py:190} INFO - [2026-09-22T03:27:03.139+0000] {dag.py:3239} INFO - Sync 1 DAGs
[2026-09-22T03:27:03.150+0000] {logging_mixin.py:190} INFO - [2026-09-22T03:27:03.150+0000] {dag.py:4180} INFO - Setting next_dagrun for load_kalimantan_mysql to 2026-09-22 03:30:00+00:00, run_after=2026-09-23 03:30:00+00:00
[2026-09-22T03:27:03.157+0000] {processor.py:208} INFO - Processing /opt/airflow/dags/load_kalimantan_mysql.py took 0.083 seconds
[2026-09-22T03:27:33.547+0000] {processor.py:186} INFO - Started process (PID=923) to work on /opt/airflow/dags/load_kalimantan_mysql.py
[2026-09-22T03:27:33.548+0000] {processor.py:914} INFO - Processing file /opt/airflow/dags/load_kalimantan_mysql.py for tasks to queue
[2026-09-22T03:27:33.549+0000] {logging_mixin.py:190} INFO - [2026-09-22T03:27:33.549+0000] {dagbag.py:588} INFO - Filling up the DagBag from /opt/airflow/dags/load_kalimantan_mysql.py
[2026-09-22T03:27:33.593+0000] {processor.py:925} INFO - DAG(s) 'load_kalimantan_mysql' retrieved from /opt/airflow/dags/load_kalimantan_mysql.py
[2026-09-22T03:27:33.608+0000] {logging_mixin.py:190} INFO - [2026-09-22T03:27:33.608+0000] {dag.py:3239} INFO - Sync 1 DAGs
[2026-09-22T03:27:33.618+0000] {logging_mixin.py:190} INFO - [2026-09-22T03:27:33.618+0000] {dag.py:4180} INFO - Setting next_dagrun for load_kalimantan_mysql to 2026-09-22 03:30:00+00:00, run_after=2026-09-23 03:30:00+00:00
[2026-09-22T03:27:33.625+0000] {processor.py:208} INFO - Processing /opt/airflow/dags/load_kalimantan_mysql.py took 0.085 seconds
[2026-09-22T03:28:03.954+0000] {processor.py:186} INFO - Started process (PID=933) to work on /opt/airflow/dags/load_kalimantan_mysql.py
[2026-09-22T03:28:03.955+0000] {processor.py:914} INFO - Processing file /opt/airflow/dags/load_kalimantan_mysql.py for tasks to queue
[2026-09-22T03:28:03.957+0000] {logging_mixin.py:190} INFO - [2026-09-22T03:28:03.957+0000] {dagbag.py:588} INFO - Filling up the DagBag from /opt/airflow/dags/load_kalimantan_mysql.py
[2026-09-22T03:28:04.006+0000] {processor.py:925} INFO - DAG(s) 'load_kalimantan_mysql' retrieved from /opt/airflow/dags/load_kalimantan_mysql.py
[2026-09-22T03:28:04.021+0000] {logging_mixin.py:190} INFO - [2026-09-22T03:28:04.021+0000] {dag.py:3239} INFO - Sync 1 DAGs
[2026-09-22T03:28:04.031+0000] {logging_mixin.py:190} INFO - [2026-09-22T03:28:04.031+0000] {dag.py:4180} INFO - Setting next_dagrun for load_kalimantan_mysql to 2026-09-22 03:30:00+00:00, run_after=2026-09-23 03:30:00+00:00
[2026-09-22T03:28:04.038+0000] {processor.py:208} INFO - Processing /opt/airflow/dags/load_kalimantan_mysql.py took 0.092 seconds
[2026-09-22T03:28:34.431+0000] {processor.py:186} INFO - Started process (PID=943) to work on /opt/airflow/dags/load_kalimantan_mysql.py
[2026-09-22T03:28:34.432+0000] {processor.py:914} INFO - Processing file /opt/airflow/dags/load_kalimantan_mysql.py for tasks to queue
[2026-09-22T03:28:34.434+0000] {logging_mixin.py:190} INFO - [2026-09-22T03:28:34.434+0000] {dagbag.py:588} INFO - Filling up the DagBag from /opt/airflow/dags/load_kalimantan_mysql.py
[2026-09-22T03:28:34.476+0000] {processor.py:925} INFO - DAG(s) 'load_kalimantan_mysql' retrieved from /opt/airflow/dags/load_kalimantan_mysql.py
[2026-09-22T03:28:34.489+0000] {logging_mixin.py:190} INFO - [2026-09-22T03:28:34.489+0000] {dag.py:3239} INFO - Sync 1 DAGs
[2026-09-22T03:28:34.499+0000] {logging_mixin.py:190} INFO - [2026-09-22T03:28:34.498+0000] {dag.py:4180} INFO - Setting next_dagrun for load_kalimantan_mysql to 2026-09-22 03:30:00+00:00, run_after=2026-09-23 03:30:00+00:00
[2026-09-22T03:28:34.505+0000] {processor.py:208} INFO - Processing /opt/airflow/dags/load_kalimantan_mysql.py took 0.082 seconds
[2026-09-22T03:29:04.901+0000] {processor.py:186} INFO - Started process (PID=953) to work on /opt/airflow/dags/load_kalimantan_mysql.py
[2026-09-22T03:29:04.906+0000] {processor.py:914} INFO - Processing file /opt/airflow/dags/load_kalimantan_mysql.py for tasks to queue
[2026-09-22T03:29:04.911+0000] {logging_mixin.py:190} INFO - [2026-09-22T03:29:04.910+0000] {dagbag.py:588} INFO - Filling up the DagBag from /opt/airflow/dags/load_kalimantan_mysql.py
[2026-09-22T03:29:04.982+0000] {processor.py:925} INFO - DAG(s) 'load_kalimantan_mysql' retrieved from /opt/airflow/dags/load_kalimantan_mysql.py
[2026-09-22T03:29:05.003+0000] {logging_mixin.py:190} INFO - [2026-09-22T03:29:05.003+0000] {dag.py:3239} INFO - Sync 1 DAGs
[2026-09-22T03:29:05.016+0000] {logging_mixin.py:190} INFO - [2026-09-22T03:29:05.016+0000] {dag.py:4180} INFO - Setting next_dagrun for load_kalimantan_mysql to 2026-09-22 03:30:00+00:00, run_after=2026-09-23 03:30:00+00:00
[2026-09-22T03:29:05.027+0000] {processor.py:208} INFO - Processing /opt/airflow/dags/load_kalimantan_mysql.py took 0.141 seconds
[2026-09-22T03:29:35.351+0000] {processor.py:186} INFO - Started process (PID=970) to work on /opt/airflow/dags/load_kalimantan_mysql.py
[2026-09-22T03:29:35.352+0000] {processor.py:914} INFO - Processing file /opt/airflow/dags/load_kalimantan_mysql.py for tasks to queue
[2026-09-22T03:29:35.354+0000] {logging_mixin.py:190} INFO - [2026-09-22T03:29:35.354+0000] {dagbag.py:588} INFO - Filling up the DagBag from /opt/airflow/dags/load_kalimantan_mysql.py
[2026-09-22T03:29:35.429+0000] {processor.py:925} INFO - DAG(s) 'load_kalimantan_mysql' retrieved from /opt/airflow/dags/load_kalimantan_mysql.py
[2026-09-22T03:29:35.451+0000] {logging_mixin.py:190} INFO - [2026-09-22T03:29:35.451+0000] {dag.py:3239} INFO - Sync 1 DAGs
[2026-09-22T03:29:35.474+0000] {processor.py:208} INFO - Processing /opt/airflow/dags/load_kalimantan_mysql.py took 0.130 seconds
[2026-09-22T03:30:05.790+0000] {processor.py:186} INFO - Started process (PID=988) to work on /opt/airflow/dags/load_kalimantan_mysql.py
[2026-09-22T03:30:05.793+0000] {processor.py:914} INFO - Processing file /opt/airflow/dags/load_kalimantan_mysql.py for tasks to queue
[2026-09-22T03:30:05.796+0000] {logging_mixin.py:190} INFO - [2026-09-22T03:30:05.795+0000] {dagbag.py:588} INFO - Filling up the DagBag from /opt/airflow/dags/load_kalimantan_mysql.py
[2026-09-22T03:30:05.854+0000] {processor.py:925} INFO - DAG(s) 'load_kalimantan_mysql' retrieved from /opt/airflow/dags/load_kalimantan_mysql.py
[2026-09-22T03:30:05.873+0000] {logging_mixin.py:190} INFO - [2026-09-22T03:30:05.873+0000] {dag.py:3239} INFO - Sync 1 DAGs
[2026-09-22T03:30:05.892+0000] {processor.py:208} INFO - Processing /opt/airflow/dags/load_kalimantan_mysql.py took 0.111 seconds
[2026-09-22T03:30:36.060+0000] {processor.py:186} INFO - Started process (PID=998) to work on /opt/airflow/dags/load_kalimantan_mysql.py
[2026-09-22T03:30:36.061+0000] {processor.py:914} INFO - Processing file /opt/airflow/dags/load_kalimantan_mysql.py for tasks to queue
[2026-09-22T03:30:36.063+0000] {logging_mixin.py:190} INFO - [2026-09-22T03:30:36.063+0000] {dagbag.py:588} INFO - Filling up the DagBag from /opt/airflow/dags/load_kalimantan_mysql.py
[2026-09-22T03:30:36.104+0000] {processor.py:925} INFO - DAG(s) 'load_kalimantan_mysql' retrieved from /opt/airflow/dags/load_kalimantan_mysql.py
[2026-09-22T03:30:36.120+0000] {logging_mixin.py:190} INFO - [2026-09-22T03:30:36.120+0000] {dag.py:3239} INFO - Sync 1 DAGs
[2026-09-22T03:30:36.139+0000] {processor.py:208} INFO - Processing /opt/airflow/dags/load_kalimantan_mysql.py took 0.085 seconds
[2026-09-22T03:31:06.547+0000] {processor.py:186} INFO - Started process (PID=1016) to work on /opt/airflow/dags/load_kalimantan_mysql.py
[2026-09-22T03:31:06.549+0000] {processor.py:914} INFO - Processing file /opt/airflow/dags/load_kalimantan_mysql.py for tasks to queue
[2026-09-22T03:31:06.551+0000] {logging_mixin.py:190} INFO - [2026-09-22T03:31:06.551+0000] {dagbag.py:588} INFO - Filling up the DagBag from /opt/airflow/dags/load_kalimantan_mysql.py
[2026-09-22T03:31:06.596+0000] {processor.py:925} INFO - DAG(s) 'load_kalimantan_mysql' retrieved from /opt/airflow/dags/load_kalimantan_mysql.py
[2026-09-22T03:31:06.609+0000] {logging_mixin.py:190} INFO - [2026-09-22T03:31:06.609+0000] {dag.py:3239} INFO - Sync 1 DAGs
[2026-09-22T03:31:06.624+0000] {processor.py:208} INFO - Processing /opt/airflow/dags/load_kalimantan_mysql.py took 0.085 seconds
[2026-09-22T03:31:37.011+0000] {processor.py:186} INFO - Started process (PID=1026) to work on /opt/airflow/dags/load_kalimantan_mysql.py
[2026-09-22T03:31:37.012+0000] {processor.py:914} INFO - Processing file /opt/airflow/dags/load_kalimantan_mysql.py for tasks to queue
[2026-09-22T03:31:37.014+0000] {logging_mixin.py:190} INFO - [2026-09-22T03:31:37.014+0000] {dagbag.py:588} INFO - Filling up the DagBag from /opt/airflow/dags/load_kalimantan_mysql.py
[2026-09-22T03:31:37.060+0000] {processor.py:925} INFO - DAG(s) 'load_kalimantan_mysql' retrieved from /opt/airflow/dags/load_kalimantan_mysql.py
[2026-09-22T03:31:37.076+0000] {logging_mixin.py:190} INFO - [2026-09-22T03:31:37.076+0000] {dag.py:3239} INFO - Sync 1 DAGs
[2026-09-22T03:31:37.092+0000] {processor.py:208} INFO - Processing /opt/airflow/dags/load_kalimantan_mysql.py took 0.087 seconds
[2026-09-22T03:32:07.443+0000] {processor.py:186} INFO - Started process (PID=1044) to work on /opt/airflow/dags/load_kalimantan_mysql.py
[2026-09-22T03:32:07.445+0000] {processor.py:914} INFO - Processing file /opt/airflow/dags/load_kalimantan_mysql.py for tasks to queue
[2026-09-22T03:32:07.448+0000] {logging_mixin.py:190} INFO - [2026-09-22T03:32:07.448+0000] {dagbag.py:588} INFO - Filling up the DagBag from /opt/airflow/dags/load_kalimantan_mysql.py
[2026-09-22T03:32:07.516+0000] {processor.py:925} INFO - DAG(s) 'load_kalimantan_mysql' retrieved from /opt/airflow/dags/load_kalimantan_mysql.py
[2026-09-22T03:32:07.537+0000] {logging_mixin.py:190} INFO - [2026-09-22T03:32:07.537+0000] {dag.py:3239} INFO - Sync 1 DAGs
[2026-09-22T03:32:07.555+0000] {processor.py:208} INFO - Processing /opt/airflow/dags/load_kalimantan_mysql.py took 0.121 seconds
[2026-09-22T03:32:37.808+0000] {processor.py:186} INFO - Started process (PID=1062) to work on /opt/airflow/dags/load_kalimantan_mysql.py
[2026-09-22T03:32:37.810+0000] {processor.py:914} INFO - Processing file /opt/airflow/dags/load_kalimantan_mysql.py for tasks to queue
[2026-09-22T03:32:37.813+0000] {logging_mixin.py:190} INFO - [2026-09-22T03:32:37.812+0000] {dagbag.py:588} INFO - Filling up the DagBag from /opt/airflow/dags/load_kalimantan_mysql.py
[2026-09-22T03:32:37.864+0000] {processor.py:925} INFO - DAG(s) 'load_kalimantan_mysql' retrieved from /opt/airflow/dags/load_kalimantan_mysql.py
[2026-09-22T03:32:37.881+0000] {logging_mixin.py:190} INFO - [2026-09-22T03:32:37.881+0000] {dag.py:3239} INFO - Sync 1 DAGs
[2026-09-22T03:32:37.900+0000] {processor.py:208} INFO - Processing /opt/airflow/dags/load_kalimantan_mysql.py took 0.101 seconds
[2026-09-22T03:33:08.239+0000] {processor.py:186} INFO - Started process (PID=1073) to work on /opt/airflow/dags/load_kalimantan_mysql.py
[2026-09-22T03:33:08.241+0000] {processor.py:914} INFO - Processing file /opt/airflow/dags/load_kalimantan_mysql.py for tasks to queue
[2026-09-22T03:33:08.244+0000] {logging_mixin.py:190} INFO - [2026-09-22T03:33:08.243+0000] {dagbag.py:588} INFO - Filling up the DagBag from /opt/airflow/dags/load_kalimantan_mysql.py
[2026-09-22T03:33:08.290+0000] {processor.py:925} INFO - DAG(s) 'load_kalimantan_mysql' retrieved from /opt/airflow/dags/load_kalimantan_mysql.py
[2026-09-22T03:33:08.306+0000] {logging_mixin.py:190} INFO - [2026-09-22T03:33:08.306+0000] {dag.py:3239} INFO - Sync 1 DAGs
[2026-09-22T03:33:08.317+0000] {logging_mixin.py:190} INFO - [2026-09-22T03:33:08.317+0000] {dag.py:4180} INFO - Setting next_dagrun for load_kalimantan_mysql to 2026-09-22 03:30:00+00:00, run_after=2026-09-23 03:30:00+00:00
[2026-09-22T03:33:08.324+0000] {processor.py:208} INFO - Processing /opt/airflow/dags/load_kalimantan_mysql.py took 0.095 seconds
[2026-09-22T03:33:38.644+0000] {processor.py:186} INFO - Started process (PID=1083) to work on /opt/airflow/dags/load_kalimantan_mysql.py
[2026-09-22T03:33:38.646+0000] {processor.py:914} INFO - Processing file /opt/airflow/dags/load_kalimantan_mysql.py for tasks to queue
[2026-09-22T03:33:38.647+0000] {logging_mixin.py:190} INFO - [2026-09-22T03:33:38.647+0000] {dagbag.py:588} INFO - Filling up the DagBag from /opt/airflow/dags/load_kalimantan_mysql.py
[2026-09-22T03:33:38.690+0000] {processor.py:925} INFO - DAG(s) 'load_kalimantan_mysql' retrieved from /opt/airflow/dags/load_kalimantan_mysql.py
[2026-09-22T03:33:38.705+0000] {logging_mixin.py:190} INFO - [2026-09-22T03:33:38.705+0000] {dag.py:3239} INFO - Sync 1 DAGs
[2026-09-22T03:33:38.715+0000] {logging_mixin.py:190} INFO - [2026-09-22T03:33:38.715+0000] {dag.py:4180} INFO - Setting next_dagrun for load_kalimantan_mysql to 2026-09-22 03:30:00+00:00, run_after=2026-09-23 03:30:00+00:00
[2026-09-22T03:33:38.722+0000] {processor.py:208} INFO - Processing /opt/airflow/dags/load_kalimantan_mysql.py took 0.087 seconds
[2026-09-22T03:34:09.106+0000] {processor.py:186} INFO - Started process (PID=1093) to work on /opt/airflow/dags/load_kalimantan_mysql.py
[2026-09-22T03:34:09.108+0000] {processor.py:914} INFO - Processing file /opt/airflow/dags/load_kalimantan_mysql.py for tasks to queue
[2026-09-22T03:34:09.110+0000] {logging_mixin.py:190} INFO - [2026-09-22T03:34:09.110+0000] {dagbag.py:588} INFO - Filling up the DagBag from /opt/airflow/dags/load_kalimantan_mysql.py
[2026-09-22T03:34:09.151+0000] {processor.py:925} INFO - DAG(s) 'load_kalimantan_mysql' retrieved from /opt/airflow/dags/load_kalimantan_mysql.py
[2026-09-22T03:34:09.166+0000] {logging_mixin.py:190} INFO - [2026-09-22T03:34:09.166+0000] {dag.py:3239} INFO - Sync 1 DAGs
[2026-09-22T03:34:09.176+0000] {logging_mixin.py:190} INFO - [2026-09-22T03:34:09.176+0000] {dag.py:4180} INFO - Setting next_dagrun for load_kalimantan_mysql to 2026-09-22 03:30:00+00:00, run_after=2026-09-23 03:30:00+00:00
[2026-09-22T03:34:09.184+0000] {processor.py:208} INFO - Processing /opt/airflow/dags/load_kalimantan_mysql.py took 0.085 seconds
[2026-09-22T03:34:39.585+0000] {processor.py:186} INFO - Started process (PID=1103) to work on /opt/airflow/dags/load_kalimantan_mysql.py
[2026-09-22T03:34:39.587+0000] {processor.py:914} INFO - Processing file /opt/airflow/dags/load_kalimantan_mysql.py for tasks to queue
[2026-09-22T03:34:39.590+0000] {logging_mixin.py:190} INFO - [2026-09-22T03:34:39.589+0000] {dagbag.py:588} INFO - Filling up the DagBag from /opt/airflow/dags/load_kalimantan_mysql.py
[2026-09-22T03:34:39.644+0000] {processor.py:925} INFO - DAG(s) 'load_kalimantan_mysql' retrieved from /opt/airflow/dags/load_kalimantan_mysql.py
[2026-09-22T03:34:39.661+0000] {logging_mixin.py:190} INFO - [2026-09-22T03:34:39.660+0000] {dag.py:3239} INFO - Sync 1 DAGs
[2026-09-22T03:34:39.673+0000] {logging_mixin.py:190} INFO - [2026-09-22T03:34:39.673+0000] {dag.py:4180} INFO - Setting next_dagrun for load_kalimantan_mysql to 2026-09-22 03:30:00+00:00, run_after=2026-09-23 03:30:00+00:00
[2026-09-22T03:34:39.680+0000] {processor.py:208} INFO - Processing /opt/airflow/dags/load_kalimantan_mysql.py took 0.106 seconds
[2026-09-22T03:35:10.003+0000] {processor.py:186} INFO - Started process (PID=1113) to work on /opt/airflow/dags/load_kalimantan_mysql.py
[2026-09-22T03:35:10.004+0000] {processor.py:914} INFO - Processing file /opt/airflow/dags/load_kalimantan_mysql.py for tasks to queue
[2026-09-22T03:35:10.006+0000] {logging_mixin.py:190} INFO - [2026-09-22T03:35:10.005+0000] {dagbag.py:588} INFO - Filling up the DagBag from /opt/airflow/dags/load_kalimantan_mysql.py
[2026-09-22T03:35:10.050+0000] {processor.py:925} INFO - DAG(s) 'load_kalimantan_mysql' retrieved from /opt/airflow/dags/load_kalimantan_mysql.py
[2026-09-22T03:35:10.065+0000] {logging_mixin.py:190} INFO - [2026-09-22T03:35:10.064+0000] {dag.py:3239} INFO - Sync 1 DAGs
[2026-09-22T03:35:10.074+0000] {logging_mixin.py:190} INFO - [2026-09-22T03:35:10.074+0000] {dag.py:4180} INFO - Setting next_dagrun for load_kalimantan_mysql to 2026-09-22 03:30:00+00:00, run_after=2026-09-23 03:30:00+00:00
[2026-09-22T03:35:10.081+0000] {processor.py:208} INFO - Processing /opt/airflow/dags/load_kalimantan_mysql.py took 0.087 seconds
[2026-09-22T03:35:40.442+0000] {processor.py:186} INFO - Started process (PID=1123) to work on /opt/airflow/dags/load_kalimantan_mysql.py
[2026-09-22T03:35:40.443+0000] {processor.py:914} INFO - Processing file /opt/airflow/dags/load_kalimantan_mysql.py for tasks to queue
[2026-09-22T03:35:40.445+0000] {logging_mixin.py:190} INFO - [2026-09-22T03:35:40.445+0000] {dagbag.py:588} INFO - Filling up the DagBag from /opt/airflow/dags/load_kalimantan_mysql.py
[2026-09-22T03:35:40.489+0000] {processor.py:925} INFO - DAG(s) 'load_kalimantan_mysql' retrieved from /opt/airflow/dags/load_kalimantan_mysql.py
[2026-09-22T03:35:40.503+0000] {logging_mixin.py:190} INFO - [2026-09-22T03:35:40.503+0000] {dag.py:3239} INFO - Sync 1 DAGs
[2026-09-22T03:35:40.512+0000] {logging_mixin.py:190} INFO - [2026-09-22T03:35:40.512+0000] {dag.py:4180} INFO - Setting next_dagrun for load_kalimantan_mysql to 2026-09-22 03:30:00+00:00, run_after=2026-09-23 03:30:00+00:00
[2026-09-22T03:35:40.519+0000] {processor.py:208} INFO - Processing /opt/airflow/dags/load_kalimantan_mysql.py took 0.084 seconds
[2026-09-22T03:36:10.901+0000] {processor.py:186} INFO - Started process (PID=1133) to work on /opt/airflow/dags/load_kalimantan_mysql.py
[2026-09-22T03:36:10.902+0000] {processor.py:914} INFO - Processing file /opt/airflow/dags/load_kalimantan_mysql.py for tasks to queue
[2026-09-22T03:36:10.904+0000] {logging_mixin.py:190} INFO - [2026-09-22T03:36:10.903+0000] {dagbag.py:588} INFO - Filling up the DagBag from /opt/airflow/dags/load_kalimantan_mysql.py
[2026-09-22T03:36:10.944+0000] {processor.py:925} INFO - DAG(s) 'load_kalimantan_mysql' retrieved from /opt/airflow/dags/load_kalimantan_mysql.py
[2026-09-22T03:36:10.963+0000] {logging_mixin.py:190} INFO - [2026-09-22T03:36:10.963+0000] {dag.py:3239} INFO - Sync 1 DAGs
[2026-09-22T03:36:10.981+0000] {logging_mixin.py:190} INFO - [2026-09-22T03:36:10.981+0000] {dag.py:4180} INFO - Setting next_dagrun for load_kalimantan_mysql to 2026-09-22 03:30:00+00:00, run_after=2026-09-23 03:30:00+00:00
[2026-09-22T03:36:10.989+0000] {processor.py:208} INFO - Processing /opt/airflow/dags/load_kalimantan_mysql.py took 0.096 seconds
[2026-09-22T03:36:41.325+0000] {processor.py:186} INFO - Started process (PID=1143) to work on /opt/airflow/dags/load_kalimantan_mysql.py
[2026-09-22T03:36:41.326+0000] {processor.py:914} INFO - Processing file /opt/airflow/dags/load_kalimantan_mysql.py for tasks to queue
[2026-09-22T03:36:41.328+0000] {logging_mixin.py:190} INFO - [2026-09-22T03:36:41.327+0000] {dagbag.py:588} INFO - Filling up the DagBag from /opt/airflow/dags/load_kalimantan_mysql.py
[2026-09-22T03:36:41.377+0000] {processor.py:925} INFO - DAG(s) 'load_kalimantan_mysql' retrieved from /opt/airflow/dags/load_kalimantan_mysql.py
[2026-09-22T03:36:41.392+0000] {logging_mixin.py:190} INFO - [2026-09-22T03:36:41.392+0000] {dag.py:3239} INFO - Sync 1 DAGs
[2026-09-22T03:36:41.402+0000] {logging_mixin.py:190} INFO - [2026-09-22T03:36:41.402+0000] {dag.py:4180} INFO - Setting next_dagrun for load_kalimantan_mysql to 2026-09-22 03:30:00+00:00, run_after=2026-09-23 03:30:00+00:00
[2026-09-22T03:36:41.409+0000] {processor.py:208} INFO - Processing /opt/airflow/dags/load_kalimantan_mysql.py took 0.089 seconds
[2026-09-22T03:37:11.812+0000] {processor.py:186} INFO - Started process (PID=1153) to work on /opt/airflow/dags/load_kalimantan_mysql.py
[2026-09-22T03:37:11.818+0000] {processor.py:914} INFO - Processing file /opt/airflow/dags/load_kalimantan_mysql.py for tasks to queue
[2026-09-22T03:37:11.822+0000] {logging_mixin.py:190} INFO - [2026-09-22T03:37:11.821+0000] {dagbag.py:588} INFO - Filling up the DagBag from /opt/airflow/dags/load_kalimantan_mysql.py
[2026-09-22T03:37:11.874+0000] {processor.py:925} INFO - DAG(s) 'load_kalimantan_mysql' retrieved from /opt/airflow/dags/load_kalimantan_mysql.py
[2026-09-22T03:37:11.890+0000] {logging_mixin.py:190} INFO - [2026-09-22T03:37:11.890+0000] {dag.py:3239} INFO - Sync 1 DAGs
[2026-09-22T03:37:11.905+0000] {logging_mixin.py:190} INFO - [2026-09-22T03:37:11.905+0000] {dag.py:4180} INFO - Setting next_dagrun for load_kalimantan_mysql to 2026-09-22 03:30:00+00:00, run_after=2026-09-23 03:30:00+00:00
[2026-09-22T03:37:11.913+0000] {processor.py:208} INFO - Processing /opt/airflow/dags/load_kalimantan_mysql.py took 0.114 seconds
[2026-09-22T03:37:42.398+0000] {processor.py:186} INFO - Started process (PID=1163) to work on /opt/airflow/dags/load_kalimantan_mysql.py
[2026-09-22T03:37:42.400+0000] {processor.py:914} INFO - Processing file /opt/airflow/dags/load_kalimantan_mysql.py for tasks to queue
[2026-09-22T03:37:42.403+0000] {logging_mixin.py:190} INFO - [2026-09-22T03:37:42.403+0000] {dagbag.py:588} INFO - Filling up the DagBag from /opt/airflow/dags/load_kalimantan_mysql.py
[2026-09-22T03:37:42.462+0000] {processor.py:925} INFO - DAG(s) 'load_kalimantan_mysql' retrieved from /opt/airflow/dags/load_kalimantan_mysql.py
[2026-09-22T03:37:42.486+0000] {logging_mixin.py:190} INFO - [2026-09-22T03:37:42.486+0000] {dag.py:3239} INFO - Sync 1 DAGs
[2026-09-22T03:37:42.499+0000] {logging_mixin.py:190} INFO - [2026-09-22T03:37:42.499+0000] {dag.py:4180} INFO - Setting next_dagrun for load_kalimantan_mysql to 2026-09-22 03:30:00+00:00, run_after=2026-09-23 03:30:00+00:00
[2026-09-22T03:37:42.507+0000] {processor.py:208} INFO - Processing /opt/airflow/dags/load_kalimantan_mysql.py took 0.123 seconds
[2026-09-22T03:38:12.869+0000] {processor.py:186} INFO - Started process (PID=1173) to work on /opt/airflow/dags/load_kalimantan_mysql.py
[2026-09-22T03:38:12.870+0000] {processor.py:914} INFO - Processing file /opt/airflow/dags/load_kalimantan_mysql.py for tasks to queue
[2026-09-22T03:38:12.872+0000] {logging_mixin.py:190} INFO - [2026-09-22T03:38:12.872+0000] {dagbag.py:588} INFO - Filling up the DagBag from /opt/airflow/dags/load_kalimantan_mysql.py
[2026-09-22T03:38:12.921+0000] {processor.py:925} INFO - DAG(s) 'load_kalimantan_mysql' retrieved from /opt/airflow/dags/load_kalimantan_mysql.py
[2026-09-22T03:38:12.943+0000] {logging_mixin.py:190} INFO - [2026-09-22T03:38:12.943+0000] {dag.py:3239} INFO - Sync 1 DAGs
[2026-09-22T03:38:12.955+0000] {logging_mixin.py:190} INFO - [2026-09-22T03:38:12.955+0000] {dag.py:4180} INFO - Setting next_dagrun for load_kalimantan_mysql to 2026-09-22 03:30:00+00:00, run_after=2026-09-23 03:30:00+00:00
[2026-09-22T03:38:12.963+0000] {processor.py:208} INFO - Processing /opt/airflow/dags/load_kalimantan_mysql.py took 0.099 seconds
[2026-09-22T03:38:43.352+0000] {processor.py:186} INFO - Started process (PID=1183) to work on /opt/airflow/dags/load_kalimantan_mysql.py
[2026-09-22T03:38:43.356+0000] {processor.py:914} INFO - Processing file /opt/airflow/dags/load_kalimantan_mysql.py for tasks to queue
[2026-09-22T03:38:43.359+0000] {logging_mixin.py:190} INFO - [2026-09-22T03:38:43.359+0000] {dagbag.py:588} INFO - Filling up the DagBag from /opt/airflow/dags/load_kalimantan_mysql.py
[2026-09-22T03:38:43.426+0000] {processor.py:925} INFO - DAG(s) 'load_kalimantan_mysql' retrieved from /opt/airflow/dags/load_kalimantan_mysql.py
[2026-09-22T03:38:43.449+0000] {logging_mixin.py:190} INFO - [2026-09-22T03:38:43.449+0000] {dag.py:3239} INFO - Sync 1 DAGs
[2026-09-22T03:38:43.462+0000] {logging_mixin.py:190} INFO - [2026-09-22T03:38:43.462+0000] {dag.py:4180} INFO - Setting next_dagrun for load_kalimantan_mysql to 2026-09-22 03:30:00+00:00, run_after=2026-09-23 03:30:00+00:00
[2026-09-22T03:38:43.470+0000] {processor.py:208} INFO - Processing /opt/airflow/dags/load_kalimantan_mysql.py took 0.131 seconds
[2026-09-22T03:39:13.836+0000] {processor.py:186} INFO - Started process (PID=1193) to work on /opt/airflow/dags/load_kalimantan_mysql.py
[2026-09-22T03:39:13.837+0000] {processor.py:914} INFO - Processing file /opt/airflow/dags/load_kalimantan_mysql.py for tasks to queue
[2026-09-22T03:39:13.840+0000] {logging_mixin.py:190} INFO - [2026-09-22T03:39:13.839+0000] {dagbag.py:588} INFO - Filling up the DagBag from /opt/airflow/dags/load_kalimantan_mysql.py
[2026-09-22T03:39:13.878+0000] {processor.py:925} INFO - DAG(s) 'load_kalimantan_mysql' retrieved from /opt/airflow/dags/load_kalimantan_mysql.py
[2026-09-22T03:39:13.892+0000] {logging_mixin.py:190} INFO - [2026-09-22T03:39:13.892+0000] {dag.py:3239} INFO - Sync 1 DAGs
[2026-09-22T03:39:13.902+0000] {logging_mixin.py:190} INFO - [2026-09-22T03:39:13.902+0000] {dag.py:4180} INFO - Setting next_dagrun for load_kalimantan_mysql to 2026-09-22 03:30:00+00:00, run_after=2026-09-23 03:30:00+00:00
[2026-09-22T03:39:13.909+0000] {processor.py:208} INFO - Processing /opt/airflow/dags/load_kalimantan_mysql.py took 0.080 seconds
[2026-09-22T03:39:44.284+0000] {processor.py:186} INFO - Started process (PID=1203) to work on /opt/airflow/dags/load_kalimantan_mysql.py
[2026-09-22T03:39:44.285+0000] {processor.py:914} INFO - Processing file /opt/airflow/dags/load_kalimantan_mysql.py for tasks to queue
[2026-09-22T03:39:44.289+0000] {logging_mixin.py:190} INFO - [2026-09-22T03:39:44.288+0000] {dagbag.py:588} INFO - Filling up the DagBag from /opt/airflow/dags/load_kalimantan_mysql.py
[2026-09-22T03:39:44.338+0000] {processor.py:925} INFO - DAG(s) 'load_kalimantan_mysql' retrieved from /opt/airflow/dags/load_kalimantan_mysql.py
[2026-09-22T03:39:44.357+0000] {logging_mixin.py:190} INFO - [2026-09-22T03:39:44.357+0000] {dag.py:3239} INFO - Sync 1 DAGs
[2026-09-22T03:39:44.374+0000] {logging_mixin.py:190} INFO - [2026-09-22T03:39:44.373+0000] {dag.py:4180} INFO - Setting next_dagrun for load_kalimantan_mysql to 2026-09-22 03:30:00+00:00, run_after=2026-09-23 03:30:00+00:00
[2026-09-22T03:39:44.383+0000] {processor.py:208} INFO - Processing /opt/airflow/dags/load_kalimantan_mysql.py took 0.108 seconds
[2026-09-22T03:40:14.742+0000] {processor.py:186} INFO - Started process (PID=1213) to work on /opt/airflow/dags/load_kalimantan_mysql.py
[2026-09-22T03:40:14.743+0000] {processor.py:914} INFO - Processing file /opt/airflow/dags/load_kalimantan_mysql.py for tasks to queue
[2026-09-22T03:40:14.746+0000] {logging_mixin.py:190} INFO - [2026-09-22T03:40:14.746+0000] {dagbag.py:588} INFO - Filling up the DagBag from /opt/airflow/dags/load_kalimantan_mysql.py
[2026-09-22T03:40:14.794+0000] {processor.py:925} INFO - DAG(s) 'load_kalimantan_mysql' retrieved from /opt/airflow/dags/load_kalimantan_mysql.py
[2026-09-22T03:40:14.812+0000] {logging_mixin.py:190} INFO - [2026-09-22T03:40:14.812+0000] {dag.py:3239} INFO - Sync 1 DAGs
[2026-09-22T03:40:14.824+0000] {logging_mixin.py:190} INFO - [2026-09-22T03:40:14.824+0000] {dag.py:4180} INFO - Setting next_dagrun for load_kalimantan_mysql to 2026-09-22 03:30:00+00:00, run_after=2026-09-23 03:30:00+00:00
[2026-09-22T03:40:14.832+0000] {processor.py:208} INFO - Processing /opt/airflow/dags/load_kalimantan_mysql.py took 0.099 seconds
[2026-09-22T03:40:45.148+0000] {processor.py:186} INFO - Started process (PID=1223) to work on /opt/airflow/dags/load_kalimantan_mysql.py
[2026-09-22T03:40:45.149+0000] {processor.py:914} INFO - Processing file /opt/airflow/dags/load_kalimantan_mysql.py for tasks to queue
[2026-09-22T03:40:45.151+0000] {logging_mixin.py:190} INFO - [2026-09-22T03:40:45.150+0000] {dagbag.py:588} INFO - Filling up the DagBag from /opt/airflow/dags/load_kalimantan_mysql.py
[2026-09-22T03:40:45.190+0000] {processor.py:925} INFO - DAG(s) 'load_kalimantan_mysql' retrieved from /opt/airflow/dags/load_kalimantan_mysql.py
[2026-09-22T03:40:45.205+0000] {logging_mixin.py:190} INFO - [2026-09-22T03:40:45.205+0000] {dag.py:3239} INFO - Sync 1 DAGs
[2026-09-22T03:40:45.220+0000] {logging_mixin.py:190} INFO - [2026-09-22T03:40:45.220+0000] {dag.py:4180} INFO - Setting next_dagrun for load_kalimantan_mysql to 2026-09-22 03:30:00+00:00, run_after=2026-09-23 03:30:00+00:00
[2026-09-22T03:40:45.227+0000] {processor.py:208} INFO - Processing /opt/airflow/dags/load_kalimantan_mysql.py took 0.084 seconds
[2026-09-22T03:41:15.568+0000] {processor.py:186} INFO - Started process (PID=1233) to work on /opt/airflow/dags/load_kalimantan_mysql.py
[2026-09-22T03:41:15.569+0000] {processor.py:914} INFO - Processing file /opt/airflow/dags/load_kalimantan_mysql.py for tasks to queue
[2026-09-22T03:41:15.571+0000] {logging_mixin.py:190} INFO - [2026-09-22T03:41:15.570+0000] {dagbag.py:588} INFO - Filling up the DagBag from /opt/airflow/dags/load_kalimantan_mysql.py
[2026-09-22T03:41:15.611+0000] {processor.py:925} INFO - DAG(s) 'load_kalimantan_mysql' retrieved from /opt/airflow/dags/load_kalimantan_mysql.py
[2026-09-22T03:41:15.624+0000] {logging_mixin.py:190} INFO - [2026-09-22T03:41:15.624+0000] {dag.py:3239} INFO - Sync 1 DAGs
[2026-09-22T03:41:15.635+0000] {logging_mixin.py:190} INFO - [2026-09-22T03:41:15.635+0000] {dag.py:4180} INFO - Setting next_dagrun for load_kalimantan_mysql to 2026-09-22 03:30:00+00:00, run_after=2026-09-23 03:30:00+00:00
[2026-09-22T03:41:15.641+0000] {processor.py:208} INFO - Processing /opt/airflow/dags/load_kalimantan_mysql.py took 0.080 seconds
[2026-09-22T03:41:46.003+0000] {processor.py:186} INFO - Started process (PID=1243) to work on /opt/airflow/dags/load_kalimantan_mysql.py
[2026-09-22T03:41:46.005+0000] {processor.py:914} INFO - Processing file /opt/airflow/dags/load_kalimantan_mysql.py for tasks to queue
[2026-09-22T03:41:46.008+0000] {logging_mixin.py:190} INFO - [2026-09-22T03:41:46.008+0000] {dagbag.py:588} INFO - Filling up the DagBag from /opt/airflow/dags/load_kalimantan_mysql.py
[2026-09-22T03:41:46.052+0000] {processor.py:925} INFO - DAG(s) 'load_kalimantan_mysql' retrieved from /opt/airflow/dags/load_kalimantan_mysql.py
[2026-09-22T03:41:46.072+0000] {logging_mixin.py:190} INFO - [2026-09-22T03:41:46.072+0000] {dag.py:3239} INFO - Sync 1 DAGs
[2026-09-22T03:41:46.085+0000] {logging_mixin.py:190} INFO - [2026-09-22T03:41:46.085+0000] {dag.py:4180} INFO - Setting next_dagrun for load_kalimantan_mysql to 2026-09-22 03:30:00+00:00, run_after=2026-09-23 03:30:00+00:00
[2026-09-22T03:41:46.093+0000] {processor.py:208} INFO - Processing /opt/airflow/dags/load_kalimantan_mysql.py took 0.103 seconds
[2026-09-22T03:42:16.449+0000] {processor.py:186} INFO - Started process (PID=1253) to work on /opt/airflow/dags/load_kalimantan_mysql.py
[2026-09-22T03:42:16.450+0000] {processor.py:914} INFO - Processing file /opt/airflow/dags/load_kalimantan_mysql.py for tasks to queue
[2026-09-22T03:42:16.453+0000] {logging_mixin.py:190} INFO - [2026-09-22T03:42:16.452+0000] {dagbag.py:588} INFO - Filling up the DagBag from /opt/airflow/dags/load_kalimantan_mysql.py
[2026-09-22T03:42:16.498+0000] {processor.py:925} INFO - DAG(s) 'load_kalimantan_mysql' retrieved from /opt/airflow/dags/load_kalimantan_mysql.py
[2026-09-22T03:42:16.516+0000] {logging_mixin.py:190} INFO - [2026-09-22T03:42:16.515+0000] {dag.py:3239} INFO - Sync 1 DAGs
[2026-09-22T03:42:16.527+0000] {logging_mixin.py:190} INFO - [2026-09-22T03:42:16.527+0000] {dag.py:4180} INFO - Setting next_dagrun for load_kalimantan_mysql to 2026-09-22 03:30:00+00:00, run_after=2026-09-23 03:30:00+00:00
[2026-09-22T03:42:16.535+0000] {processor.py:208} INFO - Processing /opt/airflow/dags/load_kalimantan_mysql.py took 0.094 seconds
[2026-09-22T03:42:46.891+0000] {processor.py:186} INFO - Started process (PID=1263) to work on /opt/airflow/dags/load_kalimantan_mysql.py
[2026-09-22T03:42:46.891+0000] {processor.py:914} INFO - Processing file /opt/airflow/dags/load_kalimantan_mysql.py for tasks to queue
[2026-09-22T03:42:46.893+0000] {logging_mixin.py:190} INFO - [2026-09-22T03:42:46.893+0000] {dagbag.py:588} INFO - Filling up the DagBag from /opt/airflow/dags/load_kalimantan_mysql.py
[2026-09-22T03:42:46.932+0000] {processor.py:925} INFO - DAG(s) 'load_kalimantan_mysql' retrieved from /opt/airflow/dags/load_kalimantan_mysql.py
[2026-09-22T03:42:46.954+0000] {logging_mixin.py:190} INFO - [2026-09-22T03:42:46.954+0000] {dag.py:3239} INFO - Sync 1 DAGs
[2026-09-22T03:42:46.975+0000] {logging_mixin.py:190} INFO - [2026-09-22T03:42:46.975+0000] {dag.py:4180} INFO - Setting next_dagrun for load_kalimantan_mysql to 2026-09-22 03:30:00+00:00, run_after=2026-09-23 03:30:00+00:00
[2026-09-22T03:42:46.982+0000] {processor.py:208} INFO - Processing /opt/airflow/dags/load_kalimantan_mysql.py took 0.097 seconds
[2026-09-22T03:43:17.307+0000] {processor.py:186} INFO - Started process (PID=1273) to work on /opt/airflow/dags/load_kalimantan_mysql.py
[2026-09-22T03:43:17.308+0000] {processor.py:914} INFO - Processing file /opt/airflow/dags/load_kalimantan_mysql.py for tasks to queue
[2026-09-22T03:43:17.310+0000] {logging_mixin.py:190} INFO - [2026-09-22T03:43:17.310+0000] {dagbag.py:588} INFO - Filling up the DagBag from /opt/airflow/dags/load_kalimantan_mysql.py
[2026-09-22T03:43:17.352+0000] {processor.py:925} INFO - DAG(s) 'load_kalimantan_mysql' retrieved from /opt/airflow/dags/load_kalimantan_mysql.py
[2026-09-22T03:43:17.368+0000] {logging_mixin.py:190} INFO - [2026-09-22T03:43:17.368+0000] {dag.py:3239} INFO - Sync 1 DAGs
[2026-09-22T03:43:17.378+0000] {logging_mixin.py:190} INFO - [2026-09-22T03:43:17.378+0000] {dag.py:4180} INFO - Setting next_dagrun for load_kalimantan_mysql to 2026-09-22 03:30:00+00:00, run_after=2026-09-23 03:30:00+00:00
[2026-09-22T03:43:17.385+0000] {processor.py:208} INFO - Processing /opt/airflow/dags/load_kalimantan_mysql.py took 0.085 seconds
[2026-09-22T03:43:47.713+0000] {processor.py:186} INFO - Started process (PID=1283) to work on /opt/airflow/dags/load_kalimantan_mysql.py
[2026-09-22T03:43:47.720+0000] {processor.py:914} INFO - Processing file /opt/airflow/dags/load_kalimantan_mysql.py for tasks to queue
[2026-09-22T03:43:47.722+0000] {logging_mixin.py:190} INFO - [2026-09-22T03:43:47.722+0000] {dagbag.py:588} INFO - Filling up the DagBag from /opt/airflow/dags/load_kalimantan_mysql.py
[2026-09-22T03:43:47.768+0000] {processor.py:925} INFO - DAG(s) 'load_kalimantan_mysql' retrieved from /opt/airflow/dags/load_kalimantan_mysql.py
[2026-09-22T03:43:47.788+0000] {logging_mixin.py:190} INFO - [2026-09-22T03:43:47.788+0000] {dag.py:3239} INFO - Sync 1 DAGs
[2026-09-22T03:43:47.800+0000] {logging_mixin.py:190} INFO - [2026-09-22T03:43:47.800+0000] {dag.py:4180} INFO - Setting next_dagrun for load_kalimantan_mysql to 2026-09-22 03:30:00+00:00, run_after=2026-09-23 03:30:00+00:00
[2026-09-22T03:43:47.807+0000] {processor.py:208} INFO - Processing /opt/airflow/dags/load_kalimantan_mysql.py took 0.104 seconds
[2026-09-22T03:44:18.309+0000] {processor.py:186} INFO - Started process (PID=1293) to work on /opt/airflow/dags/load_kalimantan_mysql.py
[2026-09-22T03:44:18.312+0000] {processor.py:914} INFO - Processing file /opt/airflow/dags/load_kalimantan_mysql.py for tasks to queue
[2026-09-22T03:44:18.314+0000] {logging_mixin.py:190} INFO - [2026-09-22T03:44:18.314+0000] {dagbag.py:588} INFO - Filling up the DagBag from /opt/airflow/dags/load_kalimantan_mysql.py
[2026-09-22T03:44:18.354+0000] {processor.py:925} INFO - DAG(s) 'load_kalimantan_mysql' retrieved from /opt/airflow/dags/load_kalimantan_mysql.py
[2026-09-22T03:44:18.368+0000] {logging_mixin.py:190} INFO - [2026-09-22T03:44:18.368+0000] {dag.py:3239} INFO - Sync 1 DAGs
[2026-09-22T03:44:18.378+0000] {logging_mixin.py:190} INFO - [2026-09-22T03:44:18.378+0000] {dag.py:4180} INFO - Setting next_dagrun for load_kalimantan_mysql to 2026-09-22 03:30:00+00:00, run_after=2026-09-23 03:30:00+00:00
[2026-09-22T03:44:18.386+0000] {processor.py:208} INFO - Processing /opt/airflow/dags/load_kalimantan_mysql.py took 0.086 seconds
[2026-09-22T03:44:48.805+0000] {processor.py:186} INFO - Started process (PID=1303) to work on /opt/airflow/dags/load_kalimantan_mysql.py
[2026-09-22T03:44:48.809+0000] {processor.py:914} INFO - Processing file /opt/airflow/dags/load_kalimantan_mysql.py for tasks to queue
[2026-09-22T03:44:48.814+0000] {logging_mixin.py:190} INFO - [2026-09-22T03:44:48.813+0000] {dagbag.py:588} INFO - Filling up the DagBag from /opt/airflow/dags/load_kalimantan_mysql.py
[2026-09-22T03:44:48.942+0000] {processor.py:925} INFO - DAG(s) 'load_kalimantan_mysql' retrieved from /opt/airflow/dags/load_kalimantan_mysql.py
[2026-09-22T03:44:48.983+0000] {logging_mixin.py:190} INFO - [2026-09-22T03:44:48.983+0000] {dag.py:3239} INFO - Sync 1 DAGs
[2026-09-22T03:44:49.001+0000] {logging_mixin.py:190} INFO - [2026-09-22T03:44:49.001+0000] {dag.py:4180} INFO - Setting next_dagrun for load_kalimantan_mysql to 2026-09-22 03:30:00+00:00, run_after=2026-09-23 03:30:00+00:00
[2026-09-22T03:44:49.012+0000] {processor.py:208} INFO - Processing /opt/airflow/dags/load_kalimantan_mysql.py took 0.230 seconds
[2026-09-22T03:45:19.421+0000] {processor.py:186} INFO - Started process (PID=1313) to work on /opt/airflow/dags/load_kalimantan_mysql.py
[2026-09-22T03:45:19.423+0000] {processor.py:914} INFO - Processing file /opt/airflow/dags/load_kalimantan_mysql.py for tasks to queue
[2026-09-22T03:45:19.427+0000] {logging_mixin.py:190} INFO - [2026-09-22T03:45:19.426+0000] {dagbag.py:588} INFO - Filling up the DagBag from /opt/airflow/dags/load_kalimantan_mysql.py
[2026-09-22T03:45:19.490+0000] {processor.py:925} INFO - DAG(s) 'load_kalimantan_mysql' retrieved from /opt/airflow/dags/load_kalimantan_mysql.py
[2026-09-22T03:45:19.514+0000] {logging_mixin.py:190} INFO - [2026-09-22T03:45:19.514+0000] {dag.py:3239} INFO - Sync 1 DAGs
[2026-09-22T03:45:19.536+0000] {logging_mixin.py:190} INFO - [2026-09-22T03:45:19.535+0000] {dag.py:4180} INFO - Setting next_dagrun for load_kalimantan_mysql to 2026-09-22 03:30:00+00:00, run_after=2026-09-23 03:30:00+00:00
[2026-09-22T03:45:19.554+0000] {processor.py:208} INFO - Processing /opt/airflow/dags/load_kalimantan_mysql.py took 0.140 seconds
[2026-09-22T03:45:49.855+0000] {processor.py:186} INFO - Started process (PID=1323) to work on /opt/airflow/dags/load_kalimantan_mysql.py
[2026-09-22T03:45:49.856+0000] {processor.py:914} INFO - Processing file /opt/airflow/dags/load_kalimantan_mysql.py for tasks to queue
[2026-09-22T03:45:49.857+0000] {logging_mixin.py:190} INFO - [2026-09-22T03:45:49.857+0000] {dagbag.py:588} INFO - Filling up the DagBag from /opt/airflow/dags/load_kalimantan_mysql.py
[2026-09-22T03:45:49.885+0000] {processor.py:925} INFO - DAG(s) 'load_kalimantan_mysql' retrieved from /opt/airflow/dags/load_kalimantan_mysql.py
[2026-09-22T03:45:49.903+0000] {logging_mixin.py:190} INFO - [2026-09-22T03:45:49.903+0000] {dag.py:3239} INFO - Sync 1 DAGs
[2026-09-22T03:45:49.913+0000] {logging_mixin.py:190} INFO - [2026-09-22T03:45:49.913+0000] {dag.py:4180} INFO - Setting next_dagrun for load_kalimantan_mysql to 2026-09-22 03:30:00+00:00, run_after=2026-09-23 03:30:00+00:00
[2026-09-22T03:45:49.921+0000] {processor.py:208} INFO - Processing /opt/airflow/dags/load_kalimantan_mysql.py took 0.069 seconds
[2026-09-22T03:46:20.385+0000] {processor.py:186} INFO - Started process (PID=1333) to work on /opt/airflow/dags/load_kalimantan_mysql.py
[2026-09-22T03:46:20.387+0000] {processor.py:914} INFO - Processing file /opt/airflow/dags/load_kalimantan_mysql.py for tasks to queue
[2026-09-22T03:46:20.389+0000] {logging_mixin.py:190} INFO - [2026-09-22T03:46:20.389+0000] {dagbag.py:588} INFO - Filling up the DagBag from /opt/airflow/dags/load_kalimantan_mysql.py
[2026-09-22T03:46:20.428+0000] {processor.py:925} INFO - DAG(s) 'load_kalimantan_mysql' retrieved from /opt/airflow/dags/load_kalimantan_mysql.py
[2026-09-22T03:46:20.443+0000] {logging_mixin.py:190} INFO - [2026-09-22T03:46:20.443+0000] {dag.py:3239} INFO - Sync 1 DAGs
[2026-09-22T03:46:20.454+0000] {logging_mixin.py:190} INFO - [2026-09-22T03:46:20.454+0000] {dag.py:4180} INFO - Setting next_dagrun for load_kalimantan_mysql to 2026-09-22 03:30:00+00:00, run_after=2026-09-23 03:30:00+00:00
[2026-09-22T03:46:20.461+0000] {processor.py:208} INFO - Processing /opt/airflow/dags/load_kalimantan_mysql.py took 0.086 seconds
[2026-09-22T03:46:50.855+0000] {processor.py:186} INFO - Started process (PID=1343) to work on /opt/airflow/dags/load_kalimantan_mysql.py
[2026-09-22T03:46:50.857+0000] {processor.py:914} INFO - Processing file /opt/airflow/dags/load_kalimantan_mysql.py for tasks to queue
[2026-09-22T03:46:50.860+0000] {logging_mixin.py:190} INFO - [2026-09-22T03:46:50.859+0000] {dagbag.py:588} INFO - Filling up the DagBag from /opt/airflow/dags/load_kalimantan_mysql.py
[2026-09-22T03:46:50.902+0000] {processor.py:925} INFO - DAG(s) 'load_kalimantan_mysql' retrieved from /opt/airflow/dags/load_kalimantan_mysql.py
[2026-09-22T03:46:50.916+0000] {logging_mixin.py:190} INFO - [2026-09-22T03:46:50.916+0000] {dag.py:3239} INFO - Sync 1 DAGs
[2026-09-22T03:46:50.926+0000] {logging_mixin.py:190} INFO - [2026-09-22T03:46:50.926+0000] {dag.py:4180} INFO - Setting next_dagrun for load_kalimantan_mysql to 2026-09-22 03:30:00+00:00, run_after=2026-09-23 03:30:00+00:00
[2026-09-22T03:46:50.932+0000] {processor.py:208} INFO - Processing /opt/airflow/dags/load_kalimantan_mysql.py took 0.085 seconds
[2026-09-22T03:47:21.295+0000] {processor.py:186} INFO - Started process (PID=1353) to work on /opt/airflow/dags/load_kalimantan_mysql.py
[2026-09-22T03:47:21.296+0000] {processor.py:914} INFO - Processing file /opt/airflow/dags/load_kalimantan_mysql.py for tasks to queue
[2026-09-22T03:47:21.298+0000] {logging_mixin.py:190} INFO - [2026-09-22T03:47:21.298+0000] {dagbag.py:588} INFO - Filling up the DagBag from /opt/airflow/dags/load_kalimantan_mysql.py
[2026-09-22T03:47:21.345+0000] {processor.py:925} INFO - DAG(s) 'load_kalimantan_mysql' retrieved from /opt/airflow/dags/load_kalimantan_mysql.py
[2026-09-22T03:47:21.368+0000] {logging_mixin.py:190} INFO - [2026-09-22T03:47:21.367+0000] {dag.py:3239} INFO - Sync 1 DAGs
[2026-09-22T03:47:21.378+0000] {logging_mixin.py:190} INFO - [2026-09-22T03:47:21.378+0000] {dag.py:4180} INFO - Setting next_dagrun for load_kalimantan_mysql to 2026-09-22 03:30:00+00:00, run_after=2026-09-23 03:30:00+00:00
[2026-09-22T03:47:21.385+0000] {processor.py:208} INFO - Processing /opt/airflow/dags/load_kalimantan_mysql.py took 0.105 seconds
[2026-09-22T03:47:51.813+0000] {processor.py:186} INFO - Started process (PID=1363) to work on /opt/airflow/dags/load_kalimantan_mysql.py
[2026-09-22T03:47:51.815+0000] {processor.py:914} INFO - Processing file /opt/airflow/dags/load_kalimantan_mysql.py for tasks to queue
[2026-09-22T03:47:51.817+0000] {logging_mixin.py:190} INFO - [2026-09-22T03:47:51.816+0000] {dagbag.py:588} INFO - Filling up the DagBag from /opt/airflow/dags/load_kalimantan_mysql.py
[2026-09-22T03:47:51.859+0000] {processor.py:925} INFO - DAG(s) 'load_kalimantan_mysql' retrieved from /opt/airflow/dags/load_kalimantan_mysql.py
[2026-09-22T03:47:51.877+0000] {logging_mixin.py:190} INFO - [2026-09-22T03:47:51.877+0000] {dag.py:3239} INFO - Sync 1 DAGs
[2026-09-22T03:47:51.889+0000] {logging_mixin.py:190} INFO - [2026-09-22T03:47:51.889+0000] {dag.py:4180} INFO - Setting next_dagrun for load_kalimantan_mysql to 2026-09-22 03:30:00+00:00, run_after=2026-09-23 03:30:00+00:00
[2026-09-22T03:47:51.896+0000] {processor.py:208} INFO - Processing /opt/airflow/dags/load_kalimantan_mysql.py took 0.091 seconds
[2026-09-22T03:48:22.226+0000] {processor.py:186} INFO - Started process (PID=1373) to work on /opt/airflow/dags/load_kalimantan_mysql.py
[2026-09-22T03:48:22.228+0000] {processor.py:914} INFO - Processing file /opt/airflow/dags/load_kalimantan_mysql.py for tasks to queue
[2026-09-22T03:48:22.231+0000] {logging_mixin.py:190} INFO - [2026-09-22T03:48:22.230+0000] {dagbag.py:588} INFO - Filling up the DagBag from /opt/airflow/dags/load_kalimantan_mysql.py
[2026-09-22T03:48:22.276+0000] {processor.py:925} INFO - DAG(s) 'load_kalimantan_mysql' retrieved from /opt/airflow/dags/load_kalimantan_mysql.py
[2026-09-22T03:48:22.291+0000] {logging_mixin.py:190} INFO - [2026-09-22T03:48:22.291+0000] {dag.py:3239} INFO - Sync 1 DAGs
[2026-09-22T03:48:22.303+0000] {logging_mixin.py:190} INFO - [2026-09-22T03:48:22.303+0000] {dag.py:4180} INFO - Setting next_dagrun for load_kalimantan_mysql to 2026-09-22 03:30:00+00:00, run_after=2026-09-23 03:30:00+00:00
[2026-09-22T03:48:22.310+0000] {processor.py:208} INFO - Processing /opt/airflow/dags/load_kalimantan_mysql.py took 0.092 seconds
[2026-09-22T03:48:52.666+0000] {processor.py:186} INFO - Started process (PID=1383) to work on /opt/airflow/dags/load_kalimantan_mysql.py
[2026-09-22T03:48:52.667+0000] {processor.py:914} INFO - Processing file /opt/airflow/dags/load_kalimantan_mysql.py for tasks to queue
[2026-09-22T03:48:52.669+0000] {logging_mixin.py:190} INFO - [2026-09-22T03:48:52.668+0000] {dagbag.py:588} INFO - Filling up the DagBag from /opt/airflow/dags/load_kalimantan_mysql.py
[2026-09-22T03:48:52.708+0000] {processor.py:925} INFO - DAG(s) 'load_kalimantan_mysql' retrieved from /opt/airflow/dags/load_kalimantan_mysql.py
[2026-09-22T03:48:52.724+0000] {logging_mixin.py:190} INFO - [2026-09-22T03:48:52.724+0000] {dag.py:3239} INFO - Sync 1 DAGs
[2026-09-22T03:48:52.734+0000] {logging_mixin.py:190} INFO - [2026-09-22T03:48:52.734+0000] {dag.py:4180} INFO - Setting next_dagrun for load_kalimantan_mysql to 2026-09-22 03:30:00+00:00, run_after=2026-09-23 03:30:00+00:00
[2026-09-22T03:48:52.740+0000] {processor.py:208} INFO - Processing /opt/airflow/dags/load_kalimantan_mysql.py took 0.081 seconds
[2026-09-22T03:49:23.131+0000] {processor.py:186} INFO - Started process (PID=1393) to work on /opt/airflow/dags/load_kalimantan_mysql.py
[2026-09-22T03:49:23.132+0000] {processor.py:914} INFO - Processing file /opt/airflow/dags/load_kalimantan_mysql.py for tasks to queue
[2026-09-22T03:49:23.134+0000] {logging_mixin.py:190} INFO - [2026-09-22T03:49:23.134+0000] {dagbag.py:588} INFO - Filling up the DagBag from /opt/airflow/dags/load_kalimantan_mysql.py
[2026-09-22T03:49:23.174+0000] {processor.py:925} INFO - DAG(s) 'load_kalimantan_mysql' retrieved from /opt/airflow/dags/load_kalimantan_mysql.py
[2026-09-22T03:49:23.188+0000] {logging_mixin.py:190} INFO - [2026-09-22T03:49:23.188+0000] {dag.py:3239} INFO - Sync 1 DAGs
[2026-09-22T03:49:23.198+0000] {logging_mixin.py:190} INFO - [2026-09-22T03:49:23.198+0000] {dag.py:4180} INFO - Setting next_dagrun for load_kalimantan_mysql to 2026-09-22 03:30:00+00:00, run_after=2026-09-23 03:30:00+00:00
[2026-09-22T03:49:23.205+0000] {processor.py:208} INFO - Processing /opt/airflow/dags/load_kalimantan_mysql.py took 0.081 seconds
[2026-09-22T03:49:53.605+0000] {processor.py:186} INFO - Started process (PID=1403) to work on /opt/airflow/dags/load_kalimantan_mysql.py
[2026-09-22T03:49:53.607+0000] {processor.py:914} INFO - Processing file /opt/airflow/dags/load_kalimantan_mysql.py for tasks to queue
[2026-09-22T03:49:53.611+0000] {logging_mixin.py:190} INFO - [2026-09-22T03:49:53.610+0000] {dagbag.py:588} INFO - Filling up the DagBag from /opt/airflow/dags/load_kalimantan_mysql.py
[2026-09-22T03:49:53.662+0000] {processor.py:925} INFO - DAG(s) 'load_kalimantan_mysql' retrieved from /opt/airflow/dags/load_kalimantan_mysql.py
[2026-09-22T03:49:53.680+0000] {logging_mixin.py:190} INFO - [2026-09-22T03:49:53.680+0000] {dag.py:3239} INFO - Sync 1 DAGs
[2026-09-22T03:49:53.692+0000] {logging_mixin.py:190} INFO - [2026-09-22T03:49:53.692+0000] {dag.py:4180} INFO - Setting next_dagrun for load_kalimantan_mysql to 2026-09-22 03:30:00+00:00, run_after=2026-09-23 03:30:00+00:00
[2026-09-22T03:49:53.700+0000] {processor.py:208} INFO - Processing /opt/airflow/dags/load_kalimantan_mysql.py took 0.104 seconds
[2026-09-22T03:50:23.962+0000] {processor.py:186} INFO - Started process (PID=1413) to work on /opt/airflow/dags/load_kalimantan_mysql.py
[2026-09-22T03:50:23.963+0000] {processor.py:914} INFO - Processing file /opt/airflow/dags/load_kalimantan_mysql.py for tasks to queue
[2026-09-22T03:50:23.965+0000] {logging_mixin.py:190} INFO - [2026-09-22T03:50:23.964+0000] {dagbag.py:588} INFO - Filling up the DagBag from /opt/airflow/dags/load_kalimantan_mysql.py
[2026-09-22T03:50:24.004+0000] {processor.py:925} INFO - DAG(s) 'load_kalimantan_mysql' retrieved from /opt/airflow/dags/load_kalimantan_mysql.py
[2026-09-22T03:50:24.019+0000] {logging_mixin.py:190} INFO - [2026-09-22T03:50:24.019+0000] {dag.py:3239} INFO - Sync 1 DAGs
[2026-09-22T03:50:24.028+0000] {logging_mixin.py:190} INFO - [2026-09-22T03:50:24.028+0000] {dag.py:4180} INFO - Setting next_dagrun for load_kalimantan_mysql to 2026-09-22 03:30:00+00:00, run_after=2026-09-23 03:30:00+00:00
[2026-09-22T03:50:24.035+0000] {processor.py:208} INFO - Processing /opt/airflow/dags/load_kalimantan_mysql.py took 0.080 seconds
[2026-09-22T03:50:54.426+0000] {processor.py:186} INFO - Started process (PID=1423) to work on /opt/airflow/dags/load_kalimantan_mysql.py
[2026-09-22T03:50:54.427+0000] {processor.py:914} INFO - Processing file /opt/airflow/dags/load_kalimantan_mysql.py for tasks to queue
[2026-09-22T03:50:54.430+0000] {logging_mixin.py:190} INFO - [2026-09-22T03:50:54.429+0000] {dagbag.py:588} INFO - Filling up the DagBag from /opt/airflow/dags/load_kalimantan_mysql.py
[2026-09-22T03:50:54.474+0000] {processor.py:925} INFO - DAG(s) 'load_kalimantan_mysql' retrieved from /opt/airflow/dags/load_kalimantan_mysql.py
[2026-09-22T03:50:54.492+0000] {logging_mixin.py:190} INFO - [2026-09-22T03:50:54.492+0000] {dag.py:3239} INFO - Sync 1 DAGs
[2026-09-22T03:50:54.505+0000] {logging_mixin.py:190} INFO - [2026-09-22T03:50:54.505+0000] {dag.py:4180} INFO - Setting next_dagrun for load_kalimantan_mysql to 2026-09-22 03:30:00+00:00, run_after=2026-09-23 03:30:00+00:00
[2026-09-22T03:50:54.512+0000] {processor.py:208} INFO - Processing /opt/airflow/dags/load_kalimantan_mysql.py took 0.094 seconds
[2026-09-22T03:51:25.014+0000] {processor.py:186} INFO - Started process (PID=1433) to work on /opt/airflow/dags/load_kalimantan_mysql.py
[2026-09-22T03:51:25.016+0000] {processor.py:914} INFO - Processing file /opt/airflow/dags/load_kalimantan_mysql.py for tasks to queue
[2026-09-22T03:51:25.020+0000] {logging_mixin.py:190} INFO - [2026-09-22T03:51:25.018+0000] {dagbag.py:588} INFO - Filling up the DagBag from /opt/airflow/dags/load_kalimantan_mysql.py
[2026-09-22T03:51:25.093+0000] {processor.py:925} INFO - DAG(s) 'load_kalimantan_mysql' retrieved from /opt/airflow/dags/load_kalimantan_mysql.py
[2026-09-22T03:51:25.120+0000] {logging_mixin.py:190} INFO - [2026-09-22T03:51:25.119+0000] {dag.py:3239} INFO - Sync 1 DAGs
[2026-09-22T03:51:25.141+0000] {logging_mixin.py:190} INFO - [2026-09-22T03:51:25.141+0000] {dag.py:4180} INFO - Setting next_dagrun for load_kalimantan_mysql to 2026-09-22 03:30:00+00:00, run_after=2026-09-23 03:30:00+00:00
[2026-09-22T03:51:25.150+0000] {processor.py:208} INFO - Processing /opt/airflow/dags/load_kalimantan_mysql.py took 0.151 seconds
[2026-09-22T03:51:55.542+0000] {processor.py:186} INFO - Started process (PID=1443) to work on /opt/airflow/dags/load_kalimantan_mysql.py
[2026-09-22T03:51:55.543+0000] {processor.py:914} INFO - Processing file /opt/airflow/dags/load_kalimantan_mysql.py for tasks to queue
[2026-09-22T03:51:55.545+0000] {logging_mixin.py:190} INFO - [2026-09-22T03:51:55.545+0000] {dagbag.py:588} INFO - Filling up the DagBag from /opt/airflow/dags/load_kalimantan_mysql.py
[2026-09-22T03:51:55.594+0000] {processor.py:925} INFO - DAG(s) 'load_kalimantan_mysql' retrieved from /opt/airflow/dags/load_kalimantan_mysql.py
[2026-09-22T03:51:55.611+0000] {logging_mixin.py:190} INFO - [2026-09-22T03:51:55.611+0000] {dag.py:3239} INFO - Sync 1 DAGs
[2026-09-22T03:51:55.623+0000] {logging_mixin.py:190} INFO - [2026-09-22T03:51:55.623+0000] {dag.py:4180} INFO - Setting next_dagrun for load_kalimantan_mysql to 2026-09-22 03:30:00+00:00, run_after=2026-09-23 03:30:00+00:00
[2026-09-22T03:51:55.631+0000] {processor.py:208} INFO - Processing /opt/airflow/dags/load_kalimantan_mysql.py took 0.099 seconds
[2026-09-22T03:52:25.946+0000] {processor.py:186} INFO - Started process (PID=1453) to work on /opt/airflow/dags/load_kalimantan_mysql.py
[2026-09-22T03:52:25.947+0000] {processor.py:914} INFO - Processing file /opt/airflow/dags/load_kalimantan_mysql.py for tasks to queue
[2026-09-22T03:52:25.949+0000] {logging_mixin.py:190} INFO - [2026-09-22T03:52:25.949+0000] {dagbag.py:588} INFO - Filling up the DagBag from /opt/airflow/dags/load_kalimantan_mysql.py
[2026-09-22T03:52:25.992+0000] {processor.py:925} INFO - DAG(s) 'load_kalimantan_mysql' retrieved from /opt/airflow/dags/load_kalimantan_mysql.py
[2026-09-22T03:52:26.006+0000] {logging_mixin.py:190} INFO - [2026-09-22T03:52:26.006+0000] {dag.py:3239} INFO - Sync 1 DAGs
[2026-09-22T03:52:26.016+0000] {logging_mixin.py:190} INFO - [2026-09-22T03:52:26.016+0000] {dag.py:4180} INFO - Setting next_dagrun for load_kalimantan_mysql to 2026-09-22 03:30:00+00:00, run_after=2026-09-23 03:30:00+00:00
[2026-09-22T03:52:26.023+0000] {processor.py:208} INFO - Processing /opt/airflow/dags/load_kalimantan_mysql.py took 0.085 seconds
[2026-09-22T03:52:56.403+0000] {processor.py:186} INFO - Started process (PID=1463) to work on /opt/airflow/dags/load_kalimantan_mysql.py
[2026-09-22T03:52:56.405+0000] {processor.py:914} INFO - Processing file /opt/airflow/dags/load_kalimantan_mysql.py for tasks to queue
[2026-09-22T03:52:56.407+0000] {logging_mixin.py:190} INFO - [2026-09-22T03:52:56.407+0000] {dagbag.py:588} INFO - Filling up the DagBag from /opt/airflow/dags/load_kalimantan_mysql.py
[2026-09-22T03:52:56.458+0000] {processor.py:925} INFO - DAG(s) 'load_kalimantan_mysql' retrieved from /opt/airflow/dags/load_kalimantan_mysql.py
[2026-09-22T03:52:56.475+0000] {logging_mixin.py:190} INFO - [2026-09-22T03:52:56.475+0000] {dag.py:3239} INFO - Sync 1 DAGs
[2026-09-22T03:52:56.487+0000] {logging_mixin.py:190} INFO - [2026-09-22T03:52:56.487+0000] {dag.py:4180} INFO - Setting next_dagrun for load_kalimantan_mysql to 2026-09-22 03:30:00+00:00, run_after=2026-09-23 03:30:00+00:00
[2026-09-22T03:52:56.495+0000] {processor.py:208} INFO - Processing /opt/airflow/dags/load_kalimantan_mysql.py took 0.100 seconds
[2026-09-22T03:53:26.807+0000] {processor.py:186} INFO - Started process (PID=1473) to work on /opt/airflow/dags/load_kalimantan_mysql.py
[2026-09-22T03:53:26.808+0000] {processor.py:914} INFO - Processing file /opt/airflow/dags/load_kalimantan_mysql.py for tasks to queue
[2026-09-22T03:53:26.812+0000] {logging_mixin.py:190} INFO - [2026-09-22T03:53:26.811+0000] {dagbag.py:588} INFO - Filling up the DagBag from /opt/airflow/dags/load_kalimantan_mysql.py
[2026-09-22T03:53:26.860+0000] {processor.py:925} INFO - DAG(s) 'load_kalimantan_mysql' retrieved from /opt/airflow/dags/load_kalimantan_mysql.py
[2026-09-22T03:53:26.878+0000] {logging_mixin.py:190} INFO - [2026-09-22T03:53:26.877+0000] {dag.py:3239} INFO - Sync 1 DAGs
[2026-09-22T03:53:26.891+0000] {logging_mixin.py:190} INFO - [2026-09-22T03:53:26.890+0000] {dag.py:4180} INFO - Setting next_dagrun for load_kalimantan_mysql to 2026-09-22 03:30:00+00:00, run_after=2026-09-23 03:30:00+00:00
[2026-09-22T03:53:26.898+0000] {processor.py:208} INFO - Processing /opt/airflow/dags/load_kalimantan_mysql.py took 0.102 seconds
[2026-09-22T03:53:57.256+0000] {processor.py:186} INFO - Started process (PID=1483) to work on /opt/airflow/dags/load_kalimantan_mysql.py
[2026-09-22T03:53:57.258+0000] {processor.py:914} INFO - Processing file /opt/airflow/dags/load_kalimantan_mysql.py for tasks to queue
[2026-09-22T03:53:57.260+0000] {logging_mixin.py:190} INFO - [2026-09-22T03:53:57.259+0000] {dagbag.py:588} INFO - Filling up the DagBag from /opt/airflow/dags/load_kalimantan_mysql.py
[2026-09-22T03:53:57.323+0000] {processor.py:925} INFO - DAG(s) 'load_kalimantan_mysql' retrieved from /opt/airflow/dags/load_kalimantan_mysql.py
[2026-09-22T03:53:57.351+0000] {logging_mixin.py:190} INFO - [2026-09-22T03:53:57.351+0000] {dag.py:3239} INFO - Sync 1 DAGs
[2026-09-22T03:53:57.371+0000] {logging_mixin.py:190} INFO - [2026-09-22T03:53:57.371+0000] {dag.py:4180} INFO - Setting next_dagrun for load_kalimantan_mysql to 2026-09-22 03:30:00+00:00, run_after=2026-09-23 03:30:00+00:00
[2026-09-22T03:53:57.379+0000] {processor.py:208} INFO - Processing /opt/airflow/dags/load_kalimantan_mysql.py took 0.129 seconds
[2026-09-22T03:54:27.635+0000] {processor.py:186} INFO - Started process (PID=1493) to work on /opt/airflow/dags/load_kalimantan_mysql.py
[2026-09-22T03:54:27.636+0000] {processor.py:914} INFO - Processing file /opt/airflow/dags/load_kalimantan_mysql.py for tasks to queue
[2026-09-22T03:54:27.638+0000] {logging_mixin.py:190} INFO - [2026-09-22T03:54:27.638+0000] {dagbag.py:588} INFO - Filling up the DagBag from /opt/airflow/dags/load_kalimantan_mysql.py
[2026-09-22T03:54:27.676+0000] {processor.py:925} INFO - DAG(s) 'load_kalimantan_mysql' retrieved from /opt/airflow/dags/load_kalimantan_mysql.py
[2026-09-22T03:54:27.690+0000] {logging_mixin.py:190} INFO - [2026-09-22T03:54:27.690+0000] {dag.py:3239} INFO - Sync 1 DAGs
[2026-09-22T03:54:27.700+0000] {logging_mixin.py:190} INFO - [2026-09-22T03:54:27.700+0000] {dag.py:4180} INFO - Setting next_dagrun for load_kalimantan_mysql to 2026-09-22 03:30:00+00:00, run_after=2026-09-23 03:30:00+00:00
[2026-09-22T03:54:27.706+0000] {processor.py:208} INFO - Processing /opt/airflow/dags/load_kalimantan_mysql.py took 0.077 seconds
[2026-09-22T03:54:58.037+0000] {processor.py:186} INFO - Started process (PID=1503) to work on /opt/airflow/dags/load_kalimantan_mysql.py
[2026-09-22T03:54:58.038+0000] {processor.py:914} INFO - Processing file /opt/airflow/dags/load_kalimantan_mysql.py for tasks to queue
[2026-09-22T03:54:58.040+0000] {logging_mixin.py:190} INFO - [2026-09-22T03:54:58.039+0000] {dagbag.py:588} INFO - Filling up the DagBag from /opt/airflow/dags/load_kalimantan_mysql.py
[2026-09-22T03:54:58.079+0000] {processor.py:925} INFO - DAG(s) 'load_kalimantan_mysql' retrieved from /opt/airflow/dags/load_kalimantan_mysql.py
[2026-09-22T03:54:58.093+0000] {logging_mixin.py:190} INFO - [2026-09-22T03:54:58.093+0000] {dag.py:3239} INFO - Sync 1 DAGs
[2026-09-22T03:54:58.102+0000] {logging_mixin.py:190} INFO - [2026-09-22T03:54:58.102+0000] {dag.py:4180} INFO - Setting next_dagrun for load_kalimantan_mysql to 2026-09-22 03:30:00+00:00, run_after=2026-09-23 03:30:00+00:00
[2026-09-22T03:54:58.109+0000] {processor.py:208} INFO - Processing /opt/airflow/dags/load_kalimantan_mysql.py took 0.079 seconds
[2026-09-22T03:55:28.458+0000] {processor.py:186} INFO - Started process (PID=1513) to work on /opt/airflow/dags/load_kalimantan_mysql.py
[2026-09-22T03:55:28.459+0000] {processor.py:914} INFO - Processing file /opt/airflow/dags/load_kalimantan_mysql.py for tasks to queue
[2026-09-22T03:55:28.461+0000] {logging_mixin.py:190} INFO - [2026-09-22T03:55:28.461+0000] {dagbag.py:588} INFO - Filling up the DagBag from /opt/airflow/dags/load_kalimantan_mysql.py
[2026-09-22T03:55:28.499+0000] {processor.py:925} INFO - DAG(s) 'load_kalimantan_mysql' retrieved from /opt/airflow/dags/load_kalimantan_mysql.py
[2026-09-22T03:55:28.514+0000] {logging_mixin.py:190} INFO - [2026-09-22T03:55:28.514+0000] {dag.py:3239} INFO - Sync 1 DAGs
[2026-09-22T03:55:28.523+0000] {logging_mixin.py:190} INFO - [2026-09-22T03:55:28.523+0000] {dag.py:4180} INFO - Setting next_dagrun for load_kalimantan_mysql to 2026-09-22 03:30:00+00:00, run_after=2026-09-23 03:30:00+00:00
[2026-09-22T03:55:28.530+0000] {processor.py:208} INFO - Processing /opt/airflow/dags/load_kalimantan_mysql.py took 0.080 seconds
[2026-09-22T03:55:58.893+0000] {processor.py:186} INFO - Started process (PID=1523) to work on /opt/airflow/dags/load_kalimantan_mysql.py
[2026-09-22T03:55:58.894+0000] {processor.py:914} INFO - Processing file /opt/airflow/dags/load_kalimantan_mysql.py for tasks to queue
[2026-09-22T03:55:58.896+0000] {logging_mixin.py:190} INFO - [2026-09-22T03:55:58.896+0000] {dagbag.py:588} INFO - Filling up the DagBag from /opt/airflow/dags/load_kalimantan_mysql.py
[2026-09-22T03:55:58.937+0000] {processor.py:925} INFO - DAG(s) 'load_kalimantan_mysql' retrieved from /opt/airflow/dags/load_kalimantan_mysql.py
[2026-09-22T03:55:58.950+0000] {logging_mixin.py:190} INFO - [2026-09-22T03:55:58.950+0000] {dag.py:3239} INFO - Sync 1 DAGs
[2026-09-22T03:55:58.960+0000] {logging_mixin.py:190} INFO - [2026-09-22T03:55:58.960+0000] {dag.py:4180} INFO - Setting next_dagrun for load_kalimantan_mysql to 2026-09-22 03:30:00+00:00, run_after=2026-09-23 03:30:00+00:00
[2026-09-22T03:55:58.966+0000] {processor.py:208} INFO - Processing /opt/airflow/dags/load_kalimantan_mysql.py took 0.080 seconds
[2026-09-22T03:56:29.339+0000] {processor.py:186} INFO - Started process (PID=1533) to work on /opt/airflow/dags/load_kalimantan_mysql.py
[2026-09-22T03:56:29.341+0000] {processor.py:914} INFO - Processing file /opt/airflow/dags/load_kalimantan_mysql.py for tasks to queue
[2026-09-22T03:56:29.344+0000] {logging_mixin.py:190} INFO - [2026-09-22T03:56:29.343+0000] {dagbag.py:588} INFO - Filling up the DagBag from /opt/airflow/dags/load_kalimantan_mysql.py
[2026-09-22T03:56:29.408+0000] {processor.py:925} INFO - DAG(s) 'load_kalimantan_mysql' retrieved from /opt/airflow/dags/load_kalimantan_mysql.py
[2026-09-22T03:56:29.435+0000] {logging_mixin.py:190} INFO - [2026-09-22T03:56:29.435+0000] {dag.py:3239} INFO - Sync 1 DAGs
[2026-09-22T03:56:29.447+0000] {logging_mixin.py:190} INFO - [2026-09-22T03:56:29.447+0000] {dag.py:4180} INFO - Setting next_dagrun for load_kalimantan_mysql to 2026-09-22 03:30:00+00:00, run_after=2026-09-23 03:30:00+00:00
[2026-09-22T03:56:29.455+0000] {processor.py:208} INFO - Processing /opt/airflow/dags/load_kalimantan_mysql.py took 0.124 seconds
[2026-09-22T03:56:59.789+0000] {processor.py:186} INFO - Started process (PID=1543) to work on /opt/airflow/dags/load_kalimantan_mysql.py
[2026-09-22T03:56:59.790+0000] {processor.py:914} INFO - Processing file /opt/airflow/dags/load_kalimantan_mysql.py for tasks to queue
[2026-09-22T03:56:59.792+0000] {logging_mixin.py:190} INFO - [2026-09-22T03:56:59.792+0000] {dagbag.py:588} INFO - Filling up the DagBag from /opt/airflow/dags/load_kalimantan_mysql.py
[2026-09-22T03:56:59.835+0000] {processor.py:925} INFO - DAG(s) 'load_kalimantan_mysql' retrieved from /opt/airflow/dags/load_kalimantan_mysql.py
[2026-09-22T03:56:59.850+0000] {logging_mixin.py:190} INFO - [2026-09-22T03:56:59.850+0000] {dag.py:3239} INFO - Sync 1 DAGs
[2026-09-22T03:56:59.859+0000] {logging_mixin.py:190} INFO - [2026-09-22T03:56:59.859+0000] {dag.py:4180} INFO - Setting next_dagrun for load_kalimantan_mysql to 2026-09-22 03:30:00+00:00, run_after=2026-09-23 03:30:00+00:00
[2026-09-22T03:56:59.865+0000] {processor.py:208} INFO - Processing /opt/airflow/dags/load_kalimantan_mysql.py took 0.083 seconds
[2026-09-22T03:57:30.211+0000] {processor.py:186} INFO - Started process (PID=1553) to work on /opt/airflow/dags/load_kalimantan_mysql.py
[2026-09-22T03:57:30.213+0000] {processor.py:914} INFO - Processing file /opt/airflow/dags/load_kalimantan_mysql.py for tasks to queue
[2026-09-22T03:57:30.216+0000] {logging_mixin.py:190} INFO - [2026-09-22T03:57:30.215+0000] {dagbag.py:588} INFO - Filling up the DagBag from /opt/airflow/dags/load_kalimantan_mysql.py
[2026-09-22T03:57:30.263+0000] {processor.py:925} INFO - DAG(s) 'load_kalimantan_mysql' retrieved from /opt/airflow/dags/load_kalimantan_mysql.py
[2026-09-22T03:57:30.281+0000] {logging_mixin.py:190} INFO - [2026-09-22T03:57:30.281+0000] {dag.py:3239} INFO - Sync 1 DAGs
[2026-09-22T03:57:30.293+0000] {logging_mixin.py:190} INFO - [2026-09-22T03:57:30.293+0000] {dag.py:4180} INFO - Setting next_dagrun for load_kalimantan_mysql to 2026-09-22 03:30:00+00:00, run_after=2026-09-23 03:30:00+00:00
[2026-09-22T03:57:30.301+0000] {processor.py:208} INFO - Processing /opt/airflow/dags/load_kalimantan_mysql.py took 0.099 seconds
[2026-09-22T03:58:00.566+0000] {processor.py:186} INFO - Started process (PID=1563) to work on /opt/airflow/dags/load_kalimantan_mysql.py
[2026-09-22T03:58:00.567+0000] {processor.py:914} INFO - Processing file /opt/airflow/dags/load_kalimantan_mysql.py for tasks to queue
[2026-09-22T03:58:00.568+0000] {logging_mixin.py:190} INFO - [2026-09-22T03:58:00.568+0000] {dagbag.py:588} INFO - Filling up the DagBag from /opt/airflow/dags/load_kalimantan_mysql.py
[2026-09-22T03:58:00.609+0000] {processor.py:925} INFO - DAG(s) 'load_kalimantan_mysql' retrieved from /opt/airflow/dags/load_kalimantan_mysql.py
[2026-09-22T03:58:00.623+0000] {logging_mixin.py:190} INFO - [2026-09-22T03:58:00.623+0000] {dag.py:3239} INFO - Sync 1 DAGs
[2026-09-22T03:58:00.632+0000] {logging_mixin.py:190} INFO - [2026-09-22T03:58:00.632+0000] {dag.py:4180} INFO - Setting next_dagrun for load_kalimantan_mysql to 2026-09-22 03:30:00+00:00, run_after=2026-09-23 03:30:00+00:00
[2026-09-22T03:58:00.640+0000] {processor.py:208} INFO - Processing /opt/airflow/dags/load_kalimantan_mysql.py took 0.082 seconds
[2026-09-22T03:58:31.000+0000] {processor.py:186} INFO - Started process (PID=1573) to work on /opt/airflow/dags/load_kalimantan_mysql.py
[2026-09-22T03:58:31.001+0000] {processor.py:914} INFO - Processing file /opt/airflow/dags/load_kalimantan_mysql.py for tasks to queue
[2026-09-22T03:58:31.003+0000] {logging_mixin.py:190} INFO - [2026-09-22T03:58:31.003+0000] {dagbag.py:588} INFO - Filling up the DagBag from /opt/airflow/dags/load_kalimantan_mysql.py
[2026-09-22T03:58:31.043+0000] {processor.py:925} INFO - DAG(s) 'load_kalimantan_mysql' retrieved from /opt/airflow/dags/load_kalimantan_mysql.py
[2026-09-22T03:58:31.057+0000] {logging_mixin.py:190} INFO - [2026-09-22T03:58:31.057+0000] {dag.py:3239} INFO - Sync 1 DAGs
[2026-09-22T03:58:31.069+0000] {logging_mixin.py:190} INFO - [2026-09-22T03:58:31.068+0000] {dag.py:4180} INFO - Setting next_dagrun for load_kalimantan_mysql to 2026-09-22 03:30:00+00:00, run_after=2026-09-23 03:30:00+00:00
[2026-09-22T03:58:31.076+0000] {processor.py:208} INFO - Processing /opt/airflow/dags/load_kalimantan_mysql.py took 0.082 seconds
[2026-09-22T03:59:01.484+0000] {processor.py:186} INFO - Started process (PID=1583) to work on /opt/airflow/dags/load_kalimantan_mysql.py
[2026-09-22T03:59:01.485+0000] {processor.py:914} INFO - Processing file /opt/airflow/dags/load_kalimantan_mysql.py for tasks to queue
[2026-09-22T03:59:01.488+0000] {logging_mixin.py:190} INFO - [2026-09-22T03:59:01.487+0000] {dagbag.py:588} INFO - Filling up the DagBag from /opt/airflow/dags/load_kalimantan_mysql.py
[2026-09-22T03:59:01.554+0000] {processor.py:925} INFO - DAG(s) 'load_kalimantan_mysql' retrieved from /opt/airflow/dags/load_kalimantan_mysql.py
[2026-09-22T03:59:01.583+0000] {logging_mixin.py:190} INFO - [2026-09-22T03:59:01.583+0000] {dag.py:3239} INFO - Sync 1 DAGs
[2026-09-22T03:59:01.598+0000] {logging_mixin.py:190} INFO - [2026-09-22T03:59:01.598+0000] {dag.py:4180} INFO - Setting next_dagrun for load_kalimantan_mysql to 2026-09-22 03:30:00+00:00, run_after=2026-09-23 03:30:00+00:00
[2026-09-22T03:59:01.605+0000] {processor.py:208} INFO - Processing /opt/airflow/dags/load_kalimantan_mysql.py took 0.153 seconds
[2026-09-22T03:59:31.947+0000] {processor.py:186} INFO - Started process (PID=1593) to work on /opt/airflow/dags/load_kalimantan_mysql.py
[2026-09-22T03:59:31.947+0000] {processor.py:914} INFO - Processing file /opt/airflow/dags/load_kalimantan_mysql.py for tasks to queue
[2026-09-22T03:59:31.949+0000] {logging_mixin.py:190} INFO - [2026-09-22T03:59:31.948+0000] {dagbag.py:588} INFO - Filling up the DagBag from /opt/airflow/dags/load_kalimantan_mysql.py
[2026-09-22T03:59:31.979+0000] {processor.py:925} INFO - DAG(s) 'load_kalimantan_mysql' retrieved from /opt/airflow/dags/load_kalimantan_mysql.py
[2026-09-22T03:59:31.993+0000] {logging_mixin.py:190} INFO - [2026-09-22T03:59:31.993+0000] {dag.py:3239} INFO - Sync 1 DAGs
[2026-09-22T03:59:32.002+0000] {logging_mixin.py:190} INFO - [2026-09-22T03:59:32.001+0000] {dag.py:4180} INFO - Setting next_dagrun for load_kalimantan_mysql to 2026-09-22 03:30:00+00:00, run_after=2026-09-23 03:30:00+00:00
[2026-09-22T03:59:32.008+0000] {processor.py:208} INFO - Processing /opt/airflow/dags/load_kalimantan_mysql.py took 0.064 seconds
[2026-09-22T04:00:02.421+0000] {processor.py:186} INFO - Started process (PID=1603) to work on /opt/airflow/dags/load_kalimantan_mysql.py
[2026-09-22T04:00:02.422+0000] {processor.py:914} INFO - Processing file /opt/airflow/dags/load_kalimantan_mysql.py for tasks to queue
[2026-09-22T04:00:02.426+0000] {logging_mixin.py:190} INFO - [2026-09-22T04:00:02.425+0000] {dagbag.py:588} INFO - Filling up the DagBag from /opt/airflow/dags/load_kalimantan_mysql.py
[2026-09-22T04:00:02.476+0000] {processor.py:925} INFO - DAG(s) 'load_kalimantan_mysql' retrieved from /opt/airflow/dags/load_kalimantan_mysql.py
[2026-09-22T04:00:02.495+0000] {logging_mixin.py:190} INFO - [2026-09-22T04:00:02.495+0000] {dag.py:3239} INFO - Sync 1 DAGs
[2026-09-22T04:00:02.507+0000] {logging_mixin.py:190} INFO - [2026-09-22T04:00:02.507+0000] {dag.py:4180} INFO - Setting next_dagrun for load_kalimantan_mysql to 2026-09-22 03:30:00+00:00, run_after=2026-09-23 03:30:00+00:00
[2026-09-22T04:00:02.514+0000] {processor.py:208} INFO - Processing /opt/airflow/dags/load_kalimantan_mysql.py took 0.103 seconds
[2026-09-22T04:00:32.907+0000] {processor.py:186} INFO - Started process (PID=1613) to work on /opt/airflow/dags/load_kalimantan_mysql.py
[2026-09-22T04:00:32.908+0000] {processor.py:914} INFO - Processing file /opt/airflow/dags/load_kalimantan_mysql.py for tasks to queue
[2026-09-22T04:00:32.910+0000] {logging_mixin.py:190} INFO - [2026-09-22T04:00:32.910+0000] {dagbag.py:588} INFO - Filling up the DagBag from /opt/airflow/dags/load_kalimantan_mysql.py
[2026-09-22T04:00:32.947+0000] {processor.py:925} INFO - DAG(s) 'load_kalimantan_mysql' retrieved from /opt/airflow/dags/load_kalimantan_mysql.py
[2026-09-22T04:00:32.960+0000] {logging_mixin.py:190} INFO - [2026-09-22T04:00:32.960+0000] {dag.py:3239} INFO - Sync 1 DAGs
[2026-09-22T04:00:32.970+0000] {logging_mixin.py:190} INFO - [2026-09-22T04:00:32.970+0000] {dag.py:4180} INFO - Setting next_dagrun for load_kalimantan_mysql to 2026-09-22 03:30:00+00:00, run_after=2026-09-23 03:30:00+00:00
[2026-09-22T04:00:32.978+0000] {processor.py:208} INFO - Processing /opt/airflow/dags/load_kalimantan_mysql.py took 0.078 seconds
[2026-09-22T04:01:03.360+0000] {processor.py:186} INFO - Started process (PID=1623) to work on /opt/airflow/dags/load_kalimantan_mysql.py
[2026-09-22T04:01:03.361+0000] {processor.py:914} INFO - Processing file /opt/airflow/dags/load_kalimantan_mysql.py for tasks to queue
[2026-09-22T04:01:03.364+0000] {logging_mixin.py:190} INFO - [2026-09-22T04:01:03.363+0000] {dagbag.py:588} INFO - Filling up the DagBag from /opt/airflow/dags/load_kalimantan_mysql.py
[2026-09-22T04:01:03.412+0000] {processor.py:925} INFO - DAG(s) 'load_kalimantan_mysql' retrieved from /opt/airflow/dags/load_kalimantan_mysql.py
[2026-09-22T04:01:03.431+0000] {logging_mixin.py:190} INFO - [2026-09-22T04:01:03.431+0000] {dag.py:3239} INFO - Sync 1 DAGs
[2026-09-22T04:01:03.442+0000] {logging_mixin.py:190} INFO - [2026-09-22T04:01:03.442+0000] {dag.py:4180} INFO - Setting next_dagrun for load_kalimantan_mysql to 2026-09-22 03:30:00+00:00, run_after=2026-09-23 03:30:00+00:00
[2026-09-22T04:01:03.448+0000] {processor.py:208} INFO - Processing /opt/airflow/dags/load_kalimantan_mysql.py took 0.098 seconds
[2026-09-22T04:01:33.881+0000] {processor.py:186} INFO - Started process (PID=1633) to work on /opt/airflow/dags/load_kalimantan_mysql.py
[2026-09-22T04:01:33.884+0000] {processor.py:914} INFO - Processing file /opt/airflow/dags/load_kalimantan_mysql.py for tasks to queue
[2026-09-22T04:01:33.886+0000] {logging_mixin.py:190} INFO - [2026-09-22T04:01:33.886+0000] {dagbag.py:588} INFO - Filling up the DagBag from /opt/airflow/dags/load_kalimantan_mysql.py
[2026-09-22T04:01:33.928+0000] {processor.py:925} INFO - DAG(s) 'load_kalimantan_mysql' retrieved from /opt/airflow/dags/load_kalimantan_mysql.py
[2026-09-22T04:01:33.943+0000] {logging_mixin.py:190} INFO - [2026-09-22T04:01:33.943+0000] {dag.py:3239} INFO - Sync 1 DAGs
[2026-09-22T04:01:33.952+0000] {logging_mixin.py:190} INFO - [2026-09-22T04:01:33.952+0000] {dag.py:4180} INFO - Setting next_dagrun for load_kalimantan_mysql to 2026-09-22 03:30:00+00:00, run_after=2026-09-23 03:30:00+00:00
[2026-09-22T04:01:33.959+0000] {processor.py:208} INFO - Processing /opt/airflow/dags/load_kalimantan_mysql.py took 0.084 seconds
[2026-09-22T04:02:04.274+0000] {processor.py:186} INFO - Started process (PID=1643) to work on /opt/airflow/dags/load_kalimantan_mysql.py
[2026-09-22T04:02:04.276+0000] {processor.py:914} INFO - Processing file /opt/airflow/dags/load_kalimantan_mysql.py for tasks to queue
[2026-09-22T04:02:04.278+0000] {logging_mixin.py:190} INFO - [2026-09-22T04:02:04.278+0000] {dagbag.py:588} INFO - Filling up the DagBag from /opt/airflow/dags/load_kalimantan_mysql.py
[2026-09-22T04:02:04.319+0000] {processor.py:925} INFO - DAG(s) 'load_kalimantan_mysql' retrieved from /opt/airflow/dags/load_kalimantan_mysql.py
[2026-09-22T04:02:04.332+0000] {logging_mixin.py:190} INFO - [2026-09-22T04:02:04.332+0000] {dag.py:3239} INFO - Sync 1 DAGs
[2026-09-22T04:02:04.342+0000] {logging_mixin.py:190} INFO - [2026-09-22T04:02:04.342+0000] {dag.py:4180} INFO - Setting next_dagrun for load_kalimantan_mysql to 2026-09-22 03:30:00+00:00, run_after=2026-09-23 03:30:00+00:00
[2026-09-22T04:02:04.348+0000] {processor.py:208} INFO - Processing /opt/airflow/dags/load_kalimantan_mysql.py took 0.081 seconds
[2026-09-22T04:02:34.677+0000] {processor.py:186} INFO - Started process (PID=1653) to work on /opt/airflow/dags/load_kalimantan_mysql.py
[2026-09-22T04:02:34.678+0000] {processor.py:914} INFO - Processing file /opt/airflow/dags/load_kalimantan_mysql.py for tasks to queue
[2026-09-22T04:02:34.679+0000] {logging_mixin.py:190} INFO - [2026-09-22T04:02:34.679+0000] {dagbag.py:588} INFO - Filling up the DagBag from /opt/airflow/dags/load_kalimantan_mysql.py
[2026-09-22T04:02:34.711+0000] {processor.py:925} INFO - DAG(s) 'load_kalimantan_mysql' retrieved from /opt/airflow/dags/load_kalimantan_mysql.py
[2026-09-22T04:02:34.725+0000] {logging_mixin.py:190} INFO - [2026-09-22T04:02:34.725+0000] {dag.py:3239} INFO - Sync 1 DAGs
[2026-09-22T04:02:34.735+0000] {logging_mixin.py:190} INFO - [2026-09-22T04:02:34.734+0000] {dag.py:4180} INFO - Setting next_dagrun for load_kalimantan_mysql to 2026-09-22 03:30:00+00:00, run_after=2026-09-23 03:30:00+00:00
[2026-09-22T04:02:34.742+0000] {processor.py:208} INFO - Processing /opt/airflow/dags/load_kalimantan_mysql.py took 0.069 seconds
[2026-09-22T04:03:05.151+0000] {processor.py:186} INFO - Started process (PID=1663) to work on /opt/airflow/dags/load_kalimantan_mysql.py
[2026-09-22T04:03:05.152+0000] {processor.py:914} INFO - Processing file /opt/airflow/dags/load_kalimantan_mysql.py for tasks to queue
[2026-09-22T04:03:05.154+0000] {logging_mixin.py:190} INFO - [2026-09-22T04:03:05.154+0000] {dagbag.py:588} INFO - Filling up the DagBag from /opt/airflow/dags/load_kalimantan_mysql.py
[2026-09-22T04:03:05.194+0000] {processor.py:925} INFO - DAG(s) 'load_kalimantan_mysql' retrieved from /opt/airflow/dags/load_kalimantan_mysql.py
[2026-09-22T04:03:05.208+0000] {logging_mixin.py:190} INFO - [2026-09-22T04:03:05.208+0000] {dag.py:3239} INFO - Sync 1 DAGs
[2026-09-22T04:03:05.218+0000] {logging_mixin.py:190} INFO - [2026-09-22T04:03:05.218+0000] {dag.py:4180} INFO - Setting next_dagrun for load_kalimantan_mysql to 2026-09-22 03:30:00+00:00, run_after=2026-09-23 03:30:00+00:00
[2026-09-22T04:03:05.225+0000] {processor.py:208} INFO - Processing /opt/airflow/dags/load_kalimantan_mysql.py took 0.080 seconds
[2026-09-22T04:03:35.608+0000] {processor.py:186} INFO - Started process (PID=1673) to work on /opt/airflow/dags/load_kalimantan_mysql.py
[2026-09-22T04:03:35.609+0000] {processor.py:914} INFO - Processing file /opt/airflow/dags/load_kalimantan_mysql.py for tasks to queue
[2026-09-22T04:03:35.611+0000] {logging_mixin.py:190} INFO - [2026-09-22T04:03:35.611+0000] {dagbag.py:588} INFO - Filling up the DagBag from /opt/airflow/dags/load_kalimantan_mysql.py
[2026-09-22T04:03:35.648+0000] {processor.py:925} INFO - DAG(s) 'load_kalimantan_mysql' retrieved from /opt/airflow/dags/load_kalimantan_mysql.py
[2026-09-22T04:03:35.661+0000] {logging_mixin.py:190} INFO - [2026-09-22T04:03:35.661+0000] {dag.py:3239} INFO - Sync 1 DAGs
[2026-09-22T04:03:35.671+0000] {logging_mixin.py:190} INFO - [2026-09-22T04:03:35.671+0000] {dag.py:4180} INFO - Setting next_dagrun for load_kalimantan_mysql to 2026-09-22 03:30:00+00:00, run_after=2026-09-23 03:30:00+00:00
[2026-09-22T04:03:35.677+0000] {processor.py:208} INFO - Processing /opt/airflow/dags/load_kalimantan_mysql.py took 0.074 seconds
[2026-09-22T04:04:06.055+0000] {processor.py:186} INFO - Started process (PID=1683) to work on /opt/airflow/dags/load_kalimantan_mysql.py
[2026-09-22T04:04:06.055+0000] {processor.py:914} INFO - Processing file /opt/airflow/dags/load_kalimantan_mysql.py for tasks to queue
[2026-09-22T04:04:06.057+0000] {logging_mixin.py:190} INFO - [2026-09-22T04:04:06.057+0000] {dagbag.py:588} INFO - Filling up the DagBag from /opt/airflow/dags/load_kalimantan_mysql.py
[2026-09-22T04:04:06.098+0000] {processor.py:925} INFO - DAG(s) 'load_kalimantan_mysql' retrieved from /opt/airflow/dags/load_kalimantan_mysql.py
[2026-09-22T04:04:06.113+0000] {logging_mixin.py:190} INFO - [2026-09-22T04:04:06.113+0000] {dag.py:3239} INFO - Sync 1 DAGs
[2026-09-22T04:04:06.127+0000] {logging_mixin.py:190} INFO - [2026-09-22T04:04:06.127+0000] {dag.py:4180} INFO - Setting next_dagrun for load_kalimantan_mysql to 2026-09-22 03:30:00+00:00, run_after=2026-09-23 03:30:00+00:00
[2026-09-22T04:04:06.134+0000] {processor.py:208} INFO - Processing /opt/airflow/dags/load_kalimantan_mysql.py took 0.085 seconds
[2026-09-22T04:04:36.574+0000] {processor.py:186} INFO - Started process (PID=1693) to work on /opt/airflow/dags/load_kalimantan_mysql.py
[2026-09-22T04:04:36.575+0000] {processor.py:914} INFO - Processing file /opt/airflow/dags/load_kalimantan_mysql.py for tasks to queue
[2026-09-22T04:04:36.577+0000] {logging_mixin.py:190} INFO - [2026-09-22T04:04:36.577+0000] {dagbag.py:588} INFO - Filling up the DagBag from /opt/airflow/dags/load_kalimantan_mysql.py
[2026-09-22T04:04:36.619+0000] {processor.py:925} INFO - DAG(s) 'load_kalimantan_mysql' retrieved from /opt/airflow/dags/load_kalimantan_mysql.py
[2026-09-22T04:04:36.633+0000] {logging_mixin.py:190} INFO - [2026-09-22T04:04:36.633+0000] {dag.py:3239} INFO - Sync 1 DAGs
[2026-09-22T04:04:36.643+0000] {logging_mixin.py:190} INFO - [2026-09-22T04:04:36.643+0000] {dag.py:4180} INFO - Setting next_dagrun for load_kalimantan_mysql to 2026-09-22 03:30:00+00:00, run_after=2026-09-23 03:30:00+00:00
[2026-09-22T04:04:36.649+0000] {processor.py:208} INFO - Processing /opt/airflow/dags/load_kalimantan_mysql.py took 0.082 seconds
[2026-09-22T04:05:07.032+0000] {processor.py:186} INFO - Started process (PID=1703) to work on /opt/airflow/dags/load_kalimantan_mysql.py
[2026-09-22T04:05:07.033+0000] {processor.py:914} INFO - Processing file /opt/airflow/dags/load_kalimantan_mysql.py for tasks to queue
[2026-09-22T04:05:07.037+0000] {logging_mixin.py:190} INFO - [2026-09-22T04:05:07.036+0000] {dagbag.py:588} INFO - Filling up the DagBag from /opt/airflow/dags/load_kalimantan_mysql.py
[2026-09-22T04:05:07.085+0000] {processor.py:925} INFO - DAG(s) 'load_kalimantan_mysql' retrieved from /opt/airflow/dags/load_kalimantan_mysql.py
[2026-09-22T04:05:07.102+0000] {logging_mixin.py:190} INFO - [2026-09-22T04:05:07.102+0000] {dag.py:3239} INFO - Sync 1 DAGs
[2026-09-22T04:05:07.114+0000] {logging_mixin.py:190} INFO - [2026-09-22T04:05:07.114+0000] {dag.py:4180} INFO - Setting next_dagrun for load_kalimantan_mysql to 2026-09-22 03:30:00+00:00, run_after=2026-09-23 03:30:00+00:00
[2026-09-22T04:05:07.122+0000] {processor.py:208} INFO - Processing /opt/airflow/dags/load_kalimantan_mysql.py took 0.099 seconds
[2026-09-22T04:05:37.545+0000] {processor.py:186} INFO - Started process (PID=1713) to work on /opt/airflow/dags/load_kalimantan_mysql.py
[2026-09-22T04:05:37.546+0000] {processor.py:914} INFO - Processing file /opt/airflow/dags/load_kalimantan_mysql.py for tasks to queue
[2026-09-22T04:05:37.548+0000] {logging_mixin.py:190} INFO - [2026-09-22T04:05:37.547+0000] {dagbag.py:588} INFO - Filling up the DagBag from /opt/airflow/dags/load_kalimantan_mysql.py
[2026-09-22T04:05:37.587+0000] {processor.py:925} INFO - DAG(s) 'load_kalimantan_mysql' retrieved from /opt/airflow/dags/load_kalimantan_mysql.py
[2026-09-22T04:05:37.602+0000] {logging_mixin.py:190} INFO - [2026-09-22T04:05:37.601+0000] {dag.py:3239} INFO - Sync 1 DAGs
[2026-09-22T04:05:37.611+0000] {logging_mixin.py:190} INFO - [2026-09-22T04:05:37.611+0000] {dag.py:4180} INFO - Setting next_dagrun for load_kalimantan_mysql to 2026-09-22 03:30:00+00:00, run_after=2026-09-23 03:30:00+00:00
[2026-09-22T04:05:37.618+0000] {processor.py:208} INFO - Processing /opt/airflow/dags/load_kalimantan_mysql.py took 0.080 seconds
[2026-09-22T04:06:08.054+0000] {processor.py:186} INFO - Started process (PID=1723) to work on /opt/airflow/dags/load_kalimantan_mysql.py
[2026-09-22T04:06:08.055+0000] {processor.py:914} INFO - Processing file /opt/airflow/dags/load_kalimantan_mysql.py for tasks to queue
[2026-09-22T04:06:08.065+0000] {logging_mixin.py:190} INFO - [2026-09-22T04:06:08.059+0000] {dagbag.py:588} INFO - Filling up the DagBag from /opt/airflow/dags/load_kalimantan_mysql.py
[2026-09-22T04:06:08.127+0000] {processor.py:925} INFO - DAG(s) 'load_kalimantan_mysql' retrieved from /opt/airflow/dags/load_kalimantan_mysql.py
[2026-09-22T04:06:08.152+0000] {logging_mixin.py:190} INFO - [2026-09-22T04:06:08.151+0000] {dag.py:3239} INFO - Sync 1 DAGs
[2026-09-22T04:06:08.164+0000] {logging_mixin.py:190} INFO - [2026-09-22T04:06:08.164+0000] {dag.py:4180} INFO - Setting next_dagrun for load_kalimantan_mysql to 2026-09-22 03:30:00+00:00, run_after=2026-09-23 03:30:00+00:00
[2026-09-22T04:06:08.174+0000] {processor.py:208} INFO - Processing /opt/airflow/dags/load_kalimantan_mysql.py took 0.129 seconds
[2026-09-22T04:06:38.582+0000] {processor.py:186} INFO - Started process (PID=1733) to work on /opt/airflow/dags/load_kalimantan_mysql.py
[2026-09-22T04:06:38.583+0000] {processor.py:914} INFO - Processing file /opt/airflow/dags/load_kalimantan_mysql.py for tasks to queue
[2026-09-22T04:06:38.586+0000] {logging_mixin.py:190} INFO - [2026-09-22T04:06:38.586+0000] {dagbag.py:588} INFO - Filling up the DagBag from /opt/airflow/dags/load_kalimantan_mysql.py
[2026-09-22T04:06:38.634+0000] {processor.py:925} INFO - DAG(s) 'load_kalimantan_mysql' retrieved from /opt/airflow/dags/load_kalimantan_mysql.py
[2026-09-22T04:06:38.653+0000] {logging_mixin.py:190} INFO - [2026-09-22T04:06:38.652+0000] {dag.py:3239} INFO - Sync 1 DAGs
[2026-09-22T04:06:38.665+0000] {logging_mixin.py:190} INFO - [2026-09-22T04:06:38.665+0000] {dag.py:4180} INFO - Setting next_dagrun for load_kalimantan_mysql to 2026-09-22 03:30:00+00:00, run_after=2026-09-23 03:30:00+00:00
[2026-09-22T04:06:38.672+0000] {processor.py:208} INFO - Processing /opt/airflow/dags/load_kalimantan_mysql.py took 0.099 seconds
[2026-09-22T04:07:09.011+0000] {processor.py:186} INFO - Started process (PID=1743) to work on /opt/airflow/dags/load_kalimantan_mysql.py
[2026-09-22T04:07:09.013+0000] {processor.py:914} INFO - Processing file /opt/airflow/dags/load_kalimantan_mysql.py for tasks to queue
[2026-09-22T04:07:09.018+0000] {logging_mixin.py:190} INFO - [2026-09-22T04:07:09.016+0000] {dagbag.py:588} INFO - Filling up the DagBag from /opt/airflow/dags/load_kalimantan_mysql.py
[2026-09-22T04:07:09.068+0000] {processor.py:925} INFO - DAG(s) 'load_kalimantan_mysql' retrieved from /opt/airflow/dags/load_kalimantan_mysql.py
[2026-09-22T04:07:09.089+0000] {logging_mixin.py:190} INFO - [2026-09-22T04:07:09.089+0000] {dag.py:3239} INFO - Sync 1 DAGs
[2026-09-22T04:07:09.100+0000] {logging_mixin.py:190} INFO - [2026-09-22T04:07:09.100+0000] {dag.py:4180} INFO - Setting next_dagrun for load_kalimantan_mysql to 2026-09-22 03:30:00+00:00, run_after=2026-09-23 03:30:00+00:00
[2026-09-22T04:07:09.108+0000] {processor.py:208} INFO - Processing /opt/airflow/dags/load_kalimantan_mysql.py took 0.107 seconds
[2026-09-22T04:07:39.377+0000] {processor.py:186} INFO - Started process (PID=1753) to work on /opt/airflow/dags/load_kalimantan_mysql.py
[2026-09-22T04:07:39.378+0000] {processor.py:914} INFO - Processing file /opt/airflow/dags/load_kalimantan_mysql.py for tasks to queue
[2026-09-22T04:07:39.380+0000] {logging_mixin.py:190} INFO - [2026-09-22T04:07:39.380+0000] {dagbag.py:588} INFO - Filling up the DagBag from /opt/airflow/dags/load_kalimantan_mysql.py
[2026-09-22T04:07:39.419+0000] {processor.py:925} INFO - DAG(s) 'load_kalimantan_mysql' retrieved from /opt/airflow/dags/load_kalimantan_mysql.py
[2026-09-22T04:07:39.434+0000] {logging_mixin.py:190} INFO - [2026-09-22T04:07:39.433+0000] {dag.py:3239} INFO - Sync 1 DAGs
[2026-09-22T04:07:39.443+0000] {logging_mixin.py:190} INFO - [2026-09-22T04:07:39.443+0000] {dag.py:4180} INFO - Setting next_dagrun for load_kalimantan_mysql to 2026-09-22 03:30:00+00:00, run_after=2026-09-23 03:30:00+00:00
[2026-09-22T04:07:39.450+0000] {processor.py:208} INFO - Processing /opt/airflow/dags/load_kalimantan_mysql.py took 0.080 seconds
[2026-09-22T04:08:09.841+0000] {processor.py:186} INFO - Started process (PID=1763) to work on /opt/airflow/dags/load_kalimantan_mysql.py
[2026-09-22T04:08:09.843+0000] {processor.py:914} INFO - Processing file /opt/airflow/dags/load_kalimantan_mysql.py for tasks to queue
[2026-09-22T04:08:09.845+0000] {logging_mixin.py:190} INFO - [2026-09-22T04:08:09.845+0000] {dagbag.py:588} INFO - Filling up the DagBag from /opt/airflow/dags/load_kalimantan_mysql.py
[2026-09-22T04:08:09.893+0000] {processor.py:925} INFO - DAG(s) 'load_kalimantan_mysql' retrieved from /opt/airflow/dags/load_kalimantan_mysql.py
[2026-09-22T04:08:09.910+0000] {logging_mixin.py:190} INFO - [2026-09-22T04:08:09.910+0000] {dag.py:3239} INFO - Sync 1 DAGs
[2026-09-22T04:08:09.923+0000] {logging_mixin.py:190} INFO - [2026-09-22T04:08:09.923+0000] {dag.py:4180} INFO - Setting next_dagrun for load_kalimantan_mysql to 2026-09-22 03:30:00+00:00, run_after=2026-09-23 03:30:00+00:00
[2026-09-22T04:08:09.930+0000] {processor.py:208} INFO - Processing /opt/airflow/dags/load_kalimantan_mysql.py took 0.099 seconds
[2026-09-22T04:08:40.248+0000] {processor.py:186} INFO - Started process (PID=1773) to work on /opt/airflow/dags/load_kalimantan_mysql.py
[2026-09-22T04:08:40.249+0000] {processor.py:914} INFO - Processing file /opt/airflow/dags/load_kalimantan_mysql.py for tasks to queue
[2026-09-22T04:08:40.250+0000] {logging_mixin.py:190} INFO - [2026-09-22T04:08:40.250+0000] {dagbag.py:588} INFO - Filling up the DagBag from /opt/airflow/dags/load_kalimantan_mysql.py
[2026-09-22T04:08:40.287+0000] {processor.py:925} INFO - DAG(s) 'load_kalimantan_mysql' retrieved from /opt/airflow/dags/load_kalimantan_mysql.py
[2026-09-22T04:08:40.301+0000] {logging_mixin.py:190} INFO - [2026-09-22T04:08:40.301+0000] {dag.py:3239} INFO - Sync 1 DAGs
[2026-09-22T04:08:40.310+0000] {logging_mixin.py:190} INFO - [2026-09-22T04:08:40.310+0000] {dag.py:4180} INFO - Setting next_dagrun for load_kalimantan_mysql to 2026-09-22 03:30:00+00:00, run_after=2026-09-23 03:30:00+00:00
[2026-09-22T04:08:40.315+0000] {processor.py:208} INFO - Processing /opt/airflow/dags/load_kalimantan_mysql.py took 0.077 seconds
[2026-09-22T04:09:10.764+0000] {processor.py:186} INFO - Started process (PID=1783) to work on /opt/airflow/dags/load_kalimantan_mysql.py
[2026-09-22T04:09:10.766+0000] {processor.py:914} INFO - Processing file /opt/airflow/dags/load_kalimantan_mysql.py for tasks to queue
[2026-09-22T04:09:10.773+0000] {logging_mixin.py:190} INFO - [2026-09-22T04:09:10.772+0000] {dagbag.py:588} INFO - Filling up the DagBag from /opt/airflow/dags/load_kalimantan_mysql.py
[2026-09-22T04:09:10.839+0000] {processor.py:925} INFO - DAG(s) 'load_kalimantan_mysql' retrieved from /opt/airflow/dags/load_kalimantan_mysql.py
[2026-09-22T04:09:10.862+0000] {logging_mixin.py:190} INFO - [2026-09-22T04:09:10.862+0000] {dag.py:3239} INFO - Sync 1 DAGs
[2026-09-22T04:09:10.884+0000] {logging_mixin.py:190} INFO - [2026-09-22T04:09:10.884+0000] {dag.py:4180} INFO - Setting next_dagrun for load_kalimantan_mysql to 2026-09-22 03:30:00+00:00, run_after=2026-09-23 03:30:00+00:00
[2026-09-22T04:09:10.893+0000] {processor.py:208} INFO - Processing /opt/airflow/dags/load_kalimantan_mysql.py took 0.138 seconds
[2026-09-22T04:09:41.207+0000] {processor.py:186} INFO - Started process (PID=1793) to work on /opt/airflow/dags/load_kalimantan_mysql.py
[2026-09-22T04:09:41.207+0000] {processor.py:914} INFO - Processing file /opt/airflow/dags/load_kalimantan_mysql.py for tasks to queue
[2026-09-22T04:09:41.209+0000] {logging_mixin.py:190} INFO - [2026-09-22T04:09:41.209+0000] {dagbag.py:588} INFO - Filling up the DagBag from /opt/airflow/dags/load_kalimantan_mysql.py
[2026-09-22T04:09:41.244+0000] {processor.py:925} INFO - DAG(s) 'load_kalimantan_mysql' retrieved from /opt/airflow/dags/load_kalimantan_mysql.py
[2026-09-22T04:09:41.258+0000] {logging_mixin.py:190} INFO - [2026-09-22T04:09:41.258+0000] {dag.py:3239} INFO - Sync 1 DAGs
[2026-09-22T04:09:41.268+0000] {logging_mixin.py:190} INFO - [2026-09-22T04:09:41.268+0000] {dag.py:4180} INFO - Setting next_dagrun for load_kalimantan_mysql to 2026-09-22 03:30:00+00:00, run_after=2026-09-23 03:30:00+00:00
[2026-09-22T04:09:41.275+0000] {processor.py:208} INFO - Processing /opt/airflow/dags/load_kalimantan_mysql.py took 0.073 seconds
[2026-09-22T04:10:11.607+0000] {processor.py:186} INFO - Started process (PID=1803) to work on /opt/airflow/dags/load_kalimantan_mysql.py
[2026-09-22T04:10:11.609+0000] {processor.py:914} INFO - Processing file /opt/airflow/dags/load_kalimantan_mysql.py for tasks to queue
[2026-09-22T04:10:11.612+0000] {logging_mixin.py:190} INFO - [2026-09-22T04:10:11.611+0000] {dagbag.py:588} INFO - Filling up the DagBag from /opt/airflow/dags/load_kalimantan_mysql.py
[2026-09-22T04:10:11.652+0000] {processor.py:925} INFO - DAG(s) 'load_kalimantan_mysql' retrieved from /opt/airflow/dags/load_kalimantan_mysql.py
[2026-09-22T04:10:11.666+0000] {logging_mixin.py:190} INFO - [2026-09-22T04:10:11.666+0000] {dag.py:3239} INFO - Sync 1 DAGs
[2026-09-22T04:10:11.676+0000] {logging_mixin.py:190} INFO - [2026-09-22T04:10:11.676+0000] {dag.py:4180} INFO - Setting next_dagrun for load_kalimantan_mysql to 2026-09-22 03:30:00+00:00, run_after=2026-09-23 03:30:00+00:00
[2026-09-22T04:10:11.682+0000] {processor.py:208} INFO - Processing /opt/airflow/dags/load_kalimantan_mysql.py took 0.084 seconds
[2026-09-22T04:10:42.152+0000] {processor.py:186} INFO - Started process (PID=1813) to work on /opt/airflow/dags/load_kalimantan_mysql.py
[2026-09-22T04:10:42.154+0000] {processor.py:914} INFO - Processing file /opt/airflow/dags/load_kalimantan_mysql.py for tasks to queue
[2026-09-22T04:10:42.156+0000] {logging_mixin.py:190} INFO - [2026-09-22T04:10:42.156+0000] {dagbag.py:588} INFO - Filling up the DagBag from /opt/airflow/dags/load_kalimantan_mysql.py
[2026-09-22T04:10:42.201+0000] {processor.py:925} INFO - DAG(s) 'load_kalimantan_mysql' retrieved from /opt/airflow/dags/load_kalimantan_mysql.py
[2026-09-22T04:10:42.220+0000] {logging_mixin.py:190} INFO - [2026-09-22T04:10:42.220+0000] {dag.py:3239} INFO - Sync 1 DAGs
[2026-09-22T04:10:42.233+0000] {logging_mixin.py:190} INFO - [2026-09-22T04:10:42.233+0000] {dag.py:4180} INFO - Setting next_dagrun for load_kalimantan_mysql to 2026-09-22 03:30:00+00:00, run_after=2026-09-23 03:30:00+00:00
[2026-09-22T04:10:42.248+0000] {processor.py:208} INFO - Processing /opt/airflow/dags/load_kalimantan_mysql.py took 0.105 seconds
[2026-09-22T04:11:12.622+0000] {processor.py:186} INFO - Started process (PID=1823) to work on /opt/airflow/dags/load_kalimantan_mysql.py
[2026-09-22T04:11:12.624+0000] {processor.py:914} INFO - Processing file /opt/airflow/dags/load_kalimantan_mysql.py for tasks to queue
[2026-09-22T04:11:12.626+0000] {logging_mixin.py:190} INFO - [2026-09-22T04:11:12.625+0000] {dagbag.py:588} INFO - Filling up the DagBag from /opt/airflow/dags/load_kalimantan_mysql.py
[2026-09-22T04:11:12.672+0000] {processor.py:925} INFO - DAG(s) 'load_kalimantan_mysql' retrieved from /opt/airflow/dags/load_kalimantan_mysql.py
[2026-09-22T04:11:12.688+0000] {logging_mixin.py:190} INFO - [2026-09-22T04:11:12.688+0000] {dag.py:3239} INFO - Sync 1 DAGs
[2026-09-22T04:11:12.699+0000] {logging_mixin.py:190} INFO - [2026-09-22T04:11:12.699+0000] {dag.py:4180} INFO - Setting next_dagrun for load_kalimantan_mysql to 2026-09-22 03:30:00+00:00, run_after=2026-09-23 03:30:00+00:00
[2026-09-22T04:11:12.707+0000] {processor.py:208} INFO - Processing /opt/airflow/dags/load_kalimantan_mysql.py took 0.092 seconds
[2026-09-22T04:11:43.090+0000] {processor.py:186} INFO - Started process (PID=1833) to work on /opt/airflow/dags/load_kalimantan_mysql.py
[2026-09-22T04:11:43.092+0000] {processor.py:914} INFO - Processing file /opt/airflow/dags/load_kalimantan_mysql.py for tasks to queue
[2026-09-22T04:11:43.095+0000] {logging_mixin.py:190} INFO - [2026-09-22T04:11:43.094+0000] {dagbag.py:588} INFO - Filling up the DagBag from /opt/airflow/dags/load_kalimantan_mysql.py
[2026-09-22T04:11:43.150+0000] {processor.py:925} INFO - DAG(s) 'load_kalimantan_mysql' retrieved from /opt/airflow/dags/load_kalimantan_mysql.py
[2026-09-22T04:11:43.174+0000] {logging_mixin.py:190} INFO - [2026-09-22T04:11:43.174+0000] {dag.py:3239} INFO - Sync 1 DAGs
[2026-09-22T04:11:43.188+0000] {logging_mixin.py:190} INFO - [2026-09-22T04:11:43.188+0000] {dag.py:4180} INFO - Setting next_dagrun for load_kalimantan_mysql to 2026-09-22 03:30:00+00:00, run_after=2026-09-23 03:30:00+00:00
[2026-09-22T04:11:43.198+0000] {processor.py:208} INFO - Processing /opt/airflow/dags/load_kalimantan_mysql.py took 0.118 seconds
[2026-09-22T04:12:13.585+0000] {processor.py:186} INFO - Started process (PID=1843) to work on /opt/airflow/dags/load_kalimantan_mysql.py
[2026-09-22T04:12:13.586+0000] {processor.py:914} INFO - Processing file /opt/airflow/dags/load_kalimantan_mysql.py for tasks to queue
[2026-09-22T04:12:13.590+0000] {logging_mixin.py:190} INFO - [2026-09-22T04:12:13.589+0000] {dagbag.py:588} INFO - Filling up the DagBag from /opt/airflow/dags/load_kalimantan_mysql.py
[2026-09-22T04:12:13.643+0000] {processor.py:925} INFO - DAG(s) 'load_kalimantan_mysql' retrieved from /opt/airflow/dags/load_kalimantan_mysql.py
[2026-09-22T04:12:13.666+0000] {logging_mixin.py:190} INFO - [2026-09-22T04:12:13.666+0000] {dag.py:3239} INFO - Sync 1 DAGs
[2026-09-22T04:12:13.682+0000] {logging_mixin.py:190} INFO - [2026-09-22T04:12:13.681+0000] {dag.py:4180} INFO - Setting next_dagrun for load_kalimantan_mysql to 2026-09-22 03:30:00+00:00, run_after=2026-09-23 03:30:00+00:00
[2026-09-22T04:12:13.693+0000] {processor.py:208} INFO - Processing /opt/airflow/dags/load_kalimantan_mysql.py took 0.120 seconds
[2026-09-22T04:12:43.959+0000] {processor.py:186} INFO - Started process (PID=1853) to work on /opt/airflow/dags/load_kalimantan_mysql.py
[2026-09-22T04:12:43.960+0000] {processor.py:914} INFO - Processing file /opt/airflow/dags/load_kalimantan_mysql.py for tasks to queue
[2026-09-22T04:12:43.961+0000] {logging_mixin.py:190} INFO - [2026-09-22T04:12:43.961+0000] {dagbag.py:588} INFO - Filling up the DagBag from /opt/airflow/dags/load_kalimantan_mysql.py
[2026-09-22T04:12:43.996+0000] {processor.py:925} INFO - DAG(s) 'load_kalimantan_mysql' retrieved from /opt/airflow/dags/load_kalimantan_mysql.py
[2026-09-22T04:12:44.013+0000] {logging_mixin.py:190} INFO - [2026-09-22T04:12:44.013+0000] {dag.py:3239} INFO - Sync 1 DAGs
[2026-09-22T04:12:44.026+0000] {logging_mixin.py:190} INFO - [2026-09-22T04:12:44.025+0000] {dag.py:4180} INFO - Setting next_dagrun for load_kalimantan_mysql to 2026-09-22 03:30:00+00:00, run_after=2026-09-23 03:30:00+00:00
[2026-09-22T04:12:44.032+0000] {processor.py:208} INFO - Processing /opt/airflow/dags/load_kalimantan_mysql.py took 0.084 seconds
[2026-09-22T04:13:14.373+0000] {processor.py:186} INFO - Started process (PID=1863) to work on /opt/airflow/dags/load_kalimantan_mysql.py
[2026-09-22T04:13:14.375+0000] {processor.py:914} INFO - Processing file /opt/airflow/dags/load_kalimantan_mysql.py for tasks to queue
[2026-09-22T04:13:14.376+0000] {logging_mixin.py:190} INFO - [2026-09-22T04:13:14.376+0000] {dagbag.py:588} INFO - Filling up the DagBag from /opt/airflow/dags/load_kalimantan_mysql.py
[2026-09-22T04:13:14.414+0000] {processor.py:925} INFO - DAG(s) 'load_kalimantan_mysql' retrieved from /opt/airflow/dags/load_kalimantan_mysql.py
[2026-09-22T04:13:14.429+0000] {logging_mixin.py:190} INFO - [2026-09-22T04:13:14.428+0000] {dag.py:3239} INFO - Sync 1 DAGs
[2026-09-22T04:13:14.438+0000] {logging_mixin.py:190} INFO - [2026-09-22T04:13:14.438+0000] {dag.py:4180} INFO - Setting next_dagrun for load_kalimantan_mysql to 2026-09-22 03:30:00+00:00, run_after=2026-09-23 03:30:00+00:00
[2026-09-22T04:13:14.444+0000] {processor.py:208} INFO - Processing /opt/airflow/dags/load_kalimantan_mysql.py took 0.085 seconds
[2026-09-22T04:13:44.818+0000] {processor.py:186} INFO - Started process (PID=1873) to work on /opt/airflow/dags/load_kalimantan_mysql.py
[2026-09-22T04:13:44.819+0000] {processor.py:914} INFO - Processing file /opt/airflow/dags/load_kalimantan_mysql.py for tasks to queue
[2026-09-22T04:13:44.820+0000] {logging_mixin.py:190} INFO - [2026-09-22T04:13:44.820+0000] {dagbag.py:588} INFO - Filling up the DagBag from /opt/airflow/dags/load_kalimantan_mysql.py
[2026-09-22T04:13:44.863+0000] {processor.py:925} INFO - DAG(s) 'load_kalimantan_mysql' retrieved from /opt/airflow/dags/load_kalimantan_mysql.py
[2026-09-22T04:13:44.879+0000] {logging_mixin.py:190} INFO - [2026-09-22T04:13:44.879+0000] {dag.py:3239} INFO - Sync 1 DAGs
[2026-09-22T04:13:44.889+0000] {logging_mixin.py:190} INFO - [2026-09-22T04:13:44.889+0000] {dag.py:4180} INFO - Setting next_dagrun for load_kalimantan_mysql to 2026-09-22 03:30:00+00:00, run_after=2026-09-23 03:30:00+00:00
[2026-09-22T04:13:44.897+0000] {processor.py:208} INFO - Processing /opt/airflow/dags/load_kalimantan_mysql.py took 0.087 seconds
[2026-09-22T04:14:15.246+0000] {processor.py:186} INFO - Started process (PID=1883) to work on /opt/airflow/dags/load_kalimantan_mysql.py
[2026-09-22T04:14:15.247+0000] {processor.py:914} INFO - Processing file /opt/airflow/dags/load_kalimantan_mysql.py for tasks to queue
[2026-09-22T04:14:15.250+0000] {logging_mixin.py:190} INFO - [2026-09-22T04:14:15.250+0000] {dagbag.py:588} INFO - Filling up the DagBag from /opt/airflow/dags/load_kalimantan_mysql.py
[2026-09-22T04:14:15.295+0000] {processor.py:925} INFO - DAG(s) 'load_kalimantan_mysql' retrieved from /opt/airflow/dags/load_kalimantan_mysql.py
[2026-09-22T04:14:15.313+0000] {logging_mixin.py:190} INFO - [2026-09-22T04:14:15.313+0000] {dag.py:3239} INFO - Sync 1 DAGs
[2026-09-22T04:14:15.325+0000] {logging_mixin.py:190} INFO - [2026-09-22T04:14:15.324+0000] {dag.py:4180} INFO - Setting next_dagrun for load_kalimantan_mysql to 2026-09-22 03:30:00+00:00, run_after=2026-09-23 03:30:00+00:00
[2026-09-22T04:14:15.332+0000] {processor.py:208} INFO - Processing /opt/airflow/dags/load_kalimantan_mysql.py took 0.096 seconds
[2026-09-22T04:14:45.574+0000] {processor.py:186} INFO - Started process (PID=1893) to work on /opt/airflow/dags/load_kalimantan_mysql.py
[2026-09-22T04:14:45.576+0000] {processor.py:914} INFO - Processing file /opt/airflow/dags/load_kalimantan_mysql.py for tasks to queue
[2026-09-22T04:14:45.578+0000] {logging_mixin.py:190} INFO - [2026-09-22T04:14:45.578+0000] {dagbag.py:588} INFO - Filling up the DagBag from /opt/airflow/dags/load_kalimantan_mysql.py
[2026-09-22T04:14:45.622+0000] {processor.py:925} INFO - DAG(s) 'load_kalimantan_mysql' retrieved from /opt/airflow/dags/load_kalimantan_mysql.py
[2026-09-22T04:14:45.637+0000] {logging_mixin.py:190} INFO - [2026-09-22T04:14:45.637+0000] {dag.py:3239} INFO - Sync 1 DAGs
[2026-09-22T04:14:45.647+0000] {logging_mixin.py:190} INFO - [2026-09-22T04:14:45.647+0000] {dag.py:4180} INFO - Setting next_dagrun for load_kalimantan_mysql to 2026-09-22 03:30:00+00:00, run_after=2026-09-23 03:30:00+00:00
[2026-09-22T04:14:45.654+0000] {processor.py:208} INFO - Processing /opt/airflow/dags/load_kalimantan_mysql.py took 0.092 seconds
[2026-09-22T04:15:16.016+0000] {processor.py:186} INFO - Started process (PID=1903) to work on /opt/airflow/dags/load_kalimantan_mysql.py
[2026-09-22T04:15:16.017+0000] {processor.py:914} INFO - Processing file /opt/airflow/dags/load_kalimantan_mysql.py for tasks to queue
[2026-09-22T04:15:16.019+0000] {logging_mixin.py:190} INFO - [2026-09-22T04:15:16.019+0000] {dagbag.py:588} INFO - Filling up the DagBag from /opt/airflow/dags/load_kalimantan_mysql.py
[2026-09-22T04:15:16.059+0000] {processor.py:925} INFO - DAG(s) 'load_kalimantan_mysql' retrieved from /opt/airflow/dags/load_kalimantan_mysql.py
[2026-09-22T04:15:16.073+0000] {logging_mixin.py:190} INFO - [2026-09-22T04:15:16.073+0000] {dag.py:3239} INFO - Sync 1 DAGs
[2026-09-22T04:15:16.083+0000] {logging_mixin.py:190} INFO - [2026-09-22T04:15:16.083+0000] {dag.py:4180} INFO - Setting next_dagrun for load_kalimantan_mysql to 2026-09-22 03:30:00+00:00, run_after=2026-09-23 03:30:00+00:00
[2026-09-22T04:15:16.090+0000] {processor.py:208} INFO - Processing /opt/airflow/dags/load_kalimantan_mysql.py took 0.080 seconds
[2026-09-22T04:15:46.492+0000] {processor.py:186} INFO - Started process (PID=1913) to work on /opt/airflow/dags/load_kalimantan_mysql.py
[2026-09-22T04:15:46.494+0000] {processor.py:914} INFO - Processing file /opt/airflow/dags/load_kalimantan_mysql.py for tasks to queue
[2026-09-22T04:15:46.497+0000] {logging_mixin.py:190} INFO - [2026-09-22T04:15:46.497+0000] {dagbag.py:588} INFO - Filling up the DagBag from /opt/airflow/dags/load_kalimantan_mysql.py
[2026-09-22T04:15:46.546+0000] {processor.py:925} INFO - DAG(s) 'load_kalimantan_mysql' retrieved from /opt/airflow/dags/load_kalimantan_mysql.py
[2026-09-22T04:15:46.570+0000] {logging_mixin.py:190} INFO - [2026-09-22T04:15:46.569+0000] {dag.py:3239} INFO - Sync 1 DAGs
[2026-09-22T04:15:46.591+0000] {logging_mixin.py:190} INFO - [2026-09-22T04:15:46.591+0000] {dag.py:4180} INFO - Setting next_dagrun for load_kalimantan_mysql to 2026-09-22 03:30:00+00:00, run_after=2026-09-23 03:30:00+00:00
[2026-09-22T04:15:46.600+0000] {processor.py:208} INFO - Processing /opt/airflow/dags/load_kalimantan_mysql.py took 0.118 seconds
[2026-09-22T04:16:16.935+0000] {processor.py:186} INFO - Started process (PID=1923) to work on /opt/airflow/dags/load_kalimantan_mysql.py
[2026-09-22T04:16:16.936+0000] {processor.py:914} INFO - Processing file /opt/airflow/dags/load_kalimantan_mysql.py for tasks to queue
[2026-09-22T04:16:16.939+0000] {logging_mixin.py:190} INFO - [2026-09-22T04:16:16.939+0000] {dagbag.py:588} INFO - Filling up the DagBag from /opt/airflow/dags/load_kalimantan_mysql.py
[2026-09-22T04:16:16.991+0000] {processor.py:925} INFO - DAG(s) 'load_kalimantan_mysql' retrieved from /opt/airflow/dags/load_kalimantan_mysql.py
[2026-09-22T04:16:17.017+0000] {logging_mixin.py:190} INFO - [2026-09-22T04:16:17.016+0000] {dag.py:3239} INFO - Sync 1 DAGs
[2026-09-22T04:16:17.032+0000] {logging_mixin.py:190} INFO - [2026-09-22T04:16:17.032+0000] {dag.py:4180} INFO - Setting next_dagrun for load_kalimantan_mysql to 2026-09-22 03:30:00+00:00, run_after=2026-09-23 03:30:00+00:00
[2026-09-22T04:16:17.040+0000] {processor.py:208} INFO - Processing /opt/airflow/dags/load_kalimantan_mysql.py took 0.114 seconds
