[2026-09-22T02:35:58.761+0000] {processor.py:186} INFO - Started process (PID=174) to work on /opt/airflow/dags/load_kalimantan_postgres.py
[2026-09-22T02:35:58.762+0000] {processor.py:914} INFO - Processing file /opt/airflow/dags/load_kalimantan_postgres.py for tasks to queue
[2026-09-22T02:35:58.764+0000] {logging_mixin.py:190} INFO - [2026-09-22T02:35:58.764+0000] {dagbag.py:588} INFO - Filling up the DagBag from /opt/airflow/dags/load_kalimantan_postgres.py
[2026-09-22T02:35:58.816+0000] {processor.py:925} INFO - DAG(s) 'load_kalimantan_postgres' retrieved from /opt/airflow/dags/load_kalimantan_postgres.py
[2026-09-22T02:35:58.950+0000] {logging_mixin.py:190} INFO - [2026-09-22T02:35:58.950+0000] {override.py:1912} INFO - Created Permission View: can edit on DAG:load_kalimantan_postgres
[2026-09-22T02:35:58.953+0000] {logging_mixin.py:190} INFO - [2026-09-22T02:35:58.953+0000] {override.py:1912} INFO - Created Permission View: can delete on DAG:load_kalimantan_postgres
[2026-09-22T02:35:58.955+0000] {logging_mixin.py:190} INFO - [2026-09-22T02:35:58.955+0000] {override.py:1912} INFO - Created Permission View: can read on DAG:load_kalimantan_postgres
[2026-09-22T02:35:58.957+0000] {logging_mixin.py:190} INFO - [2026-09-22T02:35:58.957+0000] {override.py:1912} INFO - Created Permission View: can delete on DAG Run:load_kalimantan_postgres
[2026-09-22T02:35:58.958+0000] {logging_mixin.py:190} INFO - [2026-09-22T02:35:58.958+0000] {override.py:1912} INFO - Created Permission View: menu access on DAG Run:load_kalimantan_postgres
[2026-09-22T02:35:58.959+0000] {logging_mixin.py:190} INFO - [2026-09-22T02:35:58.959+0000] {override.py:1912} INFO - Created Permission View: can read on DAG Run:load_kalimantan_postgres
[2026-09-22T02:35:58.961+0000] {logging_mixin.py:190} INFO - [2026-09-22T02:35:58.961+0000] {override.py:1912} INFO - Created Permission View: can create on DAG Run:load_kalimantan_postgres
[2026-09-22T02:35:58.961+0000] {logging_mixin.py:190} INFO - [2026-09-22T02:35:58.961+0000] {dag.py:3239} INFO - Sync 1 DAGs
[2026-09-22T02:35:58.966+0000] {logging_mixin.py:190} INFO - [2026-09-22T02:35:58.966+0000] {dag.py:3262} INFO - Creating ORM DAG for load_kalimantan_postgres
[2026-09-22T02:35:58.970+0000] {logging_mixin.py:190} INFO - [2026-09-22T02:35:58.970+0000] {dag.py:4180} INFO - Setting next_dagrun for load_kalimantan_postgres to 2026-09-22 01:00:00+00:00, run_after=2026-09-23 01:00:00+00:00
[2026-09-22T02:35:58.976+0000] {processor.py:208} INFO - Processing /opt/airflow/dags/load_kalimantan_postgres.py took 0.220 seconds
[2026-09-22T02:36:29.209+0000] {processor.py:186} INFO - Started process (PID=179) to work on /opt/airflow/dags/load_kalimantan_postgres.py
[2026-09-22T02:36:29.212+0000] {processor.py:914} INFO - Processing file /opt/airflow/dags/load_kalimantan_postgres.py for tasks to queue
[2026-09-22T02:36:29.224+0000] {logging_mixin.py:190} INFO - [2026-09-22T02:36:29.222+0000] {dagbag.py:588} INFO - Filling up the DagBag from /opt/airflow/dags/load_kalimantan_postgres.py
[2026-09-22T02:36:29.284+0000] {processor.py:925} INFO - DAG(s) 'load_kalimantan_postgres' retrieved from /opt/airflow/dags/load_kalimantan_postgres.py
[2026-09-22T02:36:29.310+0000] {logging_mixin.py:190} INFO - [2026-09-22T02:36:29.310+0000] {dag.py:3239} INFO - Sync 1 DAGs
[2026-09-22T02:36:29.326+0000] {logging_mixin.py:190} INFO - [2026-09-22T02:36:29.325+0000] {dag.py:4180} INFO - Setting next_dagrun for load_kalimantan_postgres to 2026-09-22 01:00:00+00:00, run_after=2026-09-23 01:00:00+00:00
[2026-09-22T02:36:29.334+0000] {processor.py:208} INFO - Processing /opt/airflow/dags/load_kalimantan_postgres.py took 0.134 seconds
[2026-09-22T02:36:52.563+0000] {processor.py:186} INFO - Started process (PID=184) to work on /opt/airflow/dags/load_kalimantan_postgres.py
[2026-09-22T02:36:52.565+0000] {processor.py:914} INFO - Processing file /opt/airflow/dags/load_kalimantan_postgres.py for tasks to queue
[2026-09-22T02:36:52.570+0000] {logging_mixin.py:190} INFO - [2026-09-22T02:36:52.569+0000] {dagbag.py:588} INFO - Filling up the DagBag from /opt/airflow/dags/load_kalimantan_postgres.py
[2026-09-22T02:36:52.632+0000] {processor.py:925} INFO - DAG(s) 'load_kalimantan_postgres' retrieved from /opt/airflow/dags/load_kalimantan_postgres.py
[2026-09-22T02:36:52.737+0000] {logging_mixin.py:190} INFO - [2026-09-22T02:36:52.736+0000] {dag.py:3239} INFO - Sync 1 DAGs
[2026-09-22T02:36:52.750+0000] {logging_mixin.py:190} INFO - [2026-09-22T02:36:52.750+0000] {dag.py:4180} INFO - Setting next_dagrun for load_kalimantan_postgres to 2026-09-22 02:00:00+00:00, run_after=2026-09-23 02:00:00+00:00
[2026-09-22T02:36:52.762+0000] {processor.py:208} INFO - Processing /opt/airflow/dags/load_kalimantan_postgres.py took 0.208 seconds
[2026-09-22T02:37:22.984+0000] {processor.py:186} INFO - Started process (PID=189) to work on /opt/airflow/dags/load_kalimantan_postgres.py
[2026-09-22T02:37:22.987+0000] {processor.py:914} INFO - Processing file /opt/airflow/dags/load_kalimantan_postgres.py for tasks to queue
[2026-09-22T02:37:22.991+0000] {logging_mixin.py:190} INFO - [2026-09-22T02:37:22.990+0000] {dagbag.py:588} INFO - Filling up the DagBag from /opt/airflow/dags/load_kalimantan_postgres.py
[2026-09-22T02:37:23.054+0000] {processor.py:925} INFO - DAG(s) 'load_kalimantan_postgres' retrieved from /opt/airflow/dags/load_kalimantan_postgres.py
[2026-09-22T02:37:23.072+0000] {logging_mixin.py:190} INFO - [2026-09-22T02:37:23.072+0000] {dag.py:3239} INFO - Sync 1 DAGs
[2026-09-22T02:37:23.090+0000] {logging_mixin.py:190} INFO - [2026-09-22T02:37:23.090+0000] {dag.py:4180} INFO - Setting next_dagrun for load_kalimantan_postgres to 2026-09-22 02:00:00+00:00, run_after=2026-09-23 02:00:00+00:00
[2026-09-22T02:37:23.097+0000] {processor.py:208} INFO - Processing /opt/airflow/dags/load_kalimantan_postgres.py took 0.126 seconds
[2026-09-22T02:37:53.438+0000] {processor.py:186} INFO - Started process (PID=194) to work on /opt/airflow/dags/load_kalimantan_postgres.py
[2026-09-22T02:37:53.439+0000] {processor.py:914} INFO - Processing file /opt/airflow/dags/load_kalimantan_postgres.py for tasks to queue
[2026-09-22T02:37:53.444+0000] {logging_mixin.py:190} INFO - [2026-09-22T02:37:53.443+0000] {dagbag.py:588} INFO - Filling up the DagBag from /opt/airflow/dags/load_kalimantan_postgres.py
[2026-09-22T02:37:53.498+0000] {processor.py:925} INFO - DAG(s) 'load_kalimantan_postgres' retrieved from /opt/airflow/dags/load_kalimantan_postgres.py
[2026-09-22T02:37:53.524+0000] {logging_mixin.py:190} INFO - [2026-09-22T02:37:53.524+0000] {dag.py:3239} INFO - Sync 1 DAGs
[2026-09-22T02:37:53.540+0000] {logging_mixin.py:190} INFO - [2026-09-22T02:37:53.540+0000] {dag.py:4180} INFO - Setting next_dagrun for load_kalimantan_postgres to 2026-09-22 02:00:00+00:00, run_after=2026-09-23 02:00:00+00:00
[2026-09-22T02:37:53.547+0000] {processor.py:208} INFO - Processing /opt/airflow/dags/load_kalimantan_postgres.py took 0.117 seconds
[2026-09-22T02:38:23.819+0000] {processor.py:186} INFO - Started process (PID=206) to work on /opt/airflow/dags/load_kalimantan_postgres.py
[2026-09-22T02:38:23.820+0000] {processor.py:914} INFO - Processing file /opt/airflow/dags/load_kalimantan_postgres.py for tasks to queue
[2026-09-22T02:38:23.822+0000] {logging_mixin.py:190} INFO - [2026-09-22T02:38:23.821+0000] {dagbag.py:588} INFO - Filling up the DagBag from /opt/airflow/dags/load_kalimantan_postgres.py
[2026-09-22T02:38:23.873+0000] {processor.py:925} INFO - DAG(s) 'load_kalimantan_postgres' retrieved from /opt/airflow/dags/load_kalimantan_postgres.py
[2026-09-22T02:38:23.892+0000] {logging_mixin.py:190} INFO - [2026-09-22T02:38:23.892+0000] {dag.py:3239} INFO - Sync 1 DAGs
[2026-09-22T02:38:23.911+0000] {processor.py:208} INFO - Processing /opt/airflow/dags/load_kalimantan_postgres.py took 0.103 seconds
[2026-09-22T02:38:54.165+0000] {processor.py:186} INFO - Started process (PID=211) to work on /opt/airflow/dags/load_kalimantan_postgres.py
[2026-09-22T02:38:54.166+0000] {processor.py:914} INFO - Processing file /opt/airflow/dags/load_kalimantan_postgres.py for tasks to queue
[2026-09-22T02:38:54.172+0000] {logging_mixin.py:190} INFO - [2026-09-22T02:38:54.170+0000] {dagbag.py:588} INFO - Filling up the DagBag from /opt/airflow/dags/load_kalimantan_postgres.py
[2026-09-22T02:38:54.236+0000] {processor.py:925} INFO - DAG(s) 'load_kalimantan_postgres' retrieved from /opt/airflow/dags/load_kalimantan_postgres.py
[2026-09-22T02:38:54.265+0000] {logging_mixin.py:190} INFO - [2026-09-22T02:38:54.265+0000] {dag.py:3239} INFO - Sync 1 DAGs
[2026-09-22T02:38:54.293+0000] {processor.py:208} INFO - Processing /opt/airflow/dags/load_kalimantan_postgres.py took 0.135 seconds
[2026-09-22T02:39:24.543+0000] {processor.py:186} INFO - Started process (PID=224) to work on /opt/airflow/dags/load_kalimantan_postgres.py
[2026-09-22T02:39:24.545+0000] {processor.py:914} INFO - Processing file /opt/airflow/dags/load_kalimantan_postgres.py for tasks to queue
[2026-09-22T02:39:24.548+0000] {logging_mixin.py:190} INFO - [2026-09-22T02:39:24.548+0000] {dagbag.py:588} INFO - Filling up the DagBag from /opt/airflow/dags/load_kalimantan_postgres.py
[2026-09-22T02:39:24.601+0000] {processor.py:925} INFO - DAG(s) 'load_kalimantan_postgres' retrieved from /opt/airflow/dags/load_kalimantan_postgres.py
[2026-09-22T02:39:24.616+0000] {logging_mixin.py:190} INFO - [2026-09-22T02:39:24.616+0000] {dag.py:3239} INFO - Sync 1 DAGs
[2026-09-22T02:39:24.634+0000] {processor.py:208} INFO - Processing /opt/airflow/dags/load_kalimantan_postgres.py took 0.100 seconds
[2026-09-22T02:39:55.102+0000] {processor.py:186} INFO - Started process (PID=229) to work on /opt/airflow/dags/load_kalimantan_postgres.py
[2026-09-22T02:39:55.102+0000] {processor.py:914} INFO - Processing file /opt/airflow/dags/load_kalimantan_postgres.py for tasks to queue
[2026-09-22T02:39:55.105+0000] {logging_mixin.py:190} INFO - [2026-09-22T02:39:55.104+0000] {dagbag.py:588} INFO - Filling up the DagBag from /opt/airflow/dags/load_kalimantan_postgres.py
[2026-09-22T02:39:55.221+0000] {processor.py:925} INFO - DAG(s) 'load_kalimantan_postgres' retrieved from /opt/airflow/dags/load_kalimantan_postgres.py
[2026-09-22T02:39:55.243+0000] {logging_mixin.py:190} INFO - [2026-09-22T02:39:55.242+0000] {dag.py:3239} INFO - Sync 1 DAGs
[2026-09-22T02:39:55.264+0000] {processor.py:208} INFO - Processing /opt/airflow/dags/load_kalimantan_postgres.py took 0.170 seconds
[2026-09-22T02:40:25.436+0000] {processor.py:186} INFO - Started process (PID=242) to work on /opt/airflow/dags/load_kalimantan_postgres.py
[2026-09-22T02:40:25.437+0000] {processor.py:914} INFO - Processing file /opt/airflow/dags/load_kalimantan_postgres.py for tasks to queue
[2026-09-22T02:40:25.441+0000] {logging_mixin.py:190} INFO - [2026-09-22T02:40:25.440+0000] {dagbag.py:588} INFO - Filling up the DagBag from /opt/airflow/dags/load_kalimantan_postgres.py
[2026-09-22T02:40:25.498+0000] {processor.py:925} INFO - DAG(s) 'load_kalimantan_postgres' retrieved from /opt/airflow/dags/load_kalimantan_postgres.py
[2026-09-22T02:40:25.522+0000] {logging_mixin.py:190} INFO - [2026-09-22T02:40:25.522+0000] {dag.py:3239} INFO - Sync 1 DAGs
[2026-09-22T02:40:25.540+0000] {processor.py:208} INFO - Processing /opt/airflow/dags/load_kalimantan_postgres.py took 0.115 seconds
[2026-09-22T02:40:55.802+0000] {processor.py:186} INFO - Started process (PID=248) to work on /opt/airflow/dags/load_kalimantan_postgres.py
[2026-09-22T02:40:55.803+0000] {processor.py:914} INFO - Processing file /opt/airflow/dags/load_kalimantan_postgres.py for tasks to queue
[2026-09-22T02:40:55.806+0000] {logging_mixin.py:190} INFO - [2026-09-22T02:40:55.805+0000] {dagbag.py:588} INFO - Filling up the DagBag from /opt/airflow/dags/load_kalimantan_postgres.py
[2026-09-22T02:40:55.847+0000] {processor.py:925} INFO - DAG(s) 'load_kalimantan_postgres' retrieved from /opt/airflow/dags/load_kalimantan_postgres.py
[2026-09-22T02:40:55.861+0000] {logging_mixin.py:190} INFO - [2026-09-22T02:40:55.861+0000] {dag.py:3239} INFO - Sync 1 DAGs
[2026-09-22T02:40:55.877+0000] {processor.py:208} INFO - Processing /opt/airflow/dags/load_kalimantan_postgres.py took 0.083 seconds
[2026-09-22T02:41:26.254+0000] {processor.py:186} INFO - Started process (PID=253) to work on /opt/airflow/dags/load_kalimantan_postgres.py
[2026-09-22T02:41:26.255+0000] {processor.py:914} INFO - Processing file /opt/airflow/dags/load_kalimantan_postgres.py for tasks to queue
[2026-09-22T02:41:26.259+0000] {logging_mixin.py:190} INFO - [2026-09-22T02:41:26.258+0000] {dagbag.py:588} INFO - Filling up the DagBag from /opt/airflow/dags/load_kalimantan_postgres.py
[2026-09-22T02:41:26.319+0000] {processor.py:925} INFO - DAG(s) 'load_kalimantan_postgres' retrieved from /opt/airflow/dags/load_kalimantan_postgres.py
[2026-09-22T02:41:26.346+0000] {logging_mixin.py:190} INFO - [2026-09-22T02:41:26.345+0000] {dag.py:3239} INFO - Sync 1 DAGs
[2026-09-22T02:41:26.364+0000] {processor.py:208} INFO - Processing /opt/airflow/dags/load_kalimantan_postgres.py took 0.116 seconds
[2026-09-22T02:41:56.645+0000] {processor.py:186} INFO - Started process (PID=258) to work on /opt/airflow/dags/load_kalimantan_postgres.py
[2026-09-22T02:41:56.648+0000] {processor.py:914} INFO - Processing file /opt/airflow/dags/load_kalimantan_postgres.py for tasks to queue
[2026-09-22T02:41:56.652+0000] {logging_mixin.py:190} INFO - [2026-09-22T02:41:56.651+0000] {dagbag.py:588} INFO - Filling up the DagBag from /opt/airflow/dags/load_kalimantan_postgres.py
[2026-09-22T02:41:56.699+0000] {processor.py:925} INFO - DAG(s) 'load_kalimantan_postgres' retrieved from /opt/airflow/dags/load_kalimantan_postgres.py
[2026-09-22T02:41:56.718+0000] {logging_mixin.py:190} INFO - [2026-09-22T02:41:56.718+0000] {dag.py:3239} INFO - Sync 1 DAGs
[2026-09-22T02:41:56.736+0000] {processor.py:208} INFO - Processing /opt/airflow/dags/load_kalimantan_postgres.py took 0.099 seconds
[2026-09-22T02:42:26.997+0000] {processor.py:186} INFO - Started process (PID=263) to work on /opt/airflow/dags/load_kalimantan_postgres.py
[2026-09-22T02:42:26.998+0000] {processor.py:914} INFO - Processing file /opt/airflow/dags/load_kalimantan_postgres.py for tasks to queue
[2026-09-22T02:42:27.001+0000] {logging_mixin.py:190} INFO - [2026-09-22T02:42:27.000+0000] {dagbag.py:588} INFO - Filling up the DagBag from /opt/airflow/dags/load_kalimantan_postgres.py
[2026-09-22T02:42:27.036+0000] {processor.py:925} INFO - DAG(s) 'load_kalimantan_postgres' retrieved from /opt/airflow/dags/load_kalimantan_postgres.py
[2026-09-22T02:42:27.050+0000] {logging_mixin.py:190} INFO - [2026-09-22T02:42:27.050+0000] {dag.py:3239} INFO - Sync 1 DAGs
[2026-09-22T02:42:27.065+0000] {processor.py:208} INFO - Processing /opt/airflow/dags/load_kalimantan_postgres.py took 0.073 seconds
[2026-09-22T02:42:57.357+0000] {processor.py:186} INFO - Started process (PID=268) to work on /opt/airflow/dags/load_kalimantan_postgres.py
[2026-09-22T02:42:57.359+0000] {processor.py:914} INFO - Processing file /opt/airflow/dags/load_kalimantan_postgres.py for tasks to queue
[2026-09-22T02:42:57.362+0000] {logging_mixin.py:190} INFO - [2026-09-22T02:42:57.362+0000] {dagbag.py:588} INFO - Filling up the DagBag from /opt/airflow/dags/load_kalimantan_postgres.py
[2026-09-22T02:42:57.408+0000] {processor.py:925} INFO - DAG(s) 'load_kalimantan_postgres' retrieved from /opt/airflow/dags/load_kalimantan_postgres.py
[2026-09-22T02:42:57.426+0000] {logging_mixin.py:190} INFO - [2026-09-22T02:42:57.426+0000] {dag.py:3239} INFO - Sync 1 DAGs
[2026-09-22T02:42:57.444+0000] {processor.py:208} INFO - Processing /opt/airflow/dags/load_kalimantan_postgres.py took 0.095 seconds
[2026-09-22T02:43:27.693+0000] {processor.py:186} INFO - Started process (PID=273) to work on /opt/airflow/dags/load_kalimantan_postgres.py
[2026-09-22T02:43:27.694+0000] {processor.py:914} INFO - Processing file /opt/airflow/dags/load_kalimantan_postgres.py for tasks to queue
[2026-09-22T02:43:27.697+0000] {logging_mixin.py:190} INFO - [2026-09-22T02:43:27.696+0000] {dagbag.py:588} INFO - Filling up the DagBag from /opt/airflow/dags/load_kalimantan_postgres.py
[2026-09-22T02:43:27.746+0000] {processor.py:925} INFO - DAG(s) 'load_kalimantan_postgres' retrieved from /opt/airflow/dags/load_kalimantan_postgres.py
[2026-09-22T02:43:27.764+0000] {logging_mixin.py:190} INFO - [2026-09-22T02:43:27.764+0000] {dag.py:3239} INFO - Sync 1 DAGs
[2026-09-22T02:43:27.786+0000] {processor.py:208} INFO - Processing /opt/airflow/dags/load_kalimantan_postgres.py took 0.103 seconds
[2026-09-22T02:43:58.020+0000] {processor.py:186} INFO - Started process (PID=278) to work on /opt/airflow/dags/load_kalimantan_postgres.py
[2026-09-22T02:43:58.023+0000] {processor.py:914} INFO - Processing file /opt/airflow/dags/load_kalimantan_postgres.py for tasks to queue
[2026-09-22T02:43:58.026+0000] {logging_mixin.py:190} INFO - [2026-09-22T02:43:58.026+0000] {dagbag.py:588} INFO - Filling up the DagBag from /opt/airflow/dags/load_kalimantan_postgres.py
[2026-09-22T02:43:58.076+0000] {processor.py:925} INFO - DAG(s) 'load_kalimantan_postgres' retrieved from /opt/airflow/dags/load_kalimantan_postgres.py
[2026-09-22T02:43:58.097+0000] {logging_mixin.py:190} INFO - [2026-09-22T02:43:58.097+0000] {dag.py:3239} INFO - Sync 1 DAGs
[2026-09-22T02:43:58.115+0000] {processor.py:208} INFO - Processing /opt/airflow/dags/load_kalimantan_postgres.py took 0.105 seconds
[2026-09-22T02:44:28.316+0000] {processor.py:186} INFO - Started process (PID=283) to work on /opt/airflow/dags/load_kalimantan_postgres.py
[2026-09-22T02:44:28.316+0000] {processor.py:914} INFO - Processing file /opt/airflow/dags/load_kalimantan_postgres.py for tasks to queue
[2026-09-22T02:44:28.318+0000] {logging_mixin.py:190} INFO - [2026-09-22T02:44:28.318+0000] {dagbag.py:588} INFO - Filling up the DagBag from /opt/airflow/dags/load_kalimantan_postgres.py
[2026-09-22T02:44:28.355+0000] {processor.py:925} INFO - DAG(s) 'load_kalimantan_postgres' retrieved from /opt/airflow/dags/load_kalimantan_postgres.py
[2026-09-22T02:44:28.370+0000] {logging_mixin.py:190} INFO - [2026-09-22T02:44:28.370+0000] {dag.py:3239} INFO - Sync 1 DAGs
[2026-09-22T02:44:28.386+0000] {processor.py:208} INFO - Processing /opt/airflow/dags/load_kalimantan_postgres.py took 0.076 seconds
[2026-09-22T02:44:58.663+0000] {processor.py:186} INFO - Started process (PID=288) to work on /opt/airflow/dags/load_kalimantan_postgres.py
[2026-09-22T02:44:58.664+0000] {processor.py:914} INFO - Processing file /opt/airflow/dags/load_kalimantan_postgres.py for tasks to queue
[2026-09-22T02:44:58.667+0000] {logging_mixin.py:190} INFO - [2026-09-22T02:44:58.667+0000] {dagbag.py:588} INFO - Filling up the DagBag from /opt/airflow/dags/load_kalimantan_postgres.py
[2026-09-22T02:44:58.715+0000] {processor.py:925} INFO - DAG(s) 'load_kalimantan_postgres' retrieved from /opt/airflow/dags/load_kalimantan_postgres.py
[2026-09-22T02:44:58.733+0000] {logging_mixin.py:190} INFO - [2026-09-22T02:44:58.732+0000] {dag.py:3239} INFO - Sync 1 DAGs
[2026-09-22T02:44:58.750+0000] {processor.py:208} INFO - Processing /opt/airflow/dags/load_kalimantan_postgres.py took 0.094 seconds
[2026-09-22T02:45:28.930+0000] {processor.py:186} INFO - Started process (PID=293) to work on /opt/airflow/dags/load_kalimantan_postgres.py
[2026-09-22T02:45:28.931+0000] {processor.py:914} INFO - Processing file /opt/airflow/dags/load_kalimantan_postgres.py for tasks to queue
[2026-09-22T02:45:28.932+0000] {logging_mixin.py:190} INFO - [2026-09-22T02:45:28.932+0000] {dagbag.py:588} INFO - Filling up the DagBag from /opt/airflow/dags/load_kalimantan_postgres.py
[2026-09-22T02:45:28.967+0000] {processor.py:925} INFO - DAG(s) 'load_kalimantan_postgres' retrieved from /opt/airflow/dags/load_kalimantan_postgres.py
[2026-09-22T02:45:28.980+0000] {logging_mixin.py:190} INFO - [2026-09-22T02:45:28.980+0000] {dag.py:3239} INFO - Sync 1 DAGs
[2026-09-22T02:45:28.996+0000] {processor.py:208} INFO - Processing /opt/airflow/dags/load_kalimantan_postgres.py took 0.073 seconds
[2026-09-22T02:45:59.285+0000] {processor.py:186} INFO - Started process (PID=298) to work on /opt/airflow/dags/load_kalimantan_postgres.py
[2026-09-22T02:45:59.286+0000] {processor.py:914} INFO - Processing file /opt/airflow/dags/load_kalimantan_postgres.py for tasks to queue
[2026-09-22T02:45:59.288+0000] {logging_mixin.py:190} INFO - [2026-09-22T02:45:59.288+0000] {dagbag.py:588} INFO - Filling up the DagBag from /opt/airflow/dags/load_kalimantan_postgres.py
[2026-09-22T02:45:59.329+0000] {processor.py:925} INFO - DAG(s) 'load_kalimantan_postgres' retrieved from /opt/airflow/dags/load_kalimantan_postgres.py
[2026-09-22T02:45:59.346+0000] {logging_mixin.py:190} INFO - [2026-09-22T02:45:59.346+0000] {dag.py:3239} INFO - Sync 1 DAGs
[2026-09-22T02:45:59.365+0000] {processor.py:208} INFO - Processing /opt/airflow/dags/load_kalimantan_postgres.py took 0.086 seconds
[2026-09-22T02:46:29.641+0000] {processor.py:186} INFO - Started process (PID=303) to work on /opt/airflow/dags/load_kalimantan_postgres.py
[2026-09-22T02:46:29.643+0000] {processor.py:914} INFO - Processing file /opt/airflow/dags/load_kalimantan_postgres.py for tasks to queue
[2026-09-22T02:46:29.645+0000] {logging_mixin.py:190} INFO - [2026-09-22T02:46:29.645+0000] {dagbag.py:588} INFO - Filling up the DagBag from /opt/airflow/dags/load_kalimantan_postgres.py
[2026-09-22T02:46:29.682+0000] {processor.py:925} INFO - DAG(s) 'load_kalimantan_postgres' retrieved from /opt/airflow/dags/load_kalimantan_postgres.py
[2026-09-22T02:46:29.698+0000] {logging_mixin.py:190} INFO - [2026-09-22T02:46:29.697+0000] {dag.py:3239} INFO - Sync 1 DAGs
[2026-09-22T02:46:29.713+0000] {processor.py:208} INFO - Processing /opt/airflow/dags/load_kalimantan_postgres.py took 0.079 seconds
[2026-09-22T02:47:00.136+0000] {processor.py:186} INFO - Started process (PID=308) to work on /opt/airflow/dags/load_kalimantan_postgres.py
[2026-09-22T02:47:00.138+0000] {processor.py:914} INFO - Processing file /opt/airflow/dags/load_kalimantan_postgres.py for tasks to queue
[2026-09-22T02:47:00.141+0000] {logging_mixin.py:190} INFO - [2026-09-22T02:47:00.141+0000] {dagbag.py:588} INFO - Filling up the DagBag from /opt/airflow/dags/load_kalimantan_postgres.py
[2026-09-22T02:47:00.236+0000] {processor.py:925} INFO - DAG(s) 'load_kalimantan_postgres' retrieved from /opt/airflow/dags/load_kalimantan_postgres.py
[2026-09-22T02:47:00.255+0000] {logging_mixin.py:190} INFO - [2026-09-22T02:47:00.255+0000] {dag.py:3239} INFO - Sync 1 DAGs
[2026-09-22T02:47:00.276+0000] {processor.py:208} INFO - Processing /opt/airflow/dags/load_kalimantan_postgres.py took 0.157 seconds
[2026-09-22T02:47:30.554+0000] {processor.py:186} INFO - Started process (PID=313) to work on /opt/airflow/dags/load_kalimantan_postgres.py
[2026-09-22T02:47:30.556+0000] {processor.py:914} INFO - Processing file /opt/airflow/dags/load_kalimantan_postgres.py for tasks to queue
[2026-09-22T02:47:30.562+0000] {logging_mixin.py:190} INFO - [2026-09-22T02:47:30.561+0000] {dagbag.py:588} INFO - Filling up the DagBag from /opt/airflow/dags/load_kalimantan_postgres.py
[2026-09-22T02:47:30.610+0000] {processor.py:925} INFO - DAG(s) 'load_kalimantan_postgres' retrieved from /opt/airflow/dags/load_kalimantan_postgres.py
[2026-09-22T02:47:30.635+0000] {logging_mixin.py:190} INFO - [2026-09-22T02:47:30.635+0000] {dag.py:3239} INFO - Sync 1 DAGs
[2026-09-22T02:47:30.654+0000] {processor.py:208} INFO - Processing /opt/airflow/dags/load_kalimantan_postgres.py took 0.113 seconds
[2026-09-22T02:48:01.072+0000] {processor.py:186} INFO - Started process (PID=318) to work on /opt/airflow/dags/load_kalimantan_postgres.py
[2026-09-22T02:48:01.076+0000] {processor.py:914} INFO - Processing file /opt/airflow/dags/load_kalimantan_postgres.py for tasks to queue
[2026-09-22T02:48:01.083+0000] {logging_mixin.py:190} INFO - [2026-09-22T02:48:01.082+0000] {dagbag.py:588} INFO - Filling up the DagBag from /opt/airflow/dags/load_kalimantan_postgres.py
[2026-09-22T02:48:01.144+0000] {processor.py:925} INFO - DAG(s) 'load_kalimantan_postgres' retrieved from /opt/airflow/dags/load_kalimantan_postgres.py
[2026-09-22T02:48:01.165+0000] {logging_mixin.py:190} INFO - [2026-09-22T02:48:01.165+0000] {dag.py:3239} INFO - Sync 1 DAGs
[2026-09-22T02:48:01.184+0000] {processor.py:208} INFO - Processing /opt/airflow/dags/load_kalimantan_postgres.py took 0.123 seconds
[2026-09-22T02:48:31.447+0000] {processor.py:186} INFO - Started process (PID=323) to work on /opt/airflow/dags/load_kalimantan_postgres.py
[2026-09-22T02:48:31.449+0000] {processor.py:914} INFO - Processing file /opt/airflow/dags/load_kalimantan_postgres.py for tasks to queue
[2026-09-22T02:48:31.462+0000] {logging_mixin.py:190} INFO - [2026-09-22T02:48:31.454+0000] {dagbag.py:588} INFO - Filling up the DagBag from /opt/airflow/dags/load_kalimantan_postgres.py
[2026-09-22T02:48:31.540+0000] {processor.py:925} INFO - DAG(s) 'load_kalimantan_postgres' retrieved from /opt/airflow/dags/load_kalimantan_postgres.py
[2026-09-22T02:48:31.577+0000] {logging_mixin.py:190} INFO - [2026-09-22T02:48:31.576+0000] {dag.py:3239} INFO - Sync 1 DAGs
[2026-09-22T02:48:31.609+0000] {processor.py:208} INFO - Processing /opt/airflow/dags/load_kalimantan_postgres.py took 0.179 seconds
[2026-09-22T02:49:01.828+0000] {processor.py:186} INFO - Started process (PID=328) to work on /opt/airflow/dags/load_kalimantan_postgres.py
[2026-09-22T02:49:01.829+0000] {processor.py:914} INFO - Processing file /opt/airflow/dags/load_kalimantan_postgres.py for tasks to queue
[2026-09-22T02:49:01.835+0000] {logging_mixin.py:190} INFO - [2026-09-22T02:49:01.835+0000] {dagbag.py:588} INFO - Filling up the DagBag from /opt/airflow/dags/load_kalimantan_postgres.py
[2026-09-22T02:49:01.966+0000] {processor.py:925} INFO - DAG(s) 'load_kalimantan_postgres' retrieved from /opt/airflow/dags/load_kalimantan_postgres.py
[2026-09-22T02:49:01.990+0000] {logging_mixin.py:190} INFO - [2026-09-22T02:49:01.990+0000] {dag.py:3239} INFO - Sync 1 DAGs
[2026-09-22T02:49:02.012+0000] {processor.py:208} INFO - Processing /opt/airflow/dags/load_kalimantan_postgres.py took 0.194 seconds
[2026-09-22T02:49:32.346+0000] {processor.py:186} INFO - Started process (PID=333) to work on /opt/airflow/dags/load_kalimantan_postgres.py
[2026-09-22T02:49:32.348+0000] {processor.py:914} INFO - Processing file /opt/airflow/dags/load_kalimantan_postgres.py for tasks to queue
[2026-09-22T02:49:32.350+0000] {logging_mixin.py:190} INFO - [2026-09-22T02:49:32.350+0000] {dagbag.py:588} INFO - Filling up the DagBag from /opt/airflow/dags/load_kalimantan_postgres.py
[2026-09-22T02:49:32.396+0000] {processor.py:925} INFO - DAG(s) 'load_kalimantan_postgres' retrieved from /opt/airflow/dags/load_kalimantan_postgres.py
[2026-09-22T02:49:32.414+0000] {logging_mixin.py:190} INFO - [2026-09-22T02:49:32.414+0000] {dag.py:3239} INFO - Sync 1 DAGs
[2026-09-22T02:49:32.431+0000] {processor.py:208} INFO - Processing /opt/airflow/dags/load_kalimantan_postgres.py took 0.093 seconds
[2026-09-22T02:50:02.657+0000] {processor.py:186} INFO - Started process (PID=338) to work on /opt/airflow/dags/load_kalimantan_postgres.py
[2026-09-22T02:50:02.658+0000] {processor.py:914} INFO - Processing file /opt/airflow/dags/load_kalimantan_postgres.py for tasks to queue
[2026-09-22T02:50:02.660+0000] {logging_mixin.py:190} INFO - [2026-09-22T02:50:02.660+0000] {dagbag.py:588} INFO - Filling up the DagBag from /opt/airflow/dags/load_kalimantan_postgres.py
[2026-09-22T02:50:02.700+0000] {processor.py:925} INFO - DAG(s) 'load_kalimantan_postgres' retrieved from /opt/airflow/dags/load_kalimantan_postgres.py
[2026-09-22T02:50:02.714+0000] {logging_mixin.py:190} INFO - [2026-09-22T02:50:02.714+0000] {dag.py:3239} INFO - Sync 1 DAGs
[2026-09-22T02:50:02.728+0000] {processor.py:208} INFO - Processing /opt/airflow/dags/load_kalimantan_postgres.py took 0.081 seconds
[2026-09-22T02:50:33.085+0000] {processor.py:186} INFO - Started process (PID=343) to work on /opt/airflow/dags/load_kalimantan_postgres.py
[2026-09-22T02:50:33.087+0000] {processor.py:914} INFO - Processing file /opt/airflow/dags/load_kalimantan_postgres.py for tasks to queue
[2026-09-22T02:50:33.089+0000] {logging_mixin.py:190} INFO - [2026-09-22T02:50:33.088+0000] {dagbag.py:588} INFO - Filling up the DagBag from /opt/airflow/dags/load_kalimantan_postgres.py
[2026-09-22T02:50:33.132+0000] {processor.py:925} INFO - DAG(s) 'load_kalimantan_postgres' retrieved from /opt/airflow/dags/load_kalimantan_postgres.py
[2026-09-22T02:50:33.149+0000] {logging_mixin.py:190} INFO - [2026-09-22T02:50:33.149+0000] {dag.py:3239} INFO - Sync 1 DAGs
[2026-09-22T02:50:33.166+0000] {processor.py:208} INFO - Processing /opt/airflow/dags/load_kalimantan_postgres.py took 0.087 seconds
[2026-09-22T02:51:03.470+0000] {processor.py:186} INFO - Started process (PID=348) to work on /opt/airflow/dags/load_kalimantan_postgres.py
[2026-09-22T02:51:03.471+0000] {processor.py:914} INFO - Processing file /opt/airflow/dags/load_kalimantan_postgres.py for tasks to queue
[2026-09-22T02:51:03.474+0000] {logging_mixin.py:190} INFO - [2026-09-22T02:51:03.473+0000] {dagbag.py:588} INFO - Filling up the DagBag from /opt/airflow/dags/load_kalimantan_postgres.py
[2026-09-22T02:51:03.534+0000] {processor.py:925} INFO - DAG(s) 'load_kalimantan_postgres' retrieved from /opt/airflow/dags/load_kalimantan_postgres.py
[2026-09-22T02:51:03.554+0000] {logging_mixin.py:190} INFO - [2026-09-22T02:51:03.553+0000] {dag.py:3239} INFO - Sync 1 DAGs
[2026-09-22T02:51:03.574+0000] {processor.py:208} INFO - Processing /opt/airflow/dags/load_kalimantan_postgres.py took 0.109 seconds
[2026-09-22T02:51:33.834+0000] {processor.py:186} INFO - Started process (PID=353) to work on /opt/airflow/dags/load_kalimantan_postgres.py
[2026-09-22T02:51:33.836+0000] {processor.py:914} INFO - Processing file /opt/airflow/dags/load_kalimantan_postgres.py for tasks to queue
[2026-09-22T02:51:33.840+0000] {logging_mixin.py:190} INFO - [2026-09-22T02:51:33.839+0000] {dagbag.py:588} INFO - Filling up the DagBag from /opt/airflow/dags/load_kalimantan_postgres.py
[2026-09-22T02:51:33.889+0000] {processor.py:925} INFO - DAG(s) 'load_kalimantan_postgres' retrieved from /opt/airflow/dags/load_kalimantan_postgres.py
[2026-09-22T02:51:33.907+0000] {logging_mixin.py:190} INFO - [2026-09-22T02:51:33.907+0000] {dag.py:3239} INFO - Sync 1 DAGs
[2026-09-22T02:51:33.925+0000] {processor.py:208} INFO - Processing /opt/airflow/dags/load_kalimantan_postgres.py took 0.102 seconds
[2026-09-22T02:52:04.215+0000] {processor.py:186} INFO - Started process (PID=358) to work on /opt/airflow/dags/load_kalimantan_postgres.py
[2026-09-22T02:52:04.217+0000] {processor.py:914} INFO - Processing file /opt/airflow/dags/load_kalimantan_postgres.py for tasks to queue
[2026-09-22T02:52:04.220+0000] {logging_mixin.py:190} INFO - [2026-09-22T02:52:04.220+0000] {dagbag.py:588} INFO - Filling up the DagBag from /opt/airflow/dags/load_kalimantan_postgres.py
[2026-09-22T02:52:04.270+0000] {processor.py:925} INFO - DAG(s) 'load_kalimantan_postgres' retrieved from /opt/airflow/dags/load_kalimantan_postgres.py
[2026-09-22T02:52:04.288+0000] {logging_mixin.py:190} INFO - [2026-09-22T02:52:04.287+0000] {dag.py:3239} INFO - Sync 1 DAGs
[2026-09-22T02:52:04.305+0000] {processor.py:208} INFO - Processing /opt/airflow/dags/load_kalimantan_postgres.py took 0.102 seconds
[2026-09-22T02:52:34.618+0000] {processor.py:186} INFO - Started process (PID=363) to work on /opt/airflow/dags/load_kalimantan_postgres.py
[2026-09-22T02:52:34.620+0000] {processor.py:914} INFO - Processing file /opt/airflow/dags/load_kalimantan_postgres.py for tasks to queue
[2026-09-22T02:52:34.624+0000] {logging_mixin.py:190} INFO - [2026-09-22T02:52:34.623+0000] {dagbag.py:588} INFO - Filling up the DagBag from /opt/airflow/dags/load_kalimantan_postgres.py
[2026-09-22T02:52:34.670+0000] {processor.py:925} INFO - DAG(s) 'load_kalimantan_postgres' retrieved from /opt/airflow/dags/load_kalimantan_postgres.py
[2026-09-22T02:52:34.689+0000] {logging_mixin.py:190} INFO - [2026-09-22T02:52:34.689+0000] {dag.py:3239} INFO - Sync 1 DAGs
[2026-09-22T02:52:34.707+0000] {processor.py:208} INFO - Processing /opt/airflow/dags/load_kalimantan_postgres.py took 0.098 seconds
[2026-09-22T02:53:05.243+0000] {processor.py:186} INFO - Started process (PID=368) to work on /opt/airflow/dags/load_kalimantan_postgres.py
[2026-09-22T02:53:05.245+0000] {processor.py:914} INFO - Processing file /opt/airflow/dags/load_kalimantan_postgres.py for tasks to queue
[2026-09-22T02:53:05.248+0000] {logging_mixin.py:190} INFO - [2026-09-22T02:53:05.248+0000] {dagbag.py:588} INFO - Filling up the DagBag from /opt/airflow/dags/load_kalimantan_postgres.py
[2026-09-22T02:53:05.311+0000] {processor.py:925} INFO - DAG(s) 'load_kalimantan_postgres' retrieved from /opt/airflow/dags/load_kalimantan_postgres.py
[2026-09-22T02:53:05.344+0000] {logging_mixin.py:190} INFO - [2026-09-22T02:53:05.343+0000] {dag.py:3239} INFO - Sync 1 DAGs
[2026-09-22T02:53:05.364+0000] {processor.py:208} INFO - Processing /opt/airflow/dags/load_kalimantan_postgres.py took 0.138 seconds
[2026-09-22T02:53:35.590+0000] {processor.py:186} INFO - Started process (PID=373) to work on /opt/airflow/dags/load_kalimantan_postgres.py
[2026-09-22T02:53:35.590+0000] {processor.py:914} INFO - Processing file /opt/airflow/dags/load_kalimantan_postgres.py for tasks to queue
[2026-09-22T02:53:35.593+0000] {logging_mixin.py:190} INFO - [2026-09-22T02:53:35.592+0000] {dagbag.py:588} INFO - Filling up the DagBag from /opt/airflow/dags/load_kalimantan_postgres.py
[2026-09-22T02:53:35.632+0000] {processor.py:925} INFO - DAG(s) 'load_kalimantan_postgres' retrieved from /opt/airflow/dags/load_kalimantan_postgres.py
[2026-09-22T02:53:35.646+0000] {logging_mixin.py:190} INFO - [2026-09-22T02:53:35.646+0000] {dag.py:3239} INFO - Sync 1 DAGs
[2026-09-22T02:53:35.662+0000] {processor.py:208} INFO - Processing /opt/airflow/dags/load_kalimantan_postgres.py took 0.080 seconds
[2026-09-22T02:54:06.057+0000] {processor.py:186} INFO - Started process (PID=378) to work on /opt/airflow/dags/load_kalimantan_postgres.py
[2026-09-22T02:54:06.058+0000] {processor.py:914} INFO - Processing file /opt/airflow/dags/load_kalimantan_postgres.py for tasks to queue
[2026-09-22T02:54:06.060+0000] {logging_mixin.py:190} INFO - [2026-09-22T02:54:06.060+0000] {dagbag.py:588} INFO - Filling up the DagBag from /opt/airflow/dags/load_kalimantan_postgres.py
[2026-09-22T02:54:06.127+0000] {processor.py:925} INFO - DAG(s) 'load_kalimantan_postgres' retrieved from /opt/airflow/dags/load_kalimantan_postgres.py
[2026-09-22T02:54:06.151+0000] {logging_mixin.py:190} INFO - [2026-09-22T02:54:06.151+0000] {dag.py:3239} INFO - Sync 1 DAGs
[2026-09-22T02:54:06.181+0000] {processor.py:208} INFO - Processing /opt/airflow/dags/load_kalimantan_postgres.py took 0.135 seconds
[2026-09-22T02:54:36.458+0000] {processor.py:186} INFO - Started process (PID=383) to work on /opt/airflow/dags/load_kalimantan_postgres.py
[2026-09-22T02:54:36.460+0000] {processor.py:914} INFO - Processing file /opt/airflow/dags/load_kalimantan_postgres.py for tasks to queue
[2026-09-22T02:54:36.469+0000] {logging_mixin.py:190} INFO - [2026-09-22T02:54:36.468+0000] {dagbag.py:588} INFO - Filling up the DagBag from /opt/airflow/dags/load_kalimantan_postgres.py
[2026-09-22T02:54:36.535+0000] {processor.py:925} INFO - DAG(s) 'load_kalimantan_postgres' retrieved from /opt/airflow/dags/load_kalimantan_postgres.py
[2026-09-22T02:54:36.553+0000] {logging_mixin.py:190} INFO - [2026-09-22T02:54:36.553+0000] {dag.py:3239} INFO - Sync 1 DAGs
[2026-09-22T02:54:36.571+0000] {processor.py:208} INFO - Processing /opt/airflow/dags/load_kalimantan_postgres.py took 0.122 seconds
[2026-09-22T02:55:06.817+0000] {processor.py:186} INFO - Started process (PID=388) to work on /opt/airflow/dags/load_kalimantan_postgres.py
[2026-09-22T02:55:06.818+0000] {processor.py:914} INFO - Processing file /opt/airflow/dags/load_kalimantan_postgres.py for tasks to queue
[2026-09-22T02:55:06.820+0000] {logging_mixin.py:190} INFO - [2026-09-22T02:55:06.819+0000] {dagbag.py:588} INFO - Filling up the DagBag from /opt/airflow/dags/load_kalimantan_postgres.py
[2026-09-22T02:55:06.852+0000] {processor.py:925} INFO - DAG(s) 'load_kalimantan_postgres' retrieved from /opt/airflow/dags/load_kalimantan_postgres.py
[2026-09-22T02:55:06.866+0000] {logging_mixin.py:190} INFO - [2026-09-22T02:55:06.866+0000] {dag.py:3239} INFO - Sync 1 DAGs
[2026-09-22T02:55:06.881+0000] {processor.py:208} INFO - Processing /opt/airflow/dags/load_kalimantan_postgres.py took 0.068 seconds
[2026-09-22T02:55:37.149+0000] {processor.py:186} INFO - Started process (PID=393) to work on /opt/airflow/dags/load_kalimantan_postgres.py
[2026-09-22T02:55:37.150+0000] {processor.py:914} INFO - Processing file /opt/airflow/dags/load_kalimantan_postgres.py for tasks to queue
[2026-09-22T02:55:37.153+0000] {logging_mixin.py:190} INFO - [2026-09-22T02:55:37.152+0000] {dagbag.py:588} INFO - Filling up the DagBag from /opt/airflow/dags/load_kalimantan_postgres.py
[2026-09-22T02:55:37.197+0000] {processor.py:925} INFO - DAG(s) 'load_kalimantan_postgres' retrieved from /opt/airflow/dags/load_kalimantan_postgres.py
[2026-09-22T02:55:37.215+0000] {logging_mixin.py:190} INFO - [2026-09-22T02:55:37.215+0000] {dag.py:3239} INFO - Sync 1 DAGs
[2026-09-22T02:55:37.232+0000] {processor.py:208} INFO - Processing /opt/airflow/dags/load_kalimantan_postgres.py took 0.089 seconds
[2026-09-22T02:56:07.489+0000] {processor.py:186} INFO - Started process (PID=405) to work on /opt/airflow/dags/load_kalimantan_postgres.py
[2026-09-22T02:56:07.490+0000] {processor.py:914} INFO - Processing file /opt/airflow/dags/load_kalimantan_postgres.py for tasks to queue
[2026-09-22T02:56:07.493+0000] {logging_mixin.py:190} INFO - [2026-09-22T02:56:07.492+0000] {dagbag.py:588} INFO - Filling up the DagBag from /opt/airflow/dags/load_kalimantan_postgres.py
[2026-09-22T02:56:07.537+0000] {processor.py:925} INFO - DAG(s) 'load_kalimantan_postgres' retrieved from /opt/airflow/dags/load_kalimantan_postgres.py
[2026-09-22T02:56:07.556+0000] {logging_mixin.py:190} INFO - [2026-09-22T02:56:07.556+0000] {dag.py:3239} INFO - Sync 1 DAGs
[2026-09-22T02:56:07.572+0000] {processor.py:208} INFO - Processing /opt/airflow/dags/load_kalimantan_postgres.py took 0.089 seconds
[2026-09-22T02:56:37.746+0000] {processor.py:186} INFO - Started process (PID=418) to work on /opt/airflow/dags/load_kalimantan_postgres.py
[2026-09-22T02:56:37.747+0000] {processor.py:914} INFO - Processing file /opt/airflow/dags/load_kalimantan_postgres.py for tasks to queue
[2026-09-22T02:56:37.748+0000] {logging_mixin.py:190} INFO - [2026-09-22T02:56:37.748+0000] {dagbag.py:588} INFO - Filling up the DagBag from /opt/airflow/dags/load_kalimantan_postgres.py
[2026-09-22T02:56:37.779+0000] {processor.py:925} INFO - DAG(s) 'load_kalimantan_postgres' retrieved from /opt/airflow/dags/load_kalimantan_postgres.py
[2026-09-22T02:56:37.795+0000] {logging_mixin.py:190} INFO - [2026-09-22T02:56:37.795+0000] {dag.py:3239} INFO - Sync 1 DAGs
[2026-09-22T02:56:37.812+0000] {processor.py:208} INFO - Processing /opt/airflow/dags/load_kalimantan_postgres.py took 0.069 seconds
[2026-09-22T02:57:08.060+0000] {processor.py:186} INFO - Started process (PID=431) to work on /opt/airflow/dags/load_kalimantan_postgres.py
[2026-09-22T02:57:08.061+0000] {processor.py:914} INFO - Processing file /opt/airflow/dags/load_kalimantan_postgres.py for tasks to queue
[2026-09-22T02:57:08.063+0000] {logging_mixin.py:190} INFO - [2026-09-22T02:57:08.062+0000] {dagbag.py:588} INFO - Filling up the DagBag from /opt/airflow/dags/load_kalimantan_postgres.py
[2026-09-22T02:57:08.105+0000] {processor.py:925} INFO - DAG(s) 'load_kalimantan_postgres' retrieved from /opt/airflow/dags/load_kalimantan_postgres.py
[2026-09-22T02:57:08.122+0000] {logging_mixin.py:190} INFO - [2026-09-22T02:57:08.122+0000] {dag.py:3239} INFO - Sync 1 DAGs
[2026-09-22T02:57:08.140+0000] {processor.py:208} INFO - Processing /opt/airflow/dags/load_kalimantan_postgres.py took 0.087 seconds
[2026-09-22T02:57:38.463+0000] {processor.py:186} INFO - Started process (PID=437) to work on /opt/airflow/dags/load_kalimantan_postgres.py
[2026-09-22T02:57:38.464+0000] {processor.py:914} INFO - Processing file /opt/airflow/dags/load_kalimantan_postgres.py for tasks to queue
[2026-09-22T02:57:38.468+0000] {logging_mixin.py:190} INFO - [2026-09-22T02:57:38.467+0000] {dagbag.py:588} INFO - Filling up the DagBag from /opt/airflow/dags/load_kalimantan_postgres.py
[2026-09-22T02:57:38.536+0000] {processor.py:925} INFO - DAG(s) 'load_kalimantan_postgres' retrieved from /opt/airflow/dags/load_kalimantan_postgres.py
[2026-09-22T02:57:38.560+0000] {logging_mixin.py:190} INFO - [2026-09-22T02:57:38.560+0000] {dag.py:3239} INFO - Sync 1 DAGs
[2026-09-22T02:57:38.577+0000] {logging_mixin.py:190} INFO - [2026-09-22T02:57:38.577+0000] {dag.py:4180} INFO - Setting next_dagrun for load_kalimantan_postgres to 2026-09-22 02:00:00+00:00, run_after=2026-09-23 02:00:00+00:00
[2026-09-22T02:57:38.587+0000] {processor.py:208} INFO - Processing /opt/airflow/dags/load_kalimantan_postgres.py took 0.133 seconds
[2026-09-22T02:58:08.931+0000] {processor.py:186} INFO - Started process (PID=442) to work on /opt/airflow/dags/load_kalimantan_postgres.py
[2026-09-22T02:58:08.937+0000] {processor.py:914} INFO - Processing file /opt/airflow/dags/load_kalimantan_postgres.py for tasks to queue
[2026-09-22T02:58:08.940+0000] {logging_mixin.py:190} INFO - [2026-09-22T02:58:08.939+0000] {dagbag.py:588} INFO - Filling up the DagBag from /opt/airflow/dags/load_kalimantan_postgres.py
[2026-09-22T02:58:08.999+0000] {processor.py:925} INFO - DAG(s) 'load_kalimantan_postgres' retrieved from /opt/airflow/dags/load_kalimantan_postgres.py
[2026-09-22T02:58:09.027+0000] {logging_mixin.py:190} INFO - [2026-09-22T02:58:09.027+0000] {dag.py:3239} INFO - Sync 1 DAGs
[2026-09-22T02:58:09.042+0000] {logging_mixin.py:190} INFO - [2026-09-22T02:58:09.042+0000] {dag.py:4180} INFO - Setting next_dagrun for load_kalimantan_postgres to 2026-09-22 02:00:00+00:00, run_after=2026-09-23 02:00:00+00:00
[2026-09-22T02:58:09.053+0000] {processor.py:208} INFO - Processing /opt/airflow/dags/load_kalimantan_postgres.py took 0.136 seconds
[2026-09-22T02:58:39.367+0000] {processor.py:186} INFO - Started process (PID=447) to work on /opt/airflow/dags/load_kalimantan_postgres.py
[2026-09-22T02:58:39.369+0000] {processor.py:914} INFO - Processing file /opt/airflow/dags/load_kalimantan_postgres.py for tasks to queue
[2026-09-22T02:58:39.372+0000] {logging_mixin.py:190} INFO - [2026-09-22T02:58:39.372+0000] {dagbag.py:588} INFO - Filling up the DagBag from /opt/airflow/dags/load_kalimantan_postgres.py
[2026-09-22T02:58:39.422+0000] {processor.py:925} INFO - DAG(s) 'load_kalimantan_postgres' retrieved from /opt/airflow/dags/load_kalimantan_postgres.py
[2026-09-22T02:58:39.441+0000] {logging_mixin.py:190} INFO - [2026-09-22T02:58:39.441+0000] {dag.py:3239} INFO - Sync 1 DAGs
[2026-09-22T02:58:39.454+0000] {logging_mixin.py:190} INFO - [2026-09-22T02:58:39.454+0000] {dag.py:4180} INFO - Setting next_dagrun for load_kalimantan_postgres to 2026-09-22 02:00:00+00:00, run_after=2026-09-23 02:00:00+00:00
[2026-09-22T02:58:39.462+0000] {processor.py:208} INFO - Processing /opt/airflow/dags/load_kalimantan_postgres.py took 0.104 seconds
[2026-09-22T02:59:09.735+0000] {processor.py:186} INFO - Started process (PID=452) to work on /opt/airflow/dags/load_kalimantan_postgres.py
[2026-09-22T02:59:09.736+0000] {processor.py:914} INFO - Processing file /opt/airflow/dags/load_kalimantan_postgres.py for tasks to queue
[2026-09-22T02:59:09.739+0000] {logging_mixin.py:190} INFO - [2026-09-22T02:59:09.738+0000] {dagbag.py:588} INFO - Filling up the DagBag from /opt/airflow/dags/load_kalimantan_postgres.py
[2026-09-22T02:59:09.777+0000] {processor.py:925} INFO - DAG(s) 'load_kalimantan_postgres' retrieved from /opt/airflow/dags/load_kalimantan_postgres.py
[2026-09-22T02:59:09.792+0000] {logging_mixin.py:190} INFO - [2026-09-22T02:59:09.792+0000] {dag.py:3239} INFO - Sync 1 DAGs
[2026-09-22T02:59:09.802+0000] {logging_mixin.py:190} INFO - [2026-09-22T02:59:09.802+0000] {dag.py:4180} INFO - Setting next_dagrun for load_kalimantan_postgres to 2026-09-22 02:00:00+00:00, run_after=2026-09-23 02:00:00+00:00
[2026-09-22T02:59:09.808+0000] {processor.py:208} INFO - Processing /opt/airflow/dags/load_kalimantan_postgres.py took 0.081 seconds
[2026-09-22T02:59:40.155+0000] {processor.py:186} INFO - Started process (PID=457) to work on /opt/airflow/dags/load_kalimantan_postgres.py
[2026-09-22T02:59:40.156+0000] {processor.py:914} INFO - Processing file /opt/airflow/dags/load_kalimantan_postgres.py for tasks to queue
[2026-09-22T02:59:40.160+0000] {logging_mixin.py:190} INFO - [2026-09-22T02:59:40.159+0000] {dagbag.py:588} INFO - Filling up the DagBag from /opt/airflow/dags/load_kalimantan_postgres.py
[2026-09-22T02:59:40.211+0000] {processor.py:925} INFO - DAG(s) 'load_kalimantan_postgres' retrieved from /opt/airflow/dags/load_kalimantan_postgres.py
[2026-09-22T02:59:40.232+0000] {logging_mixin.py:190} INFO - [2026-09-22T02:59:40.232+0000] {dag.py:3239} INFO - Sync 1 DAGs
[2026-09-22T02:59:40.249+0000] {logging_mixin.py:190} INFO - [2026-09-22T02:59:40.249+0000] {dag.py:4180} INFO - Setting next_dagrun for load_kalimantan_postgres to 2026-09-22 02:00:00+00:00, run_after=2026-09-23 02:00:00+00:00
[2026-09-22T02:59:40.257+0000] {processor.py:208} INFO - Processing /opt/airflow/dags/load_kalimantan_postgres.py took 0.112 seconds
[2026-09-22T02:59:46.241+0000] {processor.py:186} INFO - Started process (PID=462) to work on /opt/airflow/dags/load_kalimantan_postgres.py
[2026-09-22T02:59:46.242+0000] {processor.py:914} INFO - Processing file /opt/airflow/dags/load_kalimantan_postgres.py for tasks to queue
[2026-09-22T02:59:46.245+0000] {logging_mixin.py:190} INFO - [2026-09-22T02:59:46.244+0000] {dagbag.py:588} INFO - Filling up the DagBag from /opt/airflow/dags/load_kalimantan_postgres.py
[2026-09-22T02:59:46.286+0000] {processor.py:925} INFO - DAG(s) 'load_kalimantan_postgres' retrieved from /opt/airflow/dags/load_kalimantan_postgres.py
[2026-09-22T02:59:46.302+0000] {logging_mixin.py:190} INFO - [2026-09-22T02:59:46.302+0000] {dag.py:3239} INFO - Sync 1 DAGs
[2026-09-22T02:59:46.313+0000] {logging_mixin.py:190} INFO - [2026-09-22T02:59:46.313+0000] {dag.py:4180} INFO - Setting next_dagrun for load_kalimantan_postgres to 2026-09-22 02:00:00+00:00, run_after=2026-09-23 02:00:00+00:00
[2026-09-22T02:59:46.321+0000] {processor.py:208} INFO - Processing /opt/airflow/dags/load_kalimantan_postgres.py took 0.089 seconds
[2026-09-22T03:00:16.662+0000] {processor.py:186} INFO - Started process (PID=481) to work on /opt/airflow/dags/load_kalimantan_postgres.py
[2026-09-22T03:00:16.663+0000] {processor.py:914} INFO - Processing file /opt/airflow/dags/load_kalimantan_postgres.py for tasks to queue
[2026-09-22T03:00:16.665+0000] {logging_mixin.py:190} INFO - [2026-09-22T03:00:16.665+0000] {dagbag.py:588} INFO - Filling up the DagBag from /opt/airflow/dags/load_kalimantan_postgres.py
[2026-09-22T03:00:16.706+0000] {processor.py:925} INFO - DAG(s) 'load_kalimantan_postgres' retrieved from /opt/airflow/dags/load_kalimantan_postgres.py
[2026-09-22T03:00:16.721+0000] {logging_mixin.py:190} INFO - [2026-09-22T03:00:16.721+0000] {dag.py:3239} INFO - Sync 1 DAGs
[2026-09-22T03:00:16.732+0000] {logging_mixin.py:190} INFO - [2026-09-22T03:00:16.732+0000] {dag.py:4180} INFO - Setting next_dagrun for load_kalimantan_postgres to 2026-09-22 02:00:00+00:00, run_after=2026-09-23 02:00:00+00:00
[2026-09-22T03:00:16.739+0000] {processor.py:208} INFO - Processing /opt/airflow/dags/load_kalimantan_postgres.py took 0.084 seconds
[2026-09-22T03:00:47.023+0000] {processor.py:186} INFO - Started process (PID=486) to work on /opt/airflow/dags/load_kalimantan_postgres.py
[2026-09-22T03:00:47.024+0000] {processor.py:914} INFO - Processing file /opt/airflow/dags/load_kalimantan_postgres.py for tasks to queue
[2026-09-22T03:00:47.026+0000] {logging_mixin.py:190} INFO - [2026-09-22T03:00:47.026+0000] {dagbag.py:588} INFO - Filling up the DagBag from /opt/airflow/dags/load_kalimantan_postgres.py
[2026-09-22T03:00:47.062+0000] {processor.py:925} INFO - DAG(s) 'load_kalimantan_postgres' retrieved from /opt/airflow/dags/load_kalimantan_postgres.py
[2026-09-22T03:00:47.079+0000] {logging_mixin.py:190} INFO - [2026-09-22T03:00:47.079+0000] {dag.py:3239} INFO - Sync 1 DAGs
[2026-09-22T03:00:47.090+0000] {logging_mixin.py:190} INFO - [2026-09-22T03:00:47.090+0000] {dag.py:4180} INFO - Setting next_dagrun for load_kalimantan_postgres to 2026-09-22 02:00:00+00:00, run_after=2026-09-23 02:00:00+00:00
[2026-09-22T03:00:47.097+0000] {processor.py:208} INFO - Processing /opt/airflow/dags/load_kalimantan_postgres.py took 0.081 seconds
[2026-09-22T03:01:17.419+0000] {processor.py:186} INFO - Started process (PID=491) to work on /opt/airflow/dags/load_kalimantan_postgres.py
[2026-09-22T03:01:17.420+0000] {processor.py:914} INFO - Processing file /opt/airflow/dags/load_kalimantan_postgres.py for tasks to queue
[2026-09-22T03:01:17.423+0000] {logging_mixin.py:190} INFO - [2026-09-22T03:01:17.423+0000] {dagbag.py:588} INFO - Filling up the DagBag from /opt/airflow/dags/load_kalimantan_postgres.py
[2026-09-22T03:01:17.468+0000] {processor.py:925} INFO - DAG(s) 'load_kalimantan_postgres' retrieved from /opt/airflow/dags/load_kalimantan_postgres.py
[2026-09-22T03:01:17.486+0000] {logging_mixin.py:190} INFO - [2026-09-22T03:01:17.486+0000] {dag.py:3239} INFO - Sync 1 DAGs
[2026-09-22T03:01:17.497+0000] {logging_mixin.py:190} INFO - [2026-09-22T03:01:17.497+0000] {dag.py:4180} INFO - Setting next_dagrun for load_kalimantan_postgres to 2026-09-22 02:00:00+00:00, run_after=2026-09-23 02:00:00+00:00
[2026-09-22T03:01:17.504+0000] {processor.py:208} INFO - Processing /opt/airflow/dags/load_kalimantan_postgres.py took 0.091 seconds
[2026-09-22T03:01:47.838+0000] {processor.py:186} INFO - Started process (PID=496) to work on /opt/airflow/dags/load_kalimantan_postgres.py
[2026-09-22T03:01:47.839+0000] {processor.py:914} INFO - Processing file /opt/airflow/dags/load_kalimantan_postgres.py for tasks to queue
[2026-09-22T03:01:47.842+0000] {logging_mixin.py:190} INFO - [2026-09-22T03:01:47.842+0000] {dagbag.py:588} INFO - Filling up the DagBag from /opt/airflow/dags/load_kalimantan_postgres.py
[2026-09-22T03:01:47.910+0000] {processor.py:925} INFO - DAG(s) 'load_kalimantan_postgres' retrieved from /opt/airflow/dags/load_kalimantan_postgres.py
[2026-09-22T03:01:47.934+0000] {logging_mixin.py:190} INFO - [2026-09-22T03:01:47.934+0000] {dag.py:3239} INFO - Sync 1 DAGs
[2026-09-22T03:01:47.949+0000] {logging_mixin.py:190} INFO - [2026-09-22T03:01:47.949+0000] {dag.py:4180} INFO - Setting next_dagrun for load_kalimantan_postgres to 2026-09-22 02:00:00+00:00, run_after=2026-09-23 02:00:00+00:00
[2026-09-22T03:01:47.956+0000] {processor.py:208} INFO - Processing /opt/airflow/dags/load_kalimantan_postgres.py took 0.132 seconds
[2026-09-22T03:02:18.193+0000] {processor.py:186} INFO - Started process (PID=501) to work on /opt/airflow/dags/load_kalimantan_postgres.py
[2026-09-22T03:02:18.195+0000] {processor.py:914} INFO - Processing file /opt/airflow/dags/load_kalimantan_postgres.py for tasks to queue
[2026-09-22T03:02:18.197+0000] {logging_mixin.py:190} INFO - [2026-09-22T03:02:18.197+0000] {dagbag.py:588} INFO - Filling up the DagBag from /opt/airflow/dags/load_kalimantan_postgres.py
[2026-09-22T03:02:18.229+0000] {processor.py:925} INFO - DAG(s) 'load_kalimantan_postgres' retrieved from /opt/airflow/dags/load_kalimantan_postgres.py
[2026-09-22T03:02:18.244+0000] {logging_mixin.py:190} INFO - [2026-09-22T03:02:18.244+0000] {dag.py:3239} INFO - Sync 1 DAGs
[2026-09-22T03:02:18.253+0000] {logging_mixin.py:190} INFO - [2026-09-22T03:02:18.253+0000] {dag.py:4180} INFO - Setting next_dagrun for load_kalimantan_postgres to 2026-09-22 02:00:00+00:00, run_after=2026-09-23 02:00:00+00:00
[2026-09-22T03:02:18.261+0000] {processor.py:208} INFO - Processing /opt/airflow/dags/load_kalimantan_postgres.py took 0.076 seconds
[2026-09-22T03:02:48.885+0000] {processor.py:186} INFO - Started process (PID=506) to work on /opt/airflow/dags/load_kalimantan_postgres.py
[2026-09-22T03:02:48.888+0000] {processor.py:914} INFO - Processing file /opt/airflow/dags/load_kalimantan_postgres.py for tasks to queue
[2026-09-22T03:02:48.901+0000] {logging_mixin.py:190} INFO - [2026-09-22T03:02:48.897+0000] {dagbag.py:588} INFO - Filling up the DagBag from /opt/airflow/dags/load_kalimantan_postgres.py
[2026-09-22T03:02:48.963+0000] {processor.py:925} INFO - DAG(s) 'load_kalimantan_postgres' retrieved from /opt/airflow/dags/load_kalimantan_postgres.py
[2026-09-22T03:02:48.993+0000] {logging_mixin.py:190} INFO - [2026-09-22T03:02:48.993+0000] {dag.py:3239} INFO - Sync 1 DAGs
[2026-09-22T03:02:49.007+0000] {logging_mixin.py:190} INFO - [2026-09-22T03:02:49.007+0000] {dag.py:4180} INFO - Setting next_dagrun for load_kalimantan_postgres to 2026-09-22 02:00:00+00:00, run_after=2026-09-23 02:00:00+00:00
[2026-09-22T03:02:49.016+0000] {processor.py:208} INFO - Processing /opt/airflow/dags/load_kalimantan_postgres.py took 0.149 seconds
[2026-09-22T03:03:19.213+0000] {processor.py:186} INFO - Started process (PID=511) to work on /opt/airflow/dags/load_kalimantan_postgres.py
[2026-09-22T03:03:19.214+0000] {processor.py:914} INFO - Processing file /opt/airflow/dags/load_kalimantan_postgres.py for tasks to queue
[2026-09-22T03:03:19.216+0000] {logging_mixin.py:190} INFO - [2026-09-22T03:03:19.215+0000] {dagbag.py:588} INFO - Filling up the DagBag from /opt/airflow/dags/load_kalimantan_postgres.py
[2026-09-22T03:03:19.259+0000] {processor.py:925} INFO - DAG(s) 'load_kalimantan_postgres' retrieved from /opt/airflow/dags/load_kalimantan_postgres.py
[2026-09-22T03:03:19.281+0000] {logging_mixin.py:190} INFO - [2026-09-22T03:03:19.281+0000] {dag.py:3239} INFO - Sync 1 DAGs
[2026-09-22T03:03:19.294+0000] {logging_mixin.py:190} INFO - [2026-09-22T03:03:19.294+0000] {dag.py:4180} INFO - Setting next_dagrun for load_kalimantan_postgres to 2026-09-22 02:00:00+00:00, run_after=2026-09-23 02:00:00+00:00
[2026-09-22T03:03:19.302+0000] {processor.py:208} INFO - Processing /opt/airflow/dags/load_kalimantan_postgres.py took 0.095 seconds
[2026-09-22T03:03:49.628+0000] {processor.py:186} INFO - Started process (PID=516) to work on /opt/airflow/dags/load_kalimantan_postgres.py
[2026-09-22T03:03:49.630+0000] {processor.py:914} INFO - Processing file /opt/airflow/dags/load_kalimantan_postgres.py for tasks to queue
[2026-09-22T03:03:49.633+0000] {logging_mixin.py:190} INFO - [2026-09-22T03:03:49.632+0000] {dagbag.py:588} INFO - Filling up the DagBag from /opt/airflow/dags/load_kalimantan_postgres.py
[2026-09-22T03:03:49.701+0000] {processor.py:925} INFO - DAG(s) 'load_kalimantan_postgres' retrieved from /opt/airflow/dags/load_kalimantan_postgres.py
[2026-09-22T03:03:49.727+0000] {logging_mixin.py:190} INFO - [2026-09-22T03:03:49.726+0000] {dag.py:3239} INFO - Sync 1 DAGs
[2026-09-22T03:03:49.740+0000] {logging_mixin.py:190} INFO - [2026-09-22T03:03:49.740+0000] {dag.py:4180} INFO - Setting next_dagrun for load_kalimantan_postgres to 2026-09-22 02:00:00+00:00, run_after=2026-09-23 02:00:00+00:00
[2026-09-22T03:03:49.751+0000] {processor.py:208} INFO - Processing /opt/airflow/dags/load_kalimantan_postgres.py took 0.133 seconds
[2026-09-22T03:04:19.970+0000] {processor.py:186} INFO - Started process (PID=521) to work on /opt/airflow/dags/load_kalimantan_postgres.py
[2026-09-22T03:04:19.971+0000] {processor.py:914} INFO - Processing file /opt/airflow/dags/load_kalimantan_postgres.py for tasks to queue
[2026-09-22T03:04:19.973+0000] {logging_mixin.py:190} INFO - [2026-09-22T03:04:19.973+0000] {dagbag.py:588} INFO - Filling up the DagBag from /opt/airflow/dags/load_kalimantan_postgres.py
[2026-09-22T03:04:20.010+0000] {processor.py:925} INFO - DAG(s) 'load_kalimantan_postgres' retrieved from /opt/airflow/dags/load_kalimantan_postgres.py
[2026-09-22T03:04:20.025+0000] {logging_mixin.py:190} INFO - [2026-09-22T03:04:20.025+0000] {dag.py:3239} INFO - Sync 1 DAGs
[2026-09-22T03:04:20.034+0000] {logging_mixin.py:190} INFO - [2026-09-22T03:04:20.034+0000] {dag.py:4180} INFO - Setting next_dagrun for load_kalimantan_postgres to 2026-09-22 02:00:00+00:00, run_after=2026-09-23 02:00:00+00:00
[2026-09-22T03:04:20.041+0000] {processor.py:208} INFO - Processing /opt/airflow/dags/load_kalimantan_postgres.py took 0.080 seconds
[2026-09-22T03:04:50.348+0000] {processor.py:186} INFO - Started process (PID=526) to work on /opt/airflow/dags/load_kalimantan_postgres.py
[2026-09-22T03:04:50.351+0000] {processor.py:914} INFO - Processing file /opt/airflow/dags/load_kalimantan_postgres.py for tasks to queue
[2026-09-22T03:04:50.354+0000] {logging_mixin.py:190} INFO - [2026-09-22T03:04:50.353+0000] {dagbag.py:588} INFO - Filling up the DagBag from /opt/airflow/dags/load_kalimantan_postgres.py
[2026-09-22T03:04:50.409+0000] {processor.py:925} INFO - DAG(s) 'load_kalimantan_postgres' retrieved from /opt/airflow/dags/load_kalimantan_postgres.py
[2026-09-22T03:04:50.431+0000] {logging_mixin.py:190} INFO - [2026-09-22T03:04:50.431+0000] {dag.py:3239} INFO - Sync 1 DAGs
[2026-09-22T03:04:50.447+0000] {logging_mixin.py:190} INFO - [2026-09-22T03:04:50.447+0000] {dag.py:4180} INFO - Setting next_dagrun for load_kalimantan_postgres to 2026-09-22 02:00:00+00:00, run_after=2026-09-23 02:00:00+00:00
[2026-09-22T03:04:50.456+0000] {processor.py:208} INFO - Processing /opt/airflow/dags/load_kalimantan_postgres.py took 0.129 seconds
[2026-09-22T03:05:20.764+0000] {processor.py:186} INFO - Started process (PID=538) to work on /opt/airflow/dags/load_kalimantan_postgres.py
[2026-09-22T03:05:20.765+0000] {processor.py:914} INFO - Processing file /opt/airflow/dags/load_kalimantan_postgres.py for tasks to queue
[2026-09-22T03:05:20.768+0000] {logging_mixin.py:190} INFO - [2026-09-22T03:05:20.767+0000] {dagbag.py:588} INFO - Filling up the DagBag from /opt/airflow/dags/load_kalimantan_postgres.py
[2026-09-22T03:05:20.818+0000] {processor.py:925} INFO - DAG(s) 'load_kalimantan_postgres' retrieved from /opt/airflow/dags/load_kalimantan_postgres.py
[2026-09-22T03:05:20.834+0000] {logging_mixin.py:190} INFO - [2026-09-22T03:05:20.834+0000] {dag.py:3239} INFO - Sync 1 DAGs
[2026-09-22T03:05:20.853+0000] {processor.py:208} INFO - Processing /opt/airflow/dags/load_kalimantan_postgres.py took 0.096 seconds
[2026-09-22T03:05:51.155+0000] {processor.py:186} INFO - Started process (PID=551) to work on /opt/airflow/dags/load_kalimantan_postgres.py
[2026-09-22T03:05:51.156+0000] {processor.py:914} INFO - Processing file /opt/airflow/dags/load_kalimantan_postgres.py for tasks to queue
[2026-09-22T03:05:51.159+0000] {logging_mixin.py:190} INFO - [2026-09-22T03:05:51.158+0000] {dagbag.py:588} INFO - Filling up the DagBag from /opt/airflow/dags/load_kalimantan_postgres.py
[2026-09-22T03:05:51.205+0000] {processor.py:925} INFO - DAG(s) 'load_kalimantan_postgres' retrieved from /opt/airflow/dags/load_kalimantan_postgres.py
[2026-09-22T03:05:51.224+0000] {logging_mixin.py:190} INFO - [2026-09-22T03:05:51.224+0000] {dag.py:3239} INFO - Sync 1 DAGs
[2026-09-22T03:05:51.243+0000] {processor.py:208} INFO - Processing /opt/airflow/dags/load_kalimantan_postgres.py took 0.095 seconds
[2026-09-22T03:06:21.548+0000] {processor.py:186} INFO - Started process (PID=556) to work on /opt/airflow/dags/load_kalimantan_postgres.py
[2026-09-22T03:06:21.552+0000] {processor.py:914} INFO - Processing file /opt/airflow/dags/load_kalimantan_postgres.py for tasks to queue
[2026-09-22T03:06:21.554+0000] {logging_mixin.py:190} INFO - [2026-09-22T03:06:21.554+0000] {dagbag.py:588} INFO - Filling up the DagBag from /opt/airflow/dags/load_kalimantan_postgres.py
[2026-09-22T03:06:21.599+0000] {processor.py:925} INFO - DAG(s) 'load_kalimantan_postgres' retrieved from /opt/airflow/dags/load_kalimantan_postgres.py
[2026-09-22T03:06:21.615+0000] {logging_mixin.py:190} INFO - [2026-09-22T03:06:21.615+0000] {dag.py:3239} INFO - Sync 1 DAGs
[2026-09-22T03:06:21.630+0000] {processor.py:208} INFO - Processing /opt/airflow/dags/load_kalimantan_postgres.py took 0.091 seconds
[2026-09-22T03:06:51.909+0000] {processor.py:186} INFO - Started process (PID=569) to work on /opt/airflow/dags/load_kalimantan_postgres.py
[2026-09-22T03:06:51.910+0000] {processor.py:914} INFO - Processing file /opt/airflow/dags/load_kalimantan_postgres.py for tasks to queue
[2026-09-22T03:06:51.913+0000] {logging_mixin.py:190} INFO - [2026-09-22T03:06:51.912+0000] {dagbag.py:588} INFO - Filling up the DagBag from /opt/airflow/dags/load_kalimantan_postgres.py
[2026-09-22T03:06:51.953+0000] {processor.py:925} INFO - DAG(s) 'load_kalimantan_postgres' retrieved from /opt/airflow/dags/load_kalimantan_postgres.py
[2026-09-22T03:06:51.971+0000] {logging_mixin.py:190} INFO - [2026-09-22T03:06:51.971+0000] {dag.py:3239} INFO - Sync 1 DAGs
[2026-09-22T03:06:51.987+0000] {processor.py:208} INFO - Processing /opt/airflow/dags/load_kalimantan_postgres.py took 0.089 seconds
[2026-09-22T03:07:22.239+0000] {processor.py:186} INFO - Started process (PID=582) to work on /opt/airflow/dags/load_kalimantan_postgres.py
[2026-09-22T03:07:22.239+0000] {processor.py:914} INFO - Processing file /opt/airflow/dags/load_kalimantan_postgres.py for tasks to queue
[2026-09-22T03:07:22.241+0000] {logging_mixin.py:190} INFO - [2026-09-22T03:07:22.241+0000] {dagbag.py:588} INFO - Filling up the DagBag from /opt/airflow/dags/load_kalimantan_postgres.py
[2026-09-22T03:07:22.279+0000] {processor.py:925} INFO - DAG(s) 'load_kalimantan_postgres' retrieved from /opt/airflow/dags/load_kalimantan_postgres.py
[2026-09-22T03:07:22.293+0000] {logging_mixin.py:190} INFO - [2026-09-22T03:07:22.293+0000] {dag.py:3239} INFO - Sync 1 DAGs
[2026-09-22T03:07:22.310+0000] {processor.py:208} INFO - Processing /opt/airflow/dags/load_kalimantan_postgres.py took 0.078 seconds
[2026-09-22T03:07:52.531+0000] {processor.py:186} INFO - Started process (PID=595) to work on /opt/airflow/dags/load_kalimantan_postgres.py
[2026-09-22T03:07:52.533+0000] {processor.py:914} INFO - Processing file /opt/airflow/dags/load_kalimantan_postgres.py for tasks to queue
[2026-09-22T03:07:52.534+0000] {logging_mixin.py:190} INFO - [2026-09-22T03:07:52.534+0000] {dagbag.py:588} INFO - Filling up the DagBag from /opt/airflow/dags/load_kalimantan_postgres.py
[2026-09-22T03:07:52.575+0000] {processor.py:925} INFO - DAG(s) 'load_kalimantan_postgres' retrieved from /opt/airflow/dags/load_kalimantan_postgres.py
[2026-09-22T03:07:52.590+0000] {logging_mixin.py:190} INFO - [2026-09-22T03:07:52.590+0000] {dag.py:3239} INFO - Sync 1 DAGs
[2026-09-22T03:07:52.610+0000] {processor.py:208} INFO - Processing /opt/airflow/dags/load_kalimantan_postgres.py took 0.084 seconds
[2026-09-22T03:08:22.924+0000] {processor.py:186} INFO - Started process (PID=601) to work on /opt/airflow/dags/load_kalimantan_postgres.py
[2026-09-22T03:08:22.926+0000] {processor.py:914} INFO - Processing file /opt/airflow/dags/load_kalimantan_postgres.py for tasks to queue
[2026-09-22T03:08:22.929+0000] {logging_mixin.py:190} INFO - [2026-09-22T03:08:22.928+0000] {dagbag.py:588} INFO - Filling up the DagBag from /opt/airflow/dags/load_kalimantan_postgres.py
[2026-09-22T03:08:22.974+0000] {processor.py:925} INFO - DAG(s) 'load_kalimantan_postgres' retrieved from /opt/airflow/dags/load_kalimantan_postgres.py
[2026-09-22T03:08:22.990+0000] {logging_mixin.py:190} INFO - [2026-09-22T03:08:22.990+0000] {dag.py:3239} INFO - Sync 1 DAGs
[2026-09-22T03:08:23.001+0000] {logging_mixin.py:190} INFO - [2026-09-22T03:08:23.001+0000] {dag.py:4180} INFO - Setting next_dagrun for load_kalimantan_postgres to 2026-09-22 02:00:00+00:00, run_after=2026-09-23 02:00:00+00:00
[2026-09-22T03:08:23.009+0000] {processor.py:208} INFO - Processing /opt/airflow/dags/load_kalimantan_postgres.py took 0.093 seconds
[2026-09-22T03:08:53.292+0000] {processor.py:186} INFO - Started process (PID=606) to work on /opt/airflow/dags/load_kalimantan_postgres.py
[2026-09-22T03:08:53.292+0000] {processor.py:914} INFO - Processing file /opt/airflow/dags/load_kalimantan_postgres.py for tasks to queue
[2026-09-22T03:08:53.294+0000] {logging_mixin.py:190} INFO - [2026-09-22T03:08:53.294+0000] {dagbag.py:588} INFO - Filling up the DagBag from /opt/airflow/dags/load_kalimantan_postgres.py
[2026-09-22T03:08:53.326+0000] {processor.py:925} INFO - DAG(s) 'load_kalimantan_postgres' retrieved from /opt/airflow/dags/load_kalimantan_postgres.py
[2026-09-22T03:08:53.346+0000] {logging_mixin.py:190} INFO - [2026-09-22T03:08:53.346+0000] {dag.py:3239} INFO - Sync 1 DAGs
[2026-09-22T03:08:53.359+0000] {logging_mixin.py:190} INFO - [2026-09-22T03:08:53.359+0000] {dag.py:4180} INFO - Setting next_dagrun for load_kalimantan_postgres to 2026-09-22 02:00:00+00:00, run_after=2026-09-23 02:00:00+00:00
[2026-09-22T03:08:53.367+0000] {processor.py:208} INFO - Processing /opt/airflow/dags/load_kalimantan_postgres.py took 0.080 seconds
[2026-09-22T03:09:23.634+0000] {processor.py:186} INFO - Started process (PID=611) to work on /opt/airflow/dags/load_kalimantan_postgres.py
[2026-09-22T03:09:23.635+0000] {processor.py:914} INFO - Processing file /opt/airflow/dags/load_kalimantan_postgres.py for tasks to queue
[2026-09-22T03:09:23.637+0000] {logging_mixin.py:190} INFO - [2026-09-22T03:09:23.637+0000] {dagbag.py:588} INFO - Filling up the DagBag from /opt/airflow/dags/load_kalimantan_postgres.py
[2026-09-22T03:09:23.676+0000] {processor.py:925} INFO - DAG(s) 'load_kalimantan_postgres' retrieved from /opt/airflow/dags/load_kalimantan_postgres.py
[2026-09-22T03:09:23.694+0000] {logging_mixin.py:190} INFO - [2026-09-22T03:09:23.694+0000] {dag.py:3239} INFO - Sync 1 DAGs
[2026-09-22T03:09:23.706+0000] {logging_mixin.py:190} INFO - [2026-09-22T03:09:23.706+0000] {dag.py:4180} INFO - Setting next_dagrun for load_kalimantan_postgres to 2026-09-22 02:00:00+00:00, run_after=2026-09-23 02:00:00+00:00
[2026-09-22T03:09:23.713+0000] {processor.py:208} INFO - Processing /opt/airflow/dags/load_kalimantan_postgres.py took 0.087 seconds
[2026-09-22T03:09:53.947+0000] {processor.py:186} INFO - Started process (PID=616) to work on /opt/airflow/dags/load_kalimantan_postgres.py
[2026-09-22T03:09:53.950+0000] {processor.py:914} INFO - Processing file /opt/airflow/dags/load_kalimantan_postgres.py for tasks to queue
[2026-09-22T03:09:53.953+0000] {logging_mixin.py:190} INFO - [2026-09-22T03:09:53.953+0000] {dagbag.py:588} INFO - Filling up the DagBag from /opt/airflow/dags/load_kalimantan_postgres.py
[2026-09-22T03:09:54.003+0000] {processor.py:925} INFO - DAG(s) 'load_kalimantan_postgres' retrieved from /opt/airflow/dags/load_kalimantan_postgres.py
[2026-09-22T03:09:54.023+0000] {logging_mixin.py:190} INFO - [2026-09-22T03:09:54.023+0000] {dag.py:3239} INFO - Sync 1 DAGs
[2026-09-22T03:09:54.036+0000] {logging_mixin.py:190} INFO - [2026-09-22T03:09:54.036+0000] {dag.py:4180} INFO - Setting next_dagrun for load_kalimantan_postgres to 2026-09-22 02:00:00+00:00, run_after=2026-09-23 02:00:00+00:00
[2026-09-22T03:09:54.044+0000] {processor.py:208} INFO - Processing /opt/airflow/dags/load_kalimantan_postgres.py took 0.107 seconds
[2026-09-22T03:10:24.355+0000] {processor.py:186} INFO - Started process (PID=621) to work on /opt/airflow/dags/load_kalimantan_postgres.py
[2026-09-22T03:10:24.356+0000] {processor.py:914} INFO - Processing file /opt/airflow/dags/load_kalimantan_postgres.py for tasks to queue
[2026-09-22T03:10:24.359+0000] {logging_mixin.py:190} INFO - [2026-09-22T03:10:24.359+0000] {dagbag.py:588} INFO - Filling up the DagBag from /opt/airflow/dags/load_kalimantan_postgres.py
[2026-09-22T03:10:24.406+0000] {processor.py:925} INFO - DAG(s) 'load_kalimantan_postgres' retrieved from /opt/airflow/dags/load_kalimantan_postgres.py
[2026-09-22T03:10:24.425+0000] {logging_mixin.py:190} INFO - [2026-09-22T03:10:24.425+0000] {dag.py:3239} INFO - Sync 1 DAGs
[2026-09-22T03:10:24.439+0000] {logging_mixin.py:190} INFO - [2026-09-22T03:10:24.439+0000] {dag.py:4180} INFO - Setting next_dagrun for load_kalimantan_postgres to 2026-09-22 02:00:00+00:00, run_after=2026-09-23 02:00:00+00:00
[2026-09-22T03:10:24.447+0000] {processor.py:208} INFO - Processing /opt/airflow/dags/load_kalimantan_postgres.py took 0.101 seconds
[2026-09-22T03:10:54.750+0000] {processor.py:186} INFO - Started process (PID=626) to work on /opt/airflow/dags/load_kalimantan_postgres.py
[2026-09-22T03:10:54.751+0000] {processor.py:914} INFO - Processing file /opt/airflow/dags/load_kalimantan_postgres.py for tasks to queue
[2026-09-22T03:10:54.753+0000] {logging_mixin.py:190} INFO - [2026-09-22T03:10:54.753+0000] {dagbag.py:588} INFO - Filling up the DagBag from /opt/airflow/dags/load_kalimantan_postgres.py
[2026-09-22T03:10:54.790+0000] {processor.py:925} INFO - DAG(s) 'load_kalimantan_postgres' retrieved from /opt/airflow/dags/load_kalimantan_postgres.py
[2026-09-22T03:10:54.807+0000] {logging_mixin.py:190} INFO - [2026-09-22T03:10:54.807+0000] {dag.py:3239} INFO - Sync 1 DAGs
[2026-09-22T03:10:54.818+0000] {logging_mixin.py:190} INFO - [2026-09-22T03:10:54.817+0000] {dag.py:4180} INFO - Setting next_dagrun for load_kalimantan_postgres to 2026-09-22 02:00:00+00:00, run_after=2026-09-23 02:00:00+00:00
[2026-09-22T03:10:54.825+0000] {processor.py:208} INFO - Processing /opt/airflow/dags/load_kalimantan_postgres.py took 0.083 seconds
[2026-09-22T03:11:25.154+0000] {processor.py:186} INFO - Started process (PID=631) to work on /opt/airflow/dags/load_kalimantan_postgres.py
[2026-09-22T03:11:25.155+0000] {processor.py:914} INFO - Processing file /opt/airflow/dags/load_kalimantan_postgres.py for tasks to queue
[2026-09-22T03:11:25.158+0000] {logging_mixin.py:190} INFO - [2026-09-22T03:11:25.157+0000] {dagbag.py:588} INFO - Filling up the DagBag from /opt/airflow/dags/load_kalimantan_postgres.py
[2026-09-22T03:11:25.209+0000] {processor.py:925} INFO - DAG(s) 'load_kalimantan_postgres' retrieved from /opt/airflow/dags/load_kalimantan_postgres.py
[2026-09-22T03:11:25.229+0000] {logging_mixin.py:190} INFO - [2026-09-22T03:11:25.229+0000] {dag.py:3239} INFO - Sync 1 DAGs
[2026-09-22T03:11:25.241+0000] {logging_mixin.py:190} INFO - [2026-09-22T03:11:25.240+0000] {dag.py:4180} INFO - Setting next_dagrun for load_kalimantan_postgres to 2026-09-22 02:00:00+00:00, run_after=2026-09-23 02:00:00+00:00
[2026-09-22T03:11:25.248+0000] {processor.py:208} INFO - Processing /opt/airflow/dags/load_kalimantan_postgres.py took 0.102 seconds
[2026-09-22T03:11:55.527+0000] {processor.py:186} INFO - Started process (PID=636) to work on /opt/airflow/dags/load_kalimantan_postgres.py
[2026-09-22T03:11:55.528+0000] {processor.py:914} INFO - Processing file /opt/airflow/dags/load_kalimantan_postgres.py for tasks to queue
[2026-09-22T03:11:55.530+0000] {logging_mixin.py:190} INFO - [2026-09-22T03:11:55.530+0000] {dagbag.py:588} INFO - Filling up the DagBag from /opt/airflow/dags/load_kalimantan_postgres.py
[2026-09-22T03:11:55.575+0000] {processor.py:925} INFO - DAG(s) 'load_kalimantan_postgres' retrieved from /opt/airflow/dags/load_kalimantan_postgres.py
[2026-09-22T03:11:55.595+0000] {logging_mixin.py:190} INFO - [2026-09-22T03:11:55.595+0000] {dag.py:3239} INFO - Sync 1 DAGs
[2026-09-22T03:11:55.608+0000] {logging_mixin.py:190} INFO - [2026-09-22T03:11:55.608+0000] {dag.py:4180} INFO - Setting next_dagrun for load_kalimantan_postgres to 2026-09-22 02:00:00+00:00, run_after=2026-09-23 02:00:00+00:00
[2026-09-22T03:11:55.615+0000] {processor.py:208} INFO - Processing /opt/airflow/dags/load_kalimantan_postgres.py took 0.095 seconds
[2026-09-22T03:12:25.904+0000] {processor.py:186} INFO - Started process (PID=641) to work on /opt/airflow/dags/load_kalimantan_postgres.py
[2026-09-22T03:12:25.905+0000] {processor.py:914} INFO - Processing file /opt/airflow/dags/load_kalimantan_postgres.py for tasks to queue
[2026-09-22T03:12:25.908+0000] {logging_mixin.py:190} INFO - [2026-09-22T03:12:25.907+0000] {dagbag.py:588} INFO - Filling up the DagBag from /opt/airflow/dags/load_kalimantan_postgres.py
[2026-09-22T03:12:25.946+0000] {processor.py:925} INFO - DAG(s) 'load_kalimantan_postgres' retrieved from /opt/airflow/dags/load_kalimantan_postgres.py
[2026-09-22T03:12:25.961+0000] {logging_mixin.py:190} INFO - [2026-09-22T03:12:25.961+0000] {dag.py:3239} INFO - Sync 1 DAGs
[2026-09-22T03:12:25.971+0000] {logging_mixin.py:190} INFO - [2026-09-22T03:12:25.971+0000] {dag.py:4180} INFO - Setting next_dagrun for load_kalimantan_postgres to 2026-09-22 02:00:00+00:00, run_after=2026-09-23 02:00:00+00:00
[2026-09-22T03:12:25.978+0000] {processor.py:208} INFO - Processing /opt/airflow/dags/load_kalimantan_postgres.py took 0.086 seconds
[2026-09-22T03:12:56.321+0000] {processor.py:186} INFO - Started process (PID=646) to work on /opt/airflow/dags/load_kalimantan_postgres.py
[2026-09-22T03:12:56.323+0000] {processor.py:914} INFO - Processing file /opt/airflow/dags/load_kalimantan_postgres.py for tasks to queue
[2026-09-22T03:12:56.327+0000] {logging_mixin.py:190} INFO - [2026-09-22T03:12:56.327+0000] {dagbag.py:588} INFO - Filling up the DagBag from /opt/airflow/dags/load_kalimantan_postgres.py
[2026-09-22T03:12:56.430+0000] {processor.py:925} INFO - DAG(s) 'load_kalimantan_postgres' retrieved from /opt/airflow/dags/load_kalimantan_postgres.py
[2026-09-22T03:12:56.455+0000] {logging_mixin.py:190} INFO - [2026-09-22T03:12:56.455+0000] {dag.py:3239} INFO - Sync 1 DAGs
[2026-09-22T03:12:56.470+0000] {logging_mixin.py:190} INFO - [2026-09-22T03:12:56.469+0000] {dag.py:4180} INFO - Setting next_dagrun for load_kalimantan_postgres to 2026-09-22 02:00:00+00:00, run_after=2026-09-23 02:00:00+00:00
[2026-09-22T03:12:56.477+0000] {processor.py:208} INFO - Processing /opt/airflow/dags/load_kalimantan_postgres.py took 0.164 seconds
[2026-09-22T03:13:26.717+0000] {processor.py:186} INFO - Started process (PID=651) to work on /opt/airflow/dags/load_kalimantan_postgres.py
[2026-09-22T03:13:26.718+0000] {processor.py:914} INFO - Processing file /opt/airflow/dags/load_kalimantan_postgres.py for tasks to queue
[2026-09-22T03:13:26.721+0000] {logging_mixin.py:190} INFO - [2026-09-22T03:13:26.720+0000] {dagbag.py:588} INFO - Filling up the DagBag from /opt/airflow/dags/load_kalimantan_postgres.py
[2026-09-22T03:13:26.765+0000] {processor.py:925} INFO - DAG(s) 'load_kalimantan_postgres' retrieved from /opt/airflow/dags/load_kalimantan_postgres.py
[2026-09-22T03:13:26.785+0000] {logging_mixin.py:190} INFO - [2026-09-22T03:13:26.785+0000] {dag.py:3239} INFO - Sync 1 DAGs
[2026-09-22T03:13:26.798+0000] {logging_mixin.py:190} INFO - [2026-09-22T03:13:26.798+0000] {dag.py:4180} INFO - Setting next_dagrun for load_kalimantan_postgres to 2026-09-22 02:00:00+00:00, run_after=2026-09-23 02:00:00+00:00
[2026-09-22T03:13:26.806+0000] {processor.py:208} INFO - Processing /opt/airflow/dags/load_kalimantan_postgres.py took 0.101 seconds
[2026-09-22T03:13:39.867+0000] {processor.py:186} INFO - Started process (PID=656) to work on /opt/airflow/dags/load_kalimantan_postgres.py
[2026-09-22T03:13:39.868+0000] {processor.py:914} INFO - Processing file /opt/airflow/dags/load_kalimantan_postgres.py for tasks to queue
[2026-09-22T03:13:39.869+0000] {logging_mixin.py:190} INFO - [2026-09-22T03:13:39.869+0000] {dagbag.py:588} INFO - Filling up the DagBag from /opt/airflow/dags/load_kalimantan_postgres.py
[2026-09-22T03:13:39.903+0000] {processor.py:925} INFO - DAG(s) 'load_kalimantan_postgres' retrieved from /opt/airflow/dags/load_kalimantan_postgres.py
[2026-09-22T03:13:39.991+0000] {logging_mixin.py:190} INFO - [2026-09-22T03:13:39.990+0000] {dag.py:3239} INFO - Sync 1 DAGs
[2026-09-22T03:13:40.005+0000] {logging_mixin.py:190} INFO - [2026-09-22T03:13:40.005+0000] {dag.py:4180} INFO - Setting next_dagrun for load_kalimantan_postgres to 2026-09-22 02:00:00+00:00, run_after=2026-09-23 02:00:00+00:00
[2026-09-22T03:13:40.014+0000] {processor.py:208} INFO - Processing /opt/airflow/dags/load_kalimantan_postgres.py took 0.151 seconds
[2026-09-22T03:13:50.160+0000] {processor.py:186} INFO - Started process (PID=661) to work on /opt/airflow/dags/load_kalimantan_postgres.py
[2026-09-22T03:13:50.161+0000] {processor.py:914} INFO - Processing file /opt/airflow/dags/load_kalimantan_postgres.py for tasks to queue
[2026-09-22T03:13:50.164+0000] {logging_mixin.py:190} INFO - [2026-09-22T03:13:50.164+0000] {dagbag.py:588} INFO - Filling up the DagBag from /opt/airflow/dags/load_kalimantan_postgres.py
[2026-09-22T03:13:50.235+0000] {processor.py:925} INFO - DAG(s) 'load_kalimantan_postgres' retrieved from /opt/airflow/dags/load_kalimantan_postgres.py
[2026-09-22T03:13:50.263+0000] {logging_mixin.py:190} INFO - [2026-09-22T03:13:50.263+0000] {dag.py:3239} INFO - Sync 1 DAGs
[2026-09-22T03:13:50.292+0000] {logging_mixin.py:190} INFO - [2026-09-22T03:13:50.292+0000] {dag.py:4180} INFO - Setting next_dagrun for load_kalimantan_postgres to 2026-09-22 02:00:00+00:00, run_after=2026-09-23 02:00:00+00:00
[2026-09-22T03:13:50.302+0000] {processor.py:208} INFO - Processing /opt/airflow/dags/load_kalimantan_postgres.py took 0.166 seconds
[2026-09-22T03:14:01.308+0000] {processor.py:186} INFO - Started process (PID=666) to work on /opt/airflow/dags/load_kalimantan_postgres.py
[2026-09-22T03:14:01.309+0000] {processor.py:914} INFO - Processing file /opt/airflow/dags/load_kalimantan_postgres.py for tasks to queue
[2026-09-22T03:14:01.312+0000] {logging_mixin.py:190} INFO - [2026-09-22T03:14:01.312+0000] {dagbag.py:588} INFO - Filling up the DagBag from /opt/airflow/dags/load_kalimantan_postgres.py
[2026-09-22T03:14:01.380+0000] {processor.py:925} INFO - DAG(s) 'load_kalimantan_postgres' retrieved from /opt/airflow/dags/load_kalimantan_postgres.py
[2026-09-22T03:14:01.395+0000] {logging_mixin.py:190} INFO - [2026-09-22T03:14:01.395+0000] {dag.py:3239} INFO - Sync 1 DAGs
[2026-09-22T03:14:01.411+0000] {logging_mixin.py:190} INFO - [2026-09-22T03:14:01.411+0000] {dag.py:4180} INFO - Setting next_dagrun for load_kalimantan_postgres to 2026-09-22 02:00:00+00:00, run_after=2026-09-23 02:00:00+00:00
[2026-09-22T03:14:01.421+0000] {processor.py:208} INFO - Processing /opt/airflow/dags/load_kalimantan_postgres.py took 0.120 seconds
[2026-09-22T03:14:31.676+0000] {processor.py:186} INFO - Started process (PID=685) to work on /opt/airflow/dags/load_kalimantan_postgres.py
[2026-09-22T03:14:31.677+0000] {processor.py:914} INFO - Processing file /opt/airflow/dags/load_kalimantan_postgres.py for tasks to queue
[2026-09-22T03:14:31.680+0000] {logging_mixin.py:190} INFO - [2026-09-22T03:14:31.680+0000] {dagbag.py:588} INFO - Filling up the DagBag from /opt/airflow/dags/load_kalimantan_postgres.py
[2026-09-22T03:14:31.732+0000] {processor.py:925} INFO - DAG(s) 'load_kalimantan_postgres' retrieved from /opt/airflow/dags/load_kalimantan_postgres.py
[2026-09-22T03:14:31.764+0000] {logging_mixin.py:190} INFO - [2026-09-22T03:14:31.764+0000] {dag.py:3239} INFO - Sync 1 DAGs
[2026-09-22T03:14:31.779+0000] {logging_mixin.py:190} INFO - [2026-09-22T03:14:31.779+0000] {dag.py:4180} INFO - Setting next_dagrun for load_kalimantan_postgres to 2026-09-22 02:00:00+00:00, run_after=2026-09-23 02:00:00+00:00
[2026-09-22T03:14:31.788+0000] {processor.py:208} INFO - Processing /opt/airflow/dags/load_kalimantan_postgres.py took 0.120 seconds
[2026-09-22T03:14:38.768+0000] {processor.py:186} INFO - Started process (PID=690) to work on /opt/airflow/dags/load_kalimantan_postgres.py
[2026-09-22T03:14:38.769+0000] {processor.py:914} INFO - Processing file /opt/airflow/dags/load_kalimantan_postgres.py for tasks to queue
[2026-09-22T03:14:38.771+0000] {logging_mixin.py:190} INFO - [2026-09-22T03:14:38.770+0000] {dagbag.py:588} INFO - Filling up the DagBag from /opt/airflow/dags/load_kalimantan_postgres.py
[2026-09-22T03:14:38.806+0000] {processor.py:925} INFO - DAG(s) 'load_kalimantan_postgres' retrieved from /opt/airflow/dags/load_kalimantan_postgres.py
[2026-09-22T03:14:38.827+0000] {logging_mixin.py:190} INFO - [2026-09-22T03:14:38.826+0000] {dag.py:3239} INFO - Sync 1 DAGs
[2026-09-22T03:14:38.838+0000] {logging_mixin.py:190} INFO - [2026-09-22T03:14:38.838+0000] {dag.py:4180} INFO - Setting next_dagrun for load_kalimantan_postgres to 2026-09-22 02:00:00+00:00, run_after=2026-09-23 02:00:00+00:00
[2026-09-22T03:14:38.846+0000] {processor.py:208} INFO - Processing /opt/airflow/dags/load_kalimantan_postgres.py took 0.083 seconds
[2026-09-22T03:15:03.059+0000] {processor.py:186} INFO - Started process (PID=702) to work on /opt/airflow/dags/load_kalimantan_postgres.py
[2026-09-22T03:15:03.060+0000] {processor.py:914} INFO - Processing file /opt/airflow/dags/load_kalimantan_postgres.py for tasks to queue
[2026-09-22T03:15:03.065+0000] {logging_mixin.py:190} INFO - [2026-09-22T03:15:03.065+0000] {dagbag.py:588} INFO - Filling up the DagBag from /opt/airflow/dags/load_kalimantan_postgres.py
[2026-09-22T03:15:03.109+0000] {processor.py:925} INFO - DAG(s) 'load_kalimantan_postgres' retrieved from /opt/airflow/dags/load_kalimantan_postgres.py
[2026-09-22T03:15:03.133+0000] {logging_mixin.py:190} INFO - [2026-09-22T03:15:03.133+0000] {dag.py:3239} INFO - Sync 1 DAGs
[2026-09-22T03:15:03.146+0000] {logging_mixin.py:190} INFO - [2026-09-22T03:15:03.146+0000] {dag.py:4180} INFO - Setting next_dagrun for load_kalimantan_postgres to 2026-09-22 02:00:00+00:00, run_after=2026-09-23 02:00:00+00:00
[2026-09-22T03:15:03.156+0000] {processor.py:208} INFO - Processing /opt/airflow/dags/load_kalimantan_postgres.py took 0.103 seconds
[2026-09-22T03:15:33.489+0000] {processor.py:186} INFO - Started process (PID=729) to work on /opt/airflow/dags/load_kalimantan_postgres.py
[2026-09-22T03:15:33.507+0000] {processor.py:914} INFO - Processing file /opt/airflow/dags/load_kalimantan_postgres.py for tasks to queue
[2026-09-22T03:15:33.520+0000] {logging_mixin.py:190} INFO - [2026-09-22T03:15:33.520+0000] {dagbag.py:588} INFO - Filling up the DagBag from /opt/airflow/dags/load_kalimantan_postgres.py
[2026-09-22T03:15:33.572+0000] {processor.py:925} INFO - DAG(s) 'load_kalimantan_postgres' retrieved from /opt/airflow/dags/load_kalimantan_postgres.py
[2026-09-22T03:15:33.594+0000] {logging_mixin.py:190} INFO - [2026-09-22T03:15:33.594+0000] {dag.py:3239} INFO - Sync 1 DAGs
[2026-09-22T03:15:33.609+0000] {logging_mixin.py:190} INFO - [2026-09-22T03:15:33.609+0000] {dag.py:4180} INFO - Setting next_dagrun for load_kalimantan_postgres to 2026-09-22 02:00:00+00:00, run_after=2026-09-23 02:00:00+00:00
[2026-09-22T03:15:33.617+0000] {processor.py:208} INFO - Processing /opt/airflow/dags/load_kalimantan_postgres.py took 0.173 seconds
[2026-09-22T03:15:41.720+0000] {processor.py:186} INFO - Started process (PID=734) to work on /opt/airflow/dags/load_kalimantan_postgres.py
[2026-09-22T03:15:41.721+0000] {processor.py:914} INFO - Processing file /opt/airflow/dags/load_kalimantan_postgres.py for tasks to queue
[2026-09-22T03:15:41.723+0000] {logging_mixin.py:190} INFO - [2026-09-22T03:15:41.722+0000] {dagbag.py:588} INFO - Filling up the DagBag from /opt/airflow/dags/load_kalimantan_postgres.py
[2026-09-22T03:15:41.774+0000] {processor.py:925} INFO - DAG(s) 'load_kalimantan_postgres' retrieved from /opt/airflow/dags/load_kalimantan_postgres.py
[2026-09-22T03:15:41.797+0000] {logging_mixin.py:190} INFO - [2026-09-22T03:15:41.797+0000] {dag.py:3239} INFO - Sync 1 DAGs
[2026-09-22T03:15:41.813+0000] {logging_mixin.py:190} INFO - [2026-09-22T03:15:41.813+0000] {dag.py:4180} INFO - Setting next_dagrun for load_kalimantan_postgres to 2026-09-22 02:00:00+00:00, run_after=2026-09-23 02:00:00+00:00
[2026-09-22T03:15:41.823+0000] {processor.py:208} INFO - Processing /opt/airflow/dags/load_kalimantan_postgres.py took 0.113 seconds
[2026-09-22T03:16:12.131+0000] {processor.py:186} INFO - Started process (PID=760) to work on /opt/airflow/dags/load_kalimantan_postgres.py
[2026-09-22T03:16:12.132+0000] {processor.py:914} INFO - Processing file /opt/airflow/dags/load_kalimantan_postgres.py for tasks to queue
[2026-09-22T03:16:12.136+0000] {logging_mixin.py:190} INFO - [2026-09-22T03:16:12.135+0000] {dagbag.py:588} INFO - Filling up the DagBag from /opt/airflow/dags/load_kalimantan_postgres.py
[2026-09-22T03:16:12.207+0000] {processor.py:925} INFO - DAG(s) 'load_kalimantan_postgres' retrieved from /opt/airflow/dags/load_kalimantan_postgres.py
[2026-09-22T03:16:12.232+0000] {logging_mixin.py:190} INFO - [2026-09-22T03:16:12.232+0000] {dag.py:3239} INFO - Sync 1 DAGs
[2026-09-22T03:16:12.245+0000] {logging_mixin.py:190} INFO - [2026-09-22T03:16:12.244+0000] {dag.py:4180} INFO - Setting next_dagrun for load_kalimantan_postgres to 2026-09-22 02:00:00+00:00, run_after=2026-09-23 02:00:00+00:00
[2026-09-22T03:16:12.253+0000] {processor.py:208} INFO - Processing /opt/airflow/dags/load_kalimantan_postgres.py took 0.148 seconds
[2026-09-22T03:16:42.524+0000] {processor.py:186} INFO - Started process (PID=765) to work on /opt/airflow/dags/load_kalimantan_postgres.py
[2026-09-22T03:16:42.525+0000] {processor.py:914} INFO - Processing file /opt/airflow/dags/load_kalimantan_postgres.py for tasks to queue
[2026-09-22T03:16:42.527+0000] {logging_mixin.py:190} INFO - [2026-09-22T03:16:42.526+0000] {dagbag.py:588} INFO - Filling up the DagBag from /opt/airflow/dags/load_kalimantan_postgres.py
[2026-09-22T03:16:42.562+0000] {processor.py:925} INFO - DAG(s) 'load_kalimantan_postgres' retrieved from /opt/airflow/dags/load_kalimantan_postgres.py
[2026-09-22T03:16:42.576+0000] {logging_mixin.py:190} INFO - [2026-09-22T03:16:42.576+0000] {dag.py:3239} INFO - Sync 1 DAGs
[2026-09-22T03:16:42.585+0000] {logging_mixin.py:190} INFO - [2026-09-22T03:16:42.585+0000] {dag.py:4180} INFO - Setting next_dagrun for load_kalimantan_postgres to 2026-09-22 02:00:00+00:00, run_after=2026-09-23 02:00:00+00:00
[2026-09-22T03:16:42.592+0000] {processor.py:208} INFO - Processing /opt/airflow/dags/load_kalimantan_postgres.py took 0.081 seconds
[2026-09-22T03:17:10.922+0000] {processor.py:186} INFO - Started process (PID=770) to work on /opt/airflow/dags/load_kalimantan_postgres.py
[2026-09-22T03:17:10.923+0000] {processor.py:914} INFO - Processing file /opt/airflow/dags/load_kalimantan_postgres.py for tasks to queue
[2026-09-22T03:17:10.926+0000] {logging_mixin.py:190} INFO - [2026-09-22T03:17:10.925+0000] {dagbag.py:588} INFO - Filling up the DagBag from /opt/airflow/dags/load_kalimantan_postgres.py
[2026-09-22T03:17:10.928+0000] {logging_mixin.py:190} INFO - [2026-09-22T03:17:10.927+0000] {dagbag.py:616} ERROR - [Errno 2] No such file or directory: '/opt/airflow/dags/load_kalimantan_postgres.py'
Traceback (most recent call last):
  File "/home/airflow/.local/lib/python3.11/site-packages/airflow/models/dagbag.py", line 602, in collect_dags
    found_dags = self.process_file(filepath, only_if_updated=only_if_updated, safe_mode=safe_mode)
                 ^^^^^^^^^^^^^^^^^^^^^^^^^^^^^^^^^^^^^^^^^^^^^^^^^^^^^^^^^^^^^^^^^^^^^^^^^^^^^^^^^
  File "/home/airflow/.local/lib/python3.11/site-packages/airflow/models/dagbag.py", line 341, in process_file
    mods = self._load_modules_from_file(filepath, safe_mode)
           ^^^^^^^^^^^^^^^^^^^^^^^^^^^^^^^^^^^^^^^^^^^^^^^^^
  File "/home/airflow/.local/lib/python3.11/site-packages/airflow/models/dagbag.py", line 362, in _load_modules_from_file
    if not might_contain_dag(filepath, safe_mode):
           ^^^^^^^^^^^^^^^^^^^^^^^^^^^^^^^^^^^^^^
  File "/home/airflow/.local/lib/python3.11/site-packages/airflow/utils/file.py", line 345, in might_contain_dag
    return might_contain_dag_callable(file_path=file_path, zip_file=zip_file)
           ^^^^^^^^^^^^^^^^^^^^^^^^^^^^^^^^^^^^^^^^^^^^^^^^^^^^^^^^^^^^^^^^^^
  File "/home/airflow/.local/lib/python3.11/site-packages/airflow/utils/file.py", line 362, in might_contain_dag_via_default_heuristic
    with open(file_path, "rb") as dag_file:
         ^^^^^^^^^^^^^^^^^^^^^
FileNotFoundError: [Errno 2] No such file or directory: '/opt/airflow/dags/load_kalimantan_postgres.py'
[2026-09-22T03:17:10.928+0000] {processor.py:927} WARNING - No viable dags retrieved from /opt/airflow/dags/load_kalimantan_postgres.py
[2026-09-22T03:17:10.949+0000] {processor.py:208} INFO - Processing /opt/airflow/dags/load_kalimantan_postgres.py took 0.047 seconds
[2026-09-22T03:17:11.932+0000] {processor.py:186} INFO - Started process (PID=775) to work on /opt/airflow/dags/load_kalimantan_postgres.py
[2026-09-22T03:17:11.932+0000] {processor.py:914} INFO - Processing file /opt/airflow/dags/load_kalimantan_postgres.py for tasks to queue
[2026-09-22T03:17:11.934+0000] {logging_mixin.py:190} INFO - [2026-09-22T03:17:11.934+0000] {dagbag.py:588} INFO - Filling up the DagBag from /opt/airflow/dags/load_kalimantan_postgres.py
[2026-09-22T03:17:11.995+0000] {processor.py:925} INFO - DAG(s) 'load_kalimantan_postgres' retrieved from /opt/airflow/dags/load_kalimantan_postgres.py
[2026-09-22T03:17:12.115+0000] {logging_mixin.py:190} INFO - [2026-09-22T03:17:12.115+0000] {dag.py:3239} INFO - Sync 1 DAGs
[2026-09-22T03:17:12.127+0000] {logging_mixin.py:190} INFO - [2026-09-22T03:17:12.127+0000] {dag.py:4180} INFO - Setting next_dagrun for load_kalimantan_postgres to 2026-09-22 02:00:00+00:00, run_after=2026-09-23 02:00:00+00:00
[2026-09-22T03:17:12.137+0000] {processor.py:208} INFO - Processing /opt/airflow/dags/load_kalimantan_postgres.py took 0.212 seconds
[2026-09-22T03:17:42.412+0000] {processor.py:186} INFO - Started process (PID=780) to work on /opt/airflow/dags/load_kalimantan_postgres.py
[2026-09-22T03:17:42.414+0000] {processor.py:914} INFO - Processing file /opt/airflow/dags/load_kalimantan_postgres.py for tasks to queue
[2026-09-22T03:17:42.416+0000] {logging_mixin.py:190} INFO - [2026-09-22T03:17:42.416+0000] {dagbag.py:588} INFO - Filling up the DagBag from /opt/airflow/dags/load_kalimantan_postgres.py
[2026-09-22T03:17:42.474+0000] {processor.py:925} INFO - DAG(s) 'load_kalimantan_postgres' retrieved from /opt/airflow/dags/load_kalimantan_postgres.py
[2026-09-22T03:17:42.501+0000] {logging_mixin.py:190} INFO - [2026-09-22T03:17:42.501+0000] {dag.py:3239} INFO - Sync 1 DAGs
[2026-09-22T03:17:42.523+0000] {logging_mixin.py:190} INFO - [2026-09-22T03:17:42.523+0000] {dag.py:4180} INFO - Setting next_dagrun for load_kalimantan_postgres to 2026-09-22 02:00:00+00:00, run_after=2026-09-23 02:00:00+00:00
[2026-09-22T03:17:42.531+0000] {processor.py:208} INFO - Processing /opt/airflow/dags/load_kalimantan_postgres.py took 0.135 seconds
[2026-09-22T03:18:12.821+0000] {processor.py:186} INFO - Started process (PID=799) to work on /opt/airflow/dags/load_kalimantan_postgres.py
[2026-09-22T03:18:12.822+0000] {processor.py:914} INFO - Processing file /opt/airflow/dags/load_kalimantan_postgres.py for tasks to queue
[2026-09-22T03:18:12.825+0000] {logging_mixin.py:190} INFO - [2026-09-22T03:18:12.824+0000] {dagbag.py:588} INFO - Filling up the DagBag from /opt/airflow/dags/load_kalimantan_postgres.py
[2026-09-22T03:18:12.886+0000] {processor.py:925} INFO - DAG(s) 'load_kalimantan_postgres' retrieved from /opt/airflow/dags/load_kalimantan_postgres.py
[2026-09-22T03:18:12.909+0000] {logging_mixin.py:190} INFO - [2026-09-22T03:18:12.908+0000] {dag.py:3239} INFO - Sync 1 DAGs
[2026-09-22T03:18:12.924+0000] {logging_mixin.py:190} INFO - [2026-09-22T03:18:12.924+0000] {dag.py:4180} INFO - Setting next_dagrun for load_kalimantan_postgres to 2026-09-22 02:00:00+00:00, run_after=2026-09-23 02:00:00+00:00
[2026-09-22T03:18:12.932+0000] {processor.py:208} INFO - Processing /opt/airflow/dags/load_kalimantan_postgres.py took 0.131 seconds
[2026-09-22T03:18:43.206+0000] {processor.py:186} INFO - Started process (PID=804) to work on /opt/airflow/dags/load_kalimantan_postgres.py
[2026-09-22T03:18:43.207+0000] {processor.py:914} INFO - Processing file /opt/airflow/dags/load_kalimantan_postgres.py for tasks to queue
[2026-09-22T03:18:43.209+0000] {logging_mixin.py:190} INFO - [2026-09-22T03:18:43.209+0000] {dagbag.py:588} INFO - Filling up the DagBag from /opt/airflow/dags/load_kalimantan_postgres.py
[2026-09-22T03:18:43.245+0000] {processor.py:925} INFO - DAG(s) 'load_kalimantan_postgres' retrieved from /opt/airflow/dags/load_kalimantan_postgres.py
[2026-09-22T03:18:43.259+0000] {logging_mixin.py:190} INFO - [2026-09-22T03:18:43.258+0000] {dag.py:3239} INFO - Sync 1 DAGs
[2026-09-22T03:18:43.268+0000] {logging_mixin.py:190} INFO - [2026-09-22T03:18:43.268+0000] {dag.py:4180} INFO - Setting next_dagrun for load_kalimantan_postgres to 2026-09-22 02:00:00+00:00, run_after=2026-09-23 02:00:00+00:00
[2026-09-22T03:18:43.274+0000] {processor.py:208} INFO - Processing /opt/airflow/dags/load_kalimantan_postgres.py took 0.076 seconds
[2026-09-22T03:19:13.581+0000] {processor.py:186} INFO - Started process (PID=809) to work on /opt/airflow/dags/load_kalimantan_postgres.py
[2026-09-22T03:19:13.582+0000] {processor.py:914} INFO - Processing file /opt/airflow/dags/load_kalimantan_postgres.py for tasks to queue
[2026-09-22T03:19:13.584+0000] {logging_mixin.py:190} INFO - [2026-09-22T03:19:13.584+0000] {dagbag.py:588} INFO - Filling up the DagBag from /opt/airflow/dags/load_kalimantan_postgres.py
[2026-09-22T03:19:13.628+0000] {processor.py:925} INFO - DAG(s) 'load_kalimantan_postgres' retrieved from /opt/airflow/dags/load_kalimantan_postgres.py
[2026-09-22T03:19:13.648+0000] {logging_mixin.py:190} INFO - [2026-09-22T03:19:13.648+0000] {dag.py:3239} INFO - Sync 1 DAGs
[2026-09-22T03:19:13.661+0000] {logging_mixin.py:190} INFO - [2026-09-22T03:19:13.661+0000] {dag.py:4180} INFO - Setting next_dagrun for load_kalimantan_postgres to 2026-09-22 02:00:00+00:00, run_after=2026-09-23 02:00:00+00:00
[2026-09-22T03:19:13.668+0000] {processor.py:208} INFO - Processing /opt/airflow/dags/load_kalimantan_postgres.py took 0.092 seconds
[2026-09-22T03:19:43.962+0000] {processor.py:186} INFO - Started process (PID=814) to work on /opt/airflow/dags/load_kalimantan_postgres.py
[2026-09-22T03:19:43.964+0000] {processor.py:914} INFO - Processing file /opt/airflow/dags/load_kalimantan_postgres.py for tasks to queue
[2026-09-22T03:19:43.965+0000] {logging_mixin.py:190} INFO - [2026-09-22T03:19:43.965+0000] {dagbag.py:588} INFO - Filling up the DagBag from /opt/airflow/dags/load_kalimantan_postgres.py
[2026-09-22T03:19:44.006+0000] {processor.py:925} INFO - DAG(s) 'load_kalimantan_postgres' retrieved from /opt/airflow/dags/load_kalimantan_postgres.py
[2026-09-22T03:19:44.020+0000] {logging_mixin.py:190} INFO - [2026-09-22T03:19:44.020+0000] {dag.py:3239} INFO - Sync 1 DAGs
[2026-09-22T03:19:44.030+0000] {logging_mixin.py:190} INFO - [2026-09-22T03:19:44.030+0000] {dag.py:4180} INFO - Setting next_dagrun for load_kalimantan_postgres to 2026-09-22 02:00:00+00:00, run_after=2026-09-23 02:00:00+00:00
[2026-09-22T03:19:44.037+0000] {processor.py:208} INFO - Processing /opt/airflow/dags/load_kalimantan_postgres.py took 0.083 seconds
[2026-09-22T03:20:14.382+0000] {processor.py:186} INFO - Started process (PID=819) to work on /opt/airflow/dags/load_kalimantan_postgres.py
[2026-09-22T03:20:14.383+0000] {processor.py:914} INFO - Processing file /opt/airflow/dags/load_kalimantan_postgres.py for tasks to queue
[2026-09-22T03:20:14.386+0000] {logging_mixin.py:190} INFO - [2026-09-22T03:20:14.386+0000] {dagbag.py:588} INFO - Filling up the DagBag from /opt/airflow/dags/load_kalimantan_postgres.py
[2026-09-22T03:20:14.455+0000] {processor.py:925} INFO - DAG(s) 'load_kalimantan_postgres' retrieved from /opt/airflow/dags/load_kalimantan_postgres.py
[2026-09-22T03:20:14.480+0000] {logging_mixin.py:190} INFO - [2026-09-22T03:20:14.479+0000] {dag.py:3239} INFO - Sync 1 DAGs
[2026-09-22T03:20:14.496+0000] {logging_mixin.py:190} INFO - [2026-09-22T03:20:14.495+0000] {dag.py:4180} INFO - Setting next_dagrun for load_kalimantan_postgres to 2026-09-22 02:00:00+00:00, run_after=2026-09-23 02:00:00+00:00
[2026-09-22T03:20:14.505+0000] {processor.py:208} INFO - Processing /opt/airflow/dags/load_kalimantan_postgres.py took 0.137 seconds
[2026-09-22T03:20:44.706+0000] {processor.py:186} INFO - Started process (PID=824) to work on /opt/airflow/dags/load_kalimantan_postgres.py
[2026-09-22T03:20:44.707+0000] {processor.py:914} INFO - Processing file /opt/airflow/dags/load_kalimantan_postgres.py for tasks to queue
[2026-09-22T03:20:44.712+0000] {logging_mixin.py:190} INFO - [2026-09-22T03:20:44.711+0000] {dagbag.py:588} INFO - Filling up the DagBag from /opt/airflow/dags/load_kalimantan_postgres.py
[2026-09-22T03:20:44.785+0000] {processor.py:925} INFO - DAG(s) 'load_kalimantan_postgres' retrieved from /opt/airflow/dags/load_kalimantan_postgres.py
[2026-09-22T03:20:44.812+0000] {logging_mixin.py:190} INFO - [2026-09-22T03:20:44.812+0000] {dag.py:3239} INFO - Sync 1 DAGs
[2026-09-22T03:20:44.825+0000] {logging_mixin.py:190} INFO - [2026-09-22T03:20:44.825+0000] {dag.py:4180} INFO - Setting next_dagrun for load_kalimantan_postgres to 2026-09-22 02:00:00+00:00, run_after=2026-09-23 02:00:00+00:00
[2026-09-22T03:20:44.835+0000] {processor.py:208} INFO - Processing /opt/airflow/dags/load_kalimantan_postgres.py took 0.148 seconds
[2026-09-22T03:21:15.134+0000] {processor.py:186} INFO - Started process (PID=829) to work on /opt/airflow/dags/load_kalimantan_postgres.py
[2026-09-22T03:21:15.135+0000] {processor.py:914} INFO - Processing file /opt/airflow/dags/load_kalimantan_postgres.py for tasks to queue
[2026-09-22T03:21:15.138+0000] {logging_mixin.py:190} INFO - [2026-09-22T03:21:15.138+0000] {dagbag.py:588} INFO - Filling up the DagBag from /opt/airflow/dags/load_kalimantan_postgres.py
[2026-09-22T03:21:15.185+0000] {processor.py:925} INFO - DAG(s) 'load_kalimantan_postgres' retrieved from /opt/airflow/dags/load_kalimantan_postgres.py
[2026-09-22T03:21:15.206+0000] {logging_mixin.py:190} INFO - [2026-09-22T03:21:15.206+0000] {dag.py:3239} INFO - Sync 1 DAGs
[2026-09-22T03:21:15.220+0000] {logging_mixin.py:190} INFO - [2026-09-22T03:21:15.220+0000] {dag.py:4180} INFO - Setting next_dagrun for load_kalimantan_postgres to 2026-09-22 02:00:00+00:00, run_after=2026-09-23 02:00:00+00:00
[2026-09-22T03:21:15.229+0000] {processor.py:208} INFO - Processing /opt/airflow/dags/load_kalimantan_postgres.py took 0.104 seconds
[2026-09-22T03:21:45.599+0000] {processor.py:186} INFO - Started process (PID=834) to work on /opt/airflow/dags/load_kalimantan_postgres.py
[2026-09-22T03:21:45.601+0000] {processor.py:914} INFO - Processing file /opt/airflow/dags/load_kalimantan_postgres.py for tasks to queue
[2026-09-22T03:21:45.611+0000] {logging_mixin.py:190} INFO - [2026-09-22T03:21:45.610+0000] {dagbag.py:588} INFO - Filling up the DagBag from /opt/airflow/dags/load_kalimantan_postgres.py
[2026-09-22T03:21:45.672+0000] {processor.py:925} INFO - DAG(s) 'load_kalimantan_postgres' retrieved from /opt/airflow/dags/load_kalimantan_postgres.py
[2026-09-22T03:21:45.703+0000] {logging_mixin.py:190} INFO - [2026-09-22T03:21:45.703+0000] {dag.py:3239} INFO - Sync 1 DAGs
[2026-09-22T03:21:45.726+0000] {logging_mixin.py:190} INFO - [2026-09-22T03:21:45.726+0000] {dag.py:4180} INFO - Setting next_dagrun for load_kalimantan_postgres to 2026-09-22 02:00:00+00:00, run_after=2026-09-23 02:00:00+00:00
[2026-09-22T03:21:45.735+0000] {processor.py:208} INFO - Processing /opt/airflow/dags/load_kalimantan_postgres.py took 0.150 seconds
[2026-09-22T03:22:15.949+0000] {processor.py:186} INFO - Started process (PID=839) to work on /opt/airflow/dags/load_kalimantan_postgres.py
[2026-09-22T03:22:15.950+0000] {processor.py:914} INFO - Processing file /opt/airflow/dags/load_kalimantan_postgres.py for tasks to queue
[2026-09-22T03:22:15.952+0000] {logging_mixin.py:190} INFO - [2026-09-22T03:22:15.952+0000] {dagbag.py:588} INFO - Filling up the DagBag from /opt/airflow/dags/load_kalimantan_postgres.py
[2026-09-22T03:22:15.991+0000] {processor.py:925} INFO - DAG(s) 'load_kalimantan_postgres' retrieved from /opt/airflow/dags/load_kalimantan_postgres.py
[2026-09-22T03:22:16.006+0000] {logging_mixin.py:190} INFO - [2026-09-22T03:22:16.006+0000] {dag.py:3239} INFO - Sync 1 DAGs
[2026-09-22T03:22:16.016+0000] {logging_mixin.py:190} INFO - [2026-09-22T03:22:16.016+0000] {dag.py:4180} INFO - Setting next_dagrun for load_kalimantan_postgres to 2026-09-22 02:00:00+00:00, run_after=2026-09-23 02:00:00+00:00
[2026-09-22T03:22:16.024+0000] {processor.py:208} INFO - Processing /opt/airflow/dags/load_kalimantan_postgres.py took 0.086 seconds
[2026-09-22T03:22:46.430+0000] {processor.py:186} INFO - Started process (PID=844) to work on /opt/airflow/dags/load_kalimantan_postgres.py
[2026-09-22T03:22:46.431+0000] {processor.py:914} INFO - Processing file /opt/airflow/dags/load_kalimantan_postgres.py for tasks to queue
[2026-09-22T03:22:46.434+0000] {logging_mixin.py:190} INFO - [2026-09-22T03:22:46.434+0000] {dagbag.py:588} INFO - Filling up the DagBag from /opt/airflow/dags/load_kalimantan_postgres.py
[2026-09-22T03:22:46.553+0000] {processor.py:925} INFO - DAG(s) 'load_kalimantan_postgres' retrieved from /opt/airflow/dags/load_kalimantan_postgres.py
[2026-09-22T03:22:46.610+0000] {logging_mixin.py:190} INFO - [2026-09-22T03:22:46.610+0000] {dag.py:3239} INFO - Sync 1 DAGs
[2026-09-22T03:22:46.626+0000] {logging_mixin.py:190} INFO - [2026-09-22T03:22:46.626+0000] {dag.py:4180} INFO - Setting next_dagrun for load_kalimantan_postgres to 2026-09-22 02:00:00+00:00, run_after=2026-09-23 02:00:00+00:00
[2026-09-22T03:22:46.637+0000] {processor.py:208} INFO - Processing /opt/airflow/dags/load_kalimantan_postgres.py took 0.216 seconds
[2026-09-22T03:23:16.856+0000] {processor.py:186} INFO - Started process (PID=849) to work on /opt/airflow/dags/load_kalimantan_postgres.py
[2026-09-22T03:23:16.858+0000] {processor.py:914} INFO - Processing file /opt/airflow/dags/load_kalimantan_postgres.py for tasks to queue
[2026-09-22T03:23:16.860+0000] {logging_mixin.py:190} INFO - [2026-09-22T03:23:16.860+0000] {dagbag.py:588} INFO - Filling up the DagBag from /opt/airflow/dags/load_kalimantan_postgres.py
[2026-09-22T03:23:16.916+0000] {processor.py:925} INFO - DAG(s) 'load_kalimantan_postgres' retrieved from /opt/airflow/dags/load_kalimantan_postgres.py
[2026-09-22T03:23:16.942+0000] {logging_mixin.py:190} INFO - [2026-09-22T03:23:16.941+0000] {dag.py:3239} INFO - Sync 1 DAGs
[2026-09-22T03:23:16.958+0000] {logging_mixin.py:190} INFO - [2026-09-22T03:23:16.958+0000] {dag.py:4180} INFO - Setting next_dagrun for load_kalimantan_postgres to 2026-09-22 02:00:00+00:00, run_after=2026-09-23 02:00:00+00:00
[2026-09-22T03:23:16.966+0000] {processor.py:208} INFO - Processing /opt/airflow/dags/load_kalimantan_postgres.py took 0.122 seconds
[2026-09-22T03:23:47.371+0000] {processor.py:186} INFO - Started process (PID=868) to work on /opt/airflow/dags/load_kalimantan_postgres.py
[2026-09-22T03:23:47.372+0000] {processor.py:914} INFO - Processing file /opt/airflow/dags/load_kalimantan_postgres.py for tasks to queue
[2026-09-22T03:23:47.379+0000] {logging_mixin.py:190} INFO - [2026-09-22T03:23:47.379+0000] {dagbag.py:588} INFO - Filling up the DagBag from /opt/airflow/dags/load_kalimantan_postgres.py
[2026-09-22T03:23:47.444+0000] {processor.py:925} INFO - DAG(s) 'load_kalimantan_postgres' retrieved from /opt/airflow/dags/load_kalimantan_postgres.py
[2026-09-22T03:23:47.471+0000] {logging_mixin.py:190} INFO - [2026-09-22T03:23:47.471+0000] {dag.py:3239} INFO - Sync 1 DAGs
[2026-09-22T03:23:47.483+0000] {logging_mixin.py:190} INFO - [2026-09-22T03:23:47.482+0000] {dag.py:4180} INFO - Setting next_dagrun for load_kalimantan_postgres to 2026-09-22 02:00:00+00:00, run_after=2026-09-23 02:00:00+00:00
[2026-09-22T03:23:47.490+0000] {processor.py:208} INFO - Processing /opt/airflow/dags/load_kalimantan_postgres.py took 0.126 seconds
[2026-09-22T03:24:17.713+0000] {processor.py:186} INFO - Started process (PID=873) to work on /opt/airflow/dags/load_kalimantan_postgres.py
[2026-09-22T03:24:17.715+0000] {processor.py:914} INFO - Processing file /opt/airflow/dags/load_kalimantan_postgres.py for tasks to queue
[2026-09-22T03:24:17.719+0000] {logging_mixin.py:190} INFO - [2026-09-22T03:24:17.718+0000] {dagbag.py:588} INFO - Filling up the DagBag from /opt/airflow/dags/load_kalimantan_postgres.py
[2026-09-22T03:24:17.767+0000] {processor.py:925} INFO - DAG(s) 'load_kalimantan_postgres' retrieved from /opt/airflow/dags/load_kalimantan_postgres.py
[2026-09-22T03:24:17.785+0000] {logging_mixin.py:190} INFO - [2026-09-22T03:24:17.785+0000] {dag.py:3239} INFO - Sync 1 DAGs
[2026-09-22T03:24:17.799+0000] {logging_mixin.py:190} INFO - [2026-09-22T03:24:17.799+0000] {dag.py:4180} INFO - Setting next_dagrun for load_kalimantan_postgres to 2026-09-22 02:00:00+00:00, run_after=2026-09-23 02:00:00+00:00
[2026-09-22T03:24:17.807+0000] {processor.py:208} INFO - Processing /opt/airflow/dags/load_kalimantan_postgres.py took 0.106 seconds
[2026-09-22T03:24:48.157+0000] {processor.py:186} INFO - Started process (PID=878) to work on /opt/airflow/dags/load_kalimantan_postgres.py
[2026-09-22T03:24:48.158+0000] {processor.py:914} INFO - Processing file /opt/airflow/dags/load_kalimantan_postgres.py for tasks to queue
[2026-09-22T03:24:48.161+0000] {logging_mixin.py:190} INFO - [2026-09-22T03:24:48.160+0000] {dagbag.py:588} INFO - Filling up the DagBag from /opt/airflow/dags/load_kalimantan_postgres.py
[2026-09-22T03:24:48.203+0000] {processor.py:925} INFO - DAG(s) 'load_kalimantan_postgres' retrieved from /opt/airflow/dags/load_kalimantan_postgres.py
[2026-09-22T03:24:48.222+0000] {logging_mixin.py:190} INFO - [2026-09-22T03:24:48.222+0000] {dag.py:3239} INFO - Sync 1 DAGs
[2026-09-22T03:24:48.234+0000] {logging_mixin.py:190} INFO - [2026-09-22T03:24:48.234+0000] {dag.py:4180} INFO - Setting next_dagrun for load_kalimantan_postgres to 2026-09-22 02:00:00+00:00, run_after=2026-09-23 02:00:00+00:00
[2026-09-22T03:24:48.241+0000] {processor.py:208} INFO - Processing /opt/airflow/dags/load_kalimantan_postgres.py took 0.094 seconds
[2026-09-22T03:25:18.507+0000] {processor.py:186} INFO - Started process (PID=883) to work on /opt/airflow/dags/load_kalimantan_postgres.py
[2026-09-22T03:25:18.508+0000] {processor.py:914} INFO - Processing file /opt/airflow/dags/load_kalimantan_postgres.py for tasks to queue
[2026-09-22T03:25:18.509+0000] {logging_mixin.py:190} INFO - [2026-09-22T03:25:18.509+0000] {dagbag.py:588} INFO - Filling up the DagBag from /opt/airflow/dags/load_kalimantan_postgres.py
[2026-09-22T03:25:18.547+0000] {processor.py:925} INFO - DAG(s) 'load_kalimantan_postgres' retrieved from /opt/airflow/dags/load_kalimantan_postgres.py
[2026-09-22T03:25:18.571+0000] {logging_mixin.py:190} INFO - [2026-09-22T03:25:18.571+0000] {dag.py:3239} INFO - Sync 1 DAGs
[2026-09-22T03:25:18.587+0000] {logging_mixin.py:190} INFO - [2026-09-22T03:25:18.587+0000] {dag.py:4180} INFO - Setting next_dagrun for load_kalimantan_postgres to 2026-09-22 02:00:00+00:00, run_after=2026-09-23 02:00:00+00:00
[2026-09-22T03:25:18.594+0000] {processor.py:208} INFO - Processing /opt/airflow/dags/load_kalimantan_postgres.py took 0.094 seconds
[2026-09-22T03:25:48.967+0000] {processor.py:186} INFO - Started process (PID=888) to work on /opt/airflow/dags/load_kalimantan_postgres.py
[2026-09-22T03:25:48.969+0000] {processor.py:914} INFO - Processing file /opt/airflow/dags/load_kalimantan_postgres.py for tasks to queue
[2026-09-22T03:25:48.972+0000] {logging_mixin.py:190} INFO - [2026-09-22T03:25:48.971+0000] {dagbag.py:588} INFO - Filling up the DagBag from /opt/airflow/dags/load_kalimantan_postgres.py
[2026-09-22T03:25:49.038+0000] {processor.py:925} INFO - DAG(s) 'load_kalimantan_postgres' retrieved from /opt/airflow/dags/load_kalimantan_postgres.py
[2026-09-22T03:25:49.064+0000] {logging_mixin.py:190} INFO - [2026-09-22T03:25:49.064+0000] {dag.py:3239} INFO - Sync 1 DAGs
[2026-09-22T03:25:49.080+0000] {logging_mixin.py:190} INFO - [2026-09-22T03:25:49.080+0000] {dag.py:4180} INFO - Setting next_dagrun for load_kalimantan_postgres to 2026-09-22 02:00:00+00:00, run_after=2026-09-23 02:00:00+00:00
[2026-09-22T03:25:49.088+0000] {processor.py:208} INFO - Processing /opt/airflow/dags/load_kalimantan_postgres.py took 0.129 seconds
[2026-09-22T03:26:19.473+0000] {processor.py:186} INFO - Started process (PID=898) to work on /opt/airflow/dags/load_kalimantan_postgres.py
[2026-09-22T03:26:19.475+0000] {processor.py:914} INFO - Processing file /opt/airflow/dags/load_kalimantan_postgres.py for tasks to queue
[2026-09-22T03:26:19.479+0000] {logging_mixin.py:190} INFO - [2026-09-22T03:26:19.478+0000] {dagbag.py:588} INFO - Filling up the DagBag from /opt/airflow/dags/load_kalimantan_postgres.py
[2026-09-22T03:26:19.544+0000] {processor.py:925} INFO - DAG(s) 'load_kalimantan_postgres' retrieved from /opt/airflow/dags/load_kalimantan_postgres.py
[2026-09-22T03:26:19.569+0000] {logging_mixin.py:190} INFO - [2026-09-22T03:26:19.569+0000] {dag.py:3239} INFO - Sync 1 DAGs
[2026-09-22T03:26:19.581+0000] {logging_mixin.py:190} INFO - [2026-09-22T03:26:19.581+0000] {dag.py:4180} INFO - Setting next_dagrun for load_kalimantan_postgres to 2026-09-22 02:00:00+00:00, run_after=2026-09-23 02:00:00+00:00
[2026-09-22T03:26:19.589+0000] {processor.py:208} INFO - Processing /opt/airflow/dags/load_kalimantan_postgres.py took 0.128 seconds
[2026-09-22T03:26:49.943+0000] {processor.py:186} INFO - Started process (PID=908) to work on /opt/airflow/dags/load_kalimantan_postgres.py
[2026-09-22T03:26:49.944+0000] {processor.py:914} INFO - Processing file /opt/airflow/dags/load_kalimantan_postgres.py for tasks to queue
[2026-09-22T03:26:49.946+0000] {logging_mixin.py:190} INFO - [2026-09-22T03:26:49.946+0000] {dagbag.py:588} INFO - Filling up the DagBag from /opt/airflow/dags/load_kalimantan_postgres.py
[2026-09-22T03:26:49.985+0000] {processor.py:925} INFO - DAG(s) 'load_kalimantan_postgres' retrieved from /opt/airflow/dags/load_kalimantan_postgres.py
[2026-09-22T03:26:50.002+0000] {logging_mixin.py:190} INFO - [2026-09-22T03:26:50.002+0000] {dag.py:3239} INFO - Sync 1 DAGs
[2026-09-22T03:26:50.014+0000] {logging_mixin.py:190} INFO - [2026-09-22T03:26:50.014+0000] {dag.py:4180} INFO - Setting next_dagrun for load_kalimantan_postgres to 2026-09-22 02:00:00+00:00, run_after=2026-09-23 02:00:00+00:00
[2026-09-22T03:26:50.021+0000] {processor.py:208} INFO - Processing /opt/airflow/dags/load_kalimantan_postgres.py took 0.084 seconds
[2026-09-22T03:27:20.370+0000] {processor.py:186} INFO - Started process (PID=918) to work on /opt/airflow/dags/load_kalimantan_postgres.py
[2026-09-22T03:27:20.371+0000] {processor.py:914} INFO - Processing file /opt/airflow/dags/load_kalimantan_postgres.py for tasks to queue
[2026-09-22T03:27:20.373+0000] {logging_mixin.py:190} INFO - [2026-09-22T03:27:20.373+0000] {dagbag.py:588} INFO - Filling up the DagBag from /opt/airflow/dags/load_kalimantan_postgres.py
[2026-09-22T03:27:20.412+0000] {processor.py:925} INFO - DAG(s) 'load_kalimantan_postgres' retrieved from /opt/airflow/dags/load_kalimantan_postgres.py
[2026-09-22T03:27:20.426+0000] {logging_mixin.py:190} INFO - [2026-09-22T03:27:20.426+0000] {dag.py:3239} INFO - Sync 1 DAGs
[2026-09-22T03:27:20.436+0000] {logging_mixin.py:190} INFO - [2026-09-22T03:27:20.436+0000] {dag.py:4180} INFO - Setting next_dagrun for load_kalimantan_postgres to 2026-09-22 02:00:00+00:00, run_after=2026-09-23 02:00:00+00:00
[2026-09-22T03:27:20.442+0000] {processor.py:208} INFO - Processing /opt/airflow/dags/load_kalimantan_postgres.py took 0.080 seconds
[2026-09-22T03:27:50.802+0000] {processor.py:186} INFO - Started process (PID=928) to work on /opt/airflow/dags/load_kalimantan_postgres.py
[2026-09-22T03:27:50.804+0000] {processor.py:914} INFO - Processing file /opt/airflow/dags/load_kalimantan_postgres.py for tasks to queue
[2026-09-22T03:27:50.807+0000] {logging_mixin.py:190} INFO - [2026-09-22T03:27:50.807+0000] {dagbag.py:588} INFO - Filling up the DagBag from /opt/airflow/dags/load_kalimantan_postgres.py
[2026-09-22T03:27:50.855+0000] {processor.py:925} INFO - DAG(s) 'load_kalimantan_postgres' retrieved from /opt/airflow/dags/load_kalimantan_postgres.py
[2026-09-22T03:27:50.876+0000] {logging_mixin.py:190} INFO - [2026-09-22T03:27:50.876+0000] {dag.py:3239} INFO - Sync 1 DAGs
[2026-09-22T03:27:50.888+0000] {logging_mixin.py:190} INFO - [2026-09-22T03:27:50.888+0000] {dag.py:4180} INFO - Setting next_dagrun for load_kalimantan_postgres to 2026-09-22 02:00:00+00:00, run_after=2026-09-23 02:00:00+00:00
[2026-09-22T03:27:50.896+0000] {processor.py:208} INFO - Processing /opt/airflow/dags/load_kalimantan_postgres.py took 0.102 seconds
[2026-09-22T03:28:21.248+0000] {processor.py:186} INFO - Started process (PID=938) to work on /opt/airflow/dags/load_kalimantan_postgres.py
[2026-09-22T03:28:21.249+0000] {processor.py:914} INFO - Processing file /opt/airflow/dags/load_kalimantan_postgres.py for tasks to queue
[2026-09-22T03:28:21.250+0000] {logging_mixin.py:190} INFO - [2026-09-22T03:28:21.250+0000] {dagbag.py:588} INFO - Filling up the DagBag from /opt/airflow/dags/load_kalimantan_postgres.py
[2026-09-22T03:28:21.279+0000] {processor.py:925} INFO - DAG(s) 'load_kalimantan_postgres' retrieved from /opt/airflow/dags/load_kalimantan_postgres.py
[2026-09-22T03:28:21.295+0000] {logging_mixin.py:190} INFO - [2026-09-22T03:28:21.295+0000] {dag.py:3239} INFO - Sync 1 DAGs
[2026-09-22T03:28:21.304+0000] {logging_mixin.py:190} INFO - [2026-09-22T03:28:21.304+0000] {dag.py:4180} INFO - Setting next_dagrun for load_kalimantan_postgres to 2026-09-22 02:00:00+00:00, run_after=2026-09-23 02:00:00+00:00
[2026-09-22T03:28:21.311+0000] {processor.py:208} INFO - Processing /opt/airflow/dags/load_kalimantan_postgres.py took 0.066 seconds
[2026-09-22T03:28:51.718+0000] {processor.py:186} INFO - Started process (PID=948) to work on /opt/airflow/dags/load_kalimantan_postgres.py
[2026-09-22T03:28:51.719+0000] {processor.py:914} INFO - Processing file /opt/airflow/dags/load_kalimantan_postgres.py for tasks to queue
[2026-09-22T03:28:51.725+0000] {logging_mixin.py:190} INFO - [2026-09-22T03:28:51.724+0000] {dagbag.py:588} INFO - Filling up the DagBag from /opt/airflow/dags/load_kalimantan_postgres.py
[2026-09-22T03:28:51.812+0000] {processor.py:925} INFO - DAG(s) 'load_kalimantan_postgres' retrieved from /opt/airflow/dags/load_kalimantan_postgres.py
[2026-09-22T03:28:51.839+0000] {logging_mixin.py:190} INFO - [2026-09-22T03:28:51.839+0000] {dag.py:3239} INFO - Sync 1 DAGs
[2026-09-22T03:28:51.855+0000] {logging_mixin.py:190} INFO - [2026-09-22T03:28:51.855+0000] {dag.py:4180} INFO - Setting next_dagrun for load_kalimantan_postgres to 2026-09-22 02:00:00+00:00, run_after=2026-09-23 02:00:00+00:00
[2026-09-22T03:28:51.868+0000] {processor.py:208} INFO - Processing /opt/airflow/dags/load_kalimantan_postgres.py took 0.161 seconds
[2026-09-22T03:29:22.187+0000] {processor.py:186} INFO - Started process (PID=965) to work on /opt/airflow/dags/load_kalimantan_postgres.py
[2026-09-22T03:29:22.188+0000] {processor.py:914} INFO - Processing file /opt/airflow/dags/load_kalimantan_postgres.py for tasks to queue
[2026-09-22T03:29:22.190+0000] {logging_mixin.py:190} INFO - [2026-09-22T03:29:22.190+0000] {dagbag.py:588} INFO - Filling up the DagBag from /opt/airflow/dags/load_kalimantan_postgres.py
[2026-09-22T03:29:22.235+0000] {processor.py:925} INFO - DAG(s) 'load_kalimantan_postgres' retrieved from /opt/airflow/dags/load_kalimantan_postgres.py
[2026-09-22T03:29:22.249+0000] {logging_mixin.py:190} INFO - [2026-09-22T03:29:22.249+0000] {dag.py:3239} INFO - Sync 1 DAGs
[2026-09-22T03:29:22.263+0000] {logging_mixin.py:190} INFO - [2026-09-22T03:29:22.262+0000] {dag.py:4180} INFO - Setting next_dagrun for load_kalimantan_postgres to 2026-09-22 02:00:00+00:00, run_after=2026-09-23 02:00:00+00:00
[2026-09-22T03:29:22.271+0000] {processor.py:208} INFO - Processing /opt/airflow/dags/load_kalimantan_postgres.py took 0.090 seconds
[2026-09-22T03:29:52.661+0000] {processor.py:186} INFO - Started process (PID=975) to work on /opt/airflow/dags/load_kalimantan_postgres.py
[2026-09-22T03:29:52.662+0000] {processor.py:914} INFO - Processing file /opt/airflow/dags/load_kalimantan_postgres.py for tasks to queue
[2026-09-22T03:29:52.664+0000] {logging_mixin.py:190} INFO - [2026-09-22T03:29:52.664+0000] {dagbag.py:588} INFO - Filling up the DagBag from /opt/airflow/dags/load_kalimantan_postgres.py
[2026-09-22T03:29:52.738+0000] {processor.py:925} INFO - DAG(s) 'load_kalimantan_postgres' retrieved from /opt/airflow/dags/load_kalimantan_postgres.py
[2026-09-22T03:29:52.760+0000] {logging_mixin.py:190} INFO - [2026-09-22T03:29:52.760+0000] {dag.py:3239} INFO - Sync 1 DAGs
[2026-09-22T03:29:52.781+0000] {logging_mixin.py:190} INFO - [2026-09-22T03:29:52.781+0000] {dag.py:4180} INFO - Setting next_dagrun for load_kalimantan_postgres to 2026-09-22 02:00:00+00:00, run_after=2026-09-23 02:00:00+00:00
[2026-09-22T03:29:52.789+0000] {processor.py:208} INFO - Processing /opt/airflow/dags/load_kalimantan_postgres.py took 0.141 seconds
[2026-09-22T03:30:22.935+0000] {processor.py:186} INFO - Started process (PID=993) to work on /opt/airflow/dags/load_kalimantan_postgres.py
[2026-09-22T03:30:22.935+0000] {processor.py:914} INFO - Processing file /opt/airflow/dags/load_kalimantan_postgres.py for tasks to queue
[2026-09-22T03:30:22.937+0000] {logging_mixin.py:190} INFO - [2026-09-22T03:30:22.937+0000] {dagbag.py:588} INFO - Filling up the DagBag from /opt/airflow/dags/load_kalimantan_postgres.py
[2026-09-22T03:30:22.981+0000] {processor.py:925} INFO - DAG(s) 'load_kalimantan_postgres' retrieved from /opt/airflow/dags/load_kalimantan_postgres.py
[2026-09-22T03:30:22.996+0000] {logging_mixin.py:190} INFO - [2026-09-22T03:30:22.995+0000] {dag.py:3239} INFO - Sync 1 DAGs
[2026-09-22T03:30:23.006+0000] {logging_mixin.py:190} INFO - [2026-09-22T03:30:23.006+0000] {dag.py:4180} INFO - Setting next_dagrun for load_kalimantan_postgres to 2026-09-22 02:00:00+00:00, run_after=2026-09-23 02:00:00+00:00
[2026-09-22T03:30:23.012+0000] {processor.py:208} INFO - Processing /opt/airflow/dags/load_kalimantan_postgres.py took 0.082 seconds
[2026-09-22T03:30:53.361+0000] {processor.py:186} INFO - Started process (PID=1003) to work on /opt/airflow/dags/load_kalimantan_postgres.py
[2026-09-22T03:30:53.362+0000] {processor.py:914} INFO - Processing file /opt/airflow/dags/load_kalimantan_postgres.py for tasks to queue
[2026-09-22T03:30:53.364+0000] {logging_mixin.py:190} INFO - [2026-09-22T03:30:53.363+0000] {dagbag.py:588} INFO - Filling up the DagBag from /opt/airflow/dags/load_kalimantan_postgres.py
[2026-09-22T03:30:53.429+0000] {processor.py:925} INFO - DAG(s) 'load_kalimantan_postgres' retrieved from /opt/airflow/dags/load_kalimantan_postgres.py
[2026-09-22T03:30:53.446+0000] {logging_mixin.py:190} INFO - [2026-09-22T03:30:53.446+0000] {dag.py:3239} INFO - Sync 1 DAGs
[2026-09-22T03:30:53.457+0000] {logging_mixin.py:190} INFO - [2026-09-22T03:30:53.457+0000] {dag.py:4180} INFO - Setting next_dagrun for load_kalimantan_postgres to 2026-09-22 02:00:00+00:00, run_after=2026-09-23 02:00:00+00:00
[2026-09-22T03:30:53.464+0000] {processor.py:208} INFO - Processing /opt/airflow/dags/load_kalimantan_postgres.py took 0.113 seconds
[2026-09-22T03:31:23.803+0000] {processor.py:186} INFO - Started process (PID=1021) to work on /opt/airflow/dags/load_kalimantan_postgres.py
[2026-09-22T03:31:23.804+0000] {processor.py:914} INFO - Processing file /opt/airflow/dags/load_kalimantan_postgres.py for tasks to queue
[2026-09-22T03:31:23.807+0000] {logging_mixin.py:190} INFO - [2026-09-22T03:31:23.807+0000] {dagbag.py:588} INFO - Filling up the DagBag from /opt/airflow/dags/load_kalimantan_postgres.py
[2026-09-22T03:31:23.856+0000] {processor.py:925} INFO - DAG(s) 'load_kalimantan_postgres' retrieved from /opt/airflow/dags/load_kalimantan_postgres.py
[2026-09-22T03:31:23.875+0000] {logging_mixin.py:190} INFO - [2026-09-22T03:31:23.875+0000] {dag.py:3239} INFO - Sync 1 DAGs
[2026-09-22T03:31:23.887+0000] {logging_mixin.py:190} INFO - [2026-09-22T03:31:23.887+0000] {dag.py:4180} INFO - Setting next_dagrun for load_kalimantan_postgres to 2026-09-22 02:00:00+00:00, run_after=2026-09-23 02:00:00+00:00
[2026-09-22T03:31:23.894+0000] {processor.py:208} INFO - Processing /opt/airflow/dags/load_kalimantan_postgres.py took 0.098 seconds
[2026-09-22T03:31:54.286+0000] {processor.py:186} INFO - Started process (PID=1039) to work on /opt/airflow/dags/load_kalimantan_postgres.py
[2026-09-22T03:31:54.287+0000] {processor.py:914} INFO - Processing file /opt/airflow/dags/load_kalimantan_postgres.py for tasks to queue
[2026-09-22T03:31:54.291+0000] {logging_mixin.py:190} INFO - [2026-09-22T03:31:54.291+0000] {dagbag.py:588} INFO - Filling up the DagBag from /opt/airflow/dags/load_kalimantan_postgres.py
[2026-09-22T03:31:54.386+0000] {processor.py:925} INFO - DAG(s) 'load_kalimantan_postgres' retrieved from /opt/airflow/dags/load_kalimantan_postgres.py
[2026-09-22T03:31:54.407+0000] {logging_mixin.py:190} INFO - [2026-09-22T03:31:54.407+0000] {dag.py:3239} INFO - Sync 1 DAGs
[2026-09-22T03:31:54.420+0000] {logging_mixin.py:190} INFO - [2026-09-22T03:31:54.420+0000] {dag.py:4180} INFO - Setting next_dagrun for load_kalimantan_postgres to 2026-09-22 02:00:00+00:00, run_after=2026-09-23 02:00:00+00:00
[2026-09-22T03:31:54.428+0000] {processor.py:208} INFO - Processing /opt/airflow/dags/load_kalimantan_postgres.py took 0.160 seconds
[2026-09-22T03:32:24.628+0000] {processor.py:186} INFO - Started process (PID=1057) to work on /opt/airflow/dags/load_kalimantan_postgres.py
[2026-09-22T03:32:24.630+0000] {processor.py:914} INFO - Processing file /opt/airflow/dags/load_kalimantan_postgres.py for tasks to queue
[2026-09-22T03:32:24.631+0000] {logging_mixin.py:190} INFO - [2026-09-22T03:32:24.631+0000] {dagbag.py:588} INFO - Filling up the DagBag from /opt/airflow/dags/load_kalimantan_postgres.py
[2026-09-22T03:32:24.673+0000] {processor.py:925} INFO - DAG(s) 'load_kalimantan_postgres' retrieved from /opt/airflow/dags/load_kalimantan_postgres.py
[2026-09-22T03:32:24.688+0000] {logging_mixin.py:190} INFO - [2026-09-22T03:32:24.688+0000] {dag.py:3239} INFO - Sync 1 DAGs
[2026-09-22T03:32:24.698+0000] {logging_mixin.py:190} INFO - [2026-09-22T03:32:24.698+0000] {dag.py:4180} INFO - Setting next_dagrun for load_kalimantan_postgres to 2026-09-22 02:00:00+00:00, run_after=2026-09-23 02:00:00+00:00
[2026-09-22T03:32:24.704+0000] {processor.py:208} INFO - Processing /opt/airflow/dags/load_kalimantan_postgres.py took 0.083 seconds
[2026-09-22T03:32:55.069+0000] {processor.py:186} INFO - Started process (PID=1068) to work on /opt/airflow/dags/load_kalimantan_postgres.py
[2026-09-22T03:32:55.071+0000] {processor.py:914} INFO - Processing file /opt/airflow/dags/load_kalimantan_postgres.py for tasks to queue
[2026-09-22T03:32:55.074+0000] {logging_mixin.py:190} INFO - [2026-09-22T03:32:55.074+0000] {dagbag.py:588} INFO - Filling up the DagBag from /opt/airflow/dags/load_kalimantan_postgres.py
[2026-09-22T03:32:55.126+0000] {processor.py:925} INFO - DAG(s) 'load_kalimantan_postgres' retrieved from /opt/airflow/dags/load_kalimantan_postgres.py
[2026-09-22T03:32:55.142+0000] {logging_mixin.py:190} INFO - [2026-09-22T03:32:55.142+0000] {dag.py:3239} INFO - Sync 1 DAGs
[2026-09-22T03:32:55.153+0000] {logging_mixin.py:190} INFO - [2026-09-22T03:32:55.153+0000] {dag.py:4180} INFO - Setting next_dagrun for load_kalimantan_postgres to 2026-09-22 02:00:00+00:00, run_after=2026-09-23 02:00:00+00:00
[2026-09-22T03:32:55.161+0000] {processor.py:208} INFO - Processing /opt/airflow/dags/load_kalimantan_postgres.py took 0.101 seconds
[2026-09-22T03:33:25.482+0000] {processor.py:186} INFO - Started process (PID=1078) to work on /opt/airflow/dags/load_kalimantan_postgres.py
[2026-09-22T03:33:25.483+0000] {processor.py:914} INFO - Processing file /opt/airflow/dags/load_kalimantan_postgres.py for tasks to queue
[2026-09-22T03:33:25.485+0000] {logging_mixin.py:190} INFO - [2026-09-22T03:33:25.485+0000] {dagbag.py:588} INFO - Filling up the DagBag from /opt/airflow/dags/load_kalimantan_postgres.py
[2026-09-22T03:33:25.523+0000] {processor.py:925} INFO - DAG(s) 'load_kalimantan_postgres' retrieved from /opt/airflow/dags/load_kalimantan_postgres.py
[2026-09-22T03:33:25.538+0000] {logging_mixin.py:190} INFO - [2026-09-22T03:33:25.538+0000] {dag.py:3239} INFO - Sync 1 DAGs
[2026-09-22T03:33:25.549+0000] {logging_mixin.py:190} INFO - [2026-09-22T03:33:25.549+0000] {dag.py:4180} INFO - Setting next_dagrun for load_kalimantan_postgres to 2026-09-22 02:00:00+00:00, run_after=2026-09-23 02:00:00+00:00
[2026-09-22T03:33:25.556+0000] {processor.py:208} INFO - Processing /opt/airflow/dags/load_kalimantan_postgres.py took 0.082 seconds
[2026-09-22T03:33:55.942+0000] {processor.py:186} INFO - Started process (PID=1088) to work on /opt/airflow/dags/load_kalimantan_postgres.py
[2026-09-22T03:33:55.943+0000] {processor.py:914} INFO - Processing file /opt/airflow/dags/load_kalimantan_postgres.py for tasks to queue
[2026-09-22T03:33:55.946+0000] {logging_mixin.py:190} INFO - [2026-09-22T03:33:55.946+0000] {dagbag.py:588} INFO - Filling up the DagBag from /opt/airflow/dags/load_kalimantan_postgres.py
[2026-09-22T03:33:56.021+0000] {processor.py:925} INFO - DAG(s) 'load_kalimantan_postgres' retrieved from /opt/airflow/dags/load_kalimantan_postgres.py
[2026-09-22T03:33:56.047+0000] {logging_mixin.py:190} INFO - [2026-09-22T03:33:56.047+0000] {dag.py:3239} INFO - Sync 1 DAGs
[2026-09-22T03:33:56.061+0000] {logging_mixin.py:190} INFO - [2026-09-22T03:33:56.061+0000] {dag.py:4180} INFO - Setting next_dagrun for load_kalimantan_postgres to 2026-09-22 02:00:00+00:00, run_after=2026-09-23 02:00:00+00:00
[2026-09-22T03:33:56.070+0000] {processor.py:208} INFO - Processing /opt/airflow/dags/load_kalimantan_postgres.py took 0.145 seconds
[2026-09-22T03:34:26.398+0000] {processor.py:186} INFO - Started process (PID=1098) to work on /opt/airflow/dags/load_kalimantan_postgres.py
[2026-09-22T03:34:26.399+0000] {processor.py:914} INFO - Processing file /opt/airflow/dags/load_kalimantan_postgres.py for tasks to queue
[2026-09-22T03:34:26.400+0000] {logging_mixin.py:190} INFO - [2026-09-22T03:34:26.400+0000] {dagbag.py:588} INFO - Filling up the DagBag from /opt/airflow/dags/load_kalimantan_postgres.py
[2026-09-22T03:34:26.438+0000] {processor.py:925} INFO - DAG(s) 'load_kalimantan_postgres' retrieved from /opt/airflow/dags/load_kalimantan_postgres.py
[2026-09-22T03:34:26.453+0000] {logging_mixin.py:190} INFO - [2026-09-22T03:34:26.453+0000] {dag.py:3239} INFO - Sync 1 DAGs
[2026-09-22T03:34:26.464+0000] {logging_mixin.py:190} INFO - [2026-09-22T03:34:26.464+0000] {dag.py:4180} INFO - Setting next_dagrun for load_kalimantan_postgres to 2026-09-22 02:00:00+00:00, run_after=2026-09-23 02:00:00+00:00
[2026-09-22T03:34:26.472+0000] {processor.py:208} INFO - Processing /opt/airflow/dags/load_kalimantan_postgres.py took 0.080 seconds
[2026-09-22T03:34:56.816+0000] {processor.py:186} INFO - Started process (PID=1108) to work on /opt/airflow/dags/load_kalimantan_postgres.py
[2026-09-22T03:34:56.817+0000] {processor.py:914} INFO - Processing file /opt/airflow/dags/load_kalimantan_postgres.py for tasks to queue
[2026-09-22T03:34:56.820+0000] {logging_mixin.py:190} INFO - [2026-09-22T03:34:56.819+0000] {dagbag.py:588} INFO - Filling up the DagBag from /opt/airflow/dags/load_kalimantan_postgres.py
[2026-09-22T03:34:56.860+0000] {processor.py:925} INFO - DAG(s) 'load_kalimantan_postgres' retrieved from /opt/airflow/dags/load_kalimantan_postgres.py
[2026-09-22T03:34:56.875+0000] {logging_mixin.py:190} INFO - [2026-09-22T03:34:56.875+0000] {dag.py:3239} INFO - Sync 1 DAGs
[2026-09-22T03:34:56.885+0000] {logging_mixin.py:190} INFO - [2026-09-22T03:34:56.885+0000] {dag.py:4180} INFO - Setting next_dagrun for load_kalimantan_postgres to 2026-09-22 02:00:00+00:00, run_after=2026-09-23 02:00:00+00:00
[2026-09-22T03:34:56.891+0000] {processor.py:208} INFO - Processing /opt/airflow/dags/load_kalimantan_postgres.py took 0.084 seconds
[2026-09-22T03:35:27.279+0000] {processor.py:186} INFO - Started process (PID=1118) to work on /opt/airflow/dags/load_kalimantan_postgres.py
[2026-09-22T03:35:27.280+0000] {processor.py:914} INFO - Processing file /opt/airflow/dags/load_kalimantan_postgres.py for tasks to queue
[2026-09-22T03:35:27.292+0000] {logging_mixin.py:190} INFO - [2026-09-22T03:35:27.287+0000] {dagbag.py:588} INFO - Filling up the DagBag from /opt/airflow/dags/load_kalimantan_postgres.py
[2026-09-22T03:35:27.367+0000] {processor.py:925} INFO - DAG(s) 'load_kalimantan_postgres' retrieved from /opt/airflow/dags/load_kalimantan_postgres.py
[2026-09-22T03:35:27.389+0000] {logging_mixin.py:190} INFO - [2026-09-22T03:35:27.389+0000] {dag.py:3239} INFO - Sync 1 DAGs
[2026-09-22T03:35:27.402+0000] {logging_mixin.py:190} INFO - [2026-09-22T03:35:27.402+0000] {dag.py:4180} INFO - Setting next_dagrun for load_kalimantan_postgres to 2026-09-22 02:00:00+00:00, run_after=2026-09-23 02:00:00+00:00
[2026-09-22T03:35:27.414+0000] {processor.py:208} INFO - Processing /opt/airflow/dags/load_kalimantan_postgres.py took 0.145 seconds
[2026-09-22T03:35:57.667+0000] {processor.py:186} INFO - Started process (PID=1128) to work on /opt/airflow/dags/load_kalimantan_postgres.py
[2026-09-22T03:35:57.668+0000] {processor.py:914} INFO - Processing file /opt/airflow/dags/load_kalimantan_postgres.py for tasks to queue
[2026-09-22T03:35:57.671+0000] {logging_mixin.py:190} INFO - [2026-09-22T03:35:57.670+0000] {dagbag.py:588} INFO - Filling up the DagBag from /opt/airflow/dags/load_kalimantan_postgres.py
[2026-09-22T03:35:57.725+0000] {processor.py:925} INFO - DAG(s) 'load_kalimantan_postgres' retrieved from /opt/airflow/dags/load_kalimantan_postgres.py
[2026-09-22T03:35:57.742+0000] {logging_mixin.py:190} INFO - [2026-09-22T03:35:57.742+0000] {dag.py:3239} INFO - Sync 1 DAGs
[2026-09-22T03:35:57.754+0000] {logging_mixin.py:190} INFO - [2026-09-22T03:35:57.754+0000] {dag.py:4180} INFO - Setting next_dagrun for load_kalimantan_postgres to 2026-09-22 02:00:00+00:00, run_after=2026-09-23 02:00:00+00:00
[2026-09-22T03:35:57.761+0000] {processor.py:208} INFO - Processing /opt/airflow/dags/load_kalimantan_postgres.py took 0.106 seconds
[2026-09-22T03:36:28.141+0000] {processor.py:186} INFO - Started process (PID=1138) to work on /opt/airflow/dags/load_kalimantan_postgres.py
[2026-09-22T03:36:28.143+0000] {processor.py:914} INFO - Processing file /opt/airflow/dags/load_kalimantan_postgres.py for tasks to queue
[2026-09-22T03:36:28.151+0000] {logging_mixin.py:190} INFO - [2026-09-22T03:36:28.149+0000] {dagbag.py:588} INFO - Filling up the DagBag from /opt/airflow/dags/load_kalimantan_postgres.py
[2026-09-22T03:36:28.222+0000] {processor.py:925} INFO - DAG(s) 'load_kalimantan_postgres' retrieved from /opt/airflow/dags/load_kalimantan_postgres.py
[2026-09-22T03:36:28.250+0000] {logging_mixin.py:190} INFO - [2026-09-22T03:36:28.250+0000] {dag.py:3239} INFO - Sync 1 DAGs
[2026-09-22T03:36:28.262+0000] {logging_mixin.py:190} INFO - [2026-09-22T03:36:28.262+0000] {dag.py:4180} INFO - Setting next_dagrun for load_kalimantan_postgres to 2026-09-22 02:00:00+00:00, run_after=2026-09-23 02:00:00+00:00
[2026-09-22T03:36:28.274+0000] {processor.py:208} INFO - Processing /opt/airflow/dags/load_kalimantan_postgres.py took 0.142 seconds
[2026-09-22T03:36:58.644+0000] {processor.py:186} INFO - Started process (PID=1148) to work on /opt/airflow/dags/load_kalimantan_postgres.py
[2026-09-22T03:36:58.645+0000] {processor.py:914} INFO - Processing file /opt/airflow/dags/load_kalimantan_postgres.py for tasks to queue
[2026-09-22T03:36:58.648+0000] {logging_mixin.py:190} INFO - [2026-09-22T03:36:58.647+0000] {dagbag.py:588} INFO - Filling up the DagBag from /opt/airflow/dags/load_kalimantan_postgres.py
[2026-09-22T03:36:58.723+0000] {processor.py:925} INFO - DAG(s) 'load_kalimantan_postgres' retrieved from /opt/airflow/dags/load_kalimantan_postgres.py
[2026-09-22T03:36:58.744+0000] {logging_mixin.py:190} INFO - [2026-09-22T03:36:58.744+0000] {dag.py:3239} INFO - Sync 1 DAGs
[2026-09-22T03:36:58.762+0000] {logging_mixin.py:190} INFO - [2026-09-22T03:36:58.762+0000] {dag.py:4180} INFO - Setting next_dagrun for load_kalimantan_postgres to 2026-09-22 02:00:00+00:00, run_after=2026-09-23 02:00:00+00:00
[2026-09-22T03:36:58.770+0000] {processor.py:208} INFO - Processing /opt/airflow/dags/load_kalimantan_postgres.py took 0.138 seconds
[2026-09-22T03:37:29.207+0000] {processor.py:186} INFO - Started process (PID=1158) to work on /opt/airflow/dags/load_kalimantan_postgres.py
[2026-09-22T03:37:29.209+0000] {processor.py:914} INFO - Processing file /opt/airflow/dags/load_kalimantan_postgres.py for tasks to queue
[2026-09-22T03:37:29.211+0000] {logging_mixin.py:190} INFO - [2026-09-22T03:37:29.211+0000] {dagbag.py:588} INFO - Filling up the DagBag from /opt/airflow/dags/load_kalimantan_postgres.py
[2026-09-22T03:37:29.278+0000] {processor.py:925} INFO - DAG(s) 'load_kalimantan_postgres' retrieved from /opt/airflow/dags/load_kalimantan_postgres.py
[2026-09-22T03:37:29.304+0000] {logging_mixin.py:190} INFO - [2026-09-22T03:37:29.304+0000] {dag.py:3239} INFO - Sync 1 DAGs
[2026-09-22T03:37:29.320+0000] {logging_mixin.py:190} INFO - [2026-09-22T03:37:29.320+0000] {dag.py:4180} INFO - Setting next_dagrun for load_kalimantan_postgres to 2026-09-22 02:00:00+00:00, run_after=2026-09-23 02:00:00+00:00
[2026-09-22T03:37:29.328+0000] {processor.py:208} INFO - Processing /opt/airflow/dags/load_kalimantan_postgres.py took 0.128 seconds
[2026-09-22T03:37:59.712+0000] {processor.py:186} INFO - Started process (PID=1168) to work on /opt/airflow/dags/load_kalimantan_postgres.py
[2026-09-22T03:37:59.713+0000] {processor.py:914} INFO - Processing file /opt/airflow/dags/load_kalimantan_postgres.py for tasks to queue
[2026-09-22T03:37:59.715+0000] {logging_mixin.py:190} INFO - [2026-09-22T03:37:59.715+0000] {dagbag.py:588} INFO - Filling up the DagBag from /opt/airflow/dags/load_kalimantan_postgres.py
[2026-09-22T03:37:59.762+0000] {processor.py:925} INFO - DAG(s) 'load_kalimantan_postgres' retrieved from /opt/airflow/dags/load_kalimantan_postgres.py
[2026-09-22T03:37:59.777+0000] {logging_mixin.py:190} INFO - [2026-09-22T03:37:59.777+0000] {dag.py:3239} INFO - Sync 1 DAGs
[2026-09-22T03:37:59.787+0000] {logging_mixin.py:190} INFO - [2026-09-22T03:37:59.787+0000] {dag.py:4180} INFO - Setting next_dagrun for load_kalimantan_postgres to 2026-09-22 02:00:00+00:00, run_after=2026-09-23 02:00:00+00:00
[2026-09-22T03:37:59.795+0000] {processor.py:208} INFO - Processing /opt/airflow/dags/load_kalimantan_postgres.py took 0.091 seconds
[2026-09-22T03:38:30.150+0000] {processor.py:186} INFO - Started process (PID=1178) to work on /opt/airflow/dags/load_kalimantan_postgres.py
[2026-09-22T03:38:30.152+0000] {processor.py:914} INFO - Processing file /opt/airflow/dags/load_kalimantan_postgres.py for tasks to queue
[2026-09-22T03:38:30.155+0000] {logging_mixin.py:190} INFO - [2026-09-22T03:38:30.154+0000] {dagbag.py:588} INFO - Filling up the DagBag from /opt/airflow/dags/load_kalimantan_postgres.py
[2026-09-22T03:38:30.191+0000] {processor.py:925} INFO - DAG(s) 'load_kalimantan_postgres' retrieved from /opt/airflow/dags/load_kalimantan_postgres.py
[2026-09-22T03:38:30.206+0000] {logging_mixin.py:190} INFO - [2026-09-22T03:38:30.206+0000] {dag.py:3239} INFO - Sync 1 DAGs
[2026-09-22T03:38:30.215+0000] {logging_mixin.py:190} INFO - [2026-09-22T03:38:30.215+0000] {dag.py:4180} INFO - Setting next_dagrun for load_kalimantan_postgres to 2026-09-22 02:00:00+00:00, run_after=2026-09-23 02:00:00+00:00
[2026-09-22T03:38:30.222+0000] {processor.py:208} INFO - Processing /opt/airflow/dags/load_kalimantan_postgres.py took 0.080 seconds
[2026-09-22T03:39:00.627+0000] {processor.py:186} INFO - Started process (PID=1188) to work on /opt/airflow/dags/load_kalimantan_postgres.py
[2026-09-22T03:39:00.628+0000] {processor.py:914} INFO - Processing file /opt/airflow/dags/load_kalimantan_postgres.py for tasks to queue
[2026-09-22T03:39:00.632+0000] {logging_mixin.py:190} INFO - [2026-09-22T03:39:00.631+0000] {dagbag.py:588} INFO - Filling up the DagBag from /opt/airflow/dags/load_kalimantan_postgres.py
[2026-09-22T03:39:00.679+0000] {processor.py:925} INFO - DAG(s) 'load_kalimantan_postgres' retrieved from /opt/airflow/dags/load_kalimantan_postgres.py
[2026-09-22T03:39:00.699+0000] {logging_mixin.py:190} INFO - [2026-09-22T03:39:00.699+0000] {dag.py:3239} INFO - Sync 1 DAGs
[2026-09-22T03:39:00.712+0000] {logging_mixin.py:190} INFO - [2026-09-22T03:39:00.712+0000] {dag.py:4180} INFO - Setting next_dagrun for load_kalimantan_postgres to 2026-09-22 02:00:00+00:00, run_after=2026-09-23 02:00:00+00:00
[2026-09-22T03:39:00.721+0000] {processor.py:208} INFO - Processing /opt/airflow/dags/load_kalimantan_postgres.py took 0.104 seconds
[2026-09-22T03:39:31.039+0000] {processor.py:186} INFO - Started process (PID=1198) to work on /opt/airflow/dags/load_kalimantan_postgres.py
[2026-09-22T03:39:31.041+0000] {processor.py:914} INFO - Processing file /opt/airflow/dags/load_kalimantan_postgres.py for tasks to queue
[2026-09-22T03:39:31.043+0000] {logging_mixin.py:190} INFO - [2026-09-22T03:39:31.042+0000] {dagbag.py:588} INFO - Filling up the DagBag from /opt/airflow/dags/load_kalimantan_postgres.py
[2026-09-22T03:39:31.084+0000] {processor.py:925} INFO - DAG(s) 'load_kalimantan_postgres' retrieved from /opt/airflow/dags/load_kalimantan_postgres.py
[2026-09-22T03:39:31.100+0000] {logging_mixin.py:190} INFO - [2026-09-22T03:39:31.100+0000] {dag.py:3239} INFO - Sync 1 DAGs
[2026-09-22T03:39:31.111+0000] {logging_mixin.py:190} INFO - [2026-09-22T03:39:31.111+0000] {dag.py:4180} INFO - Setting next_dagrun for load_kalimantan_postgres to 2026-09-22 02:00:00+00:00, run_after=2026-09-23 02:00:00+00:00
[2026-09-22T03:39:31.118+0000] {processor.py:208} INFO - Processing /opt/airflow/dags/load_kalimantan_postgres.py took 0.088 seconds
[2026-09-22T03:40:01.494+0000] {processor.py:186} INFO - Started process (PID=1208) to work on /opt/airflow/dags/load_kalimantan_postgres.py
[2026-09-22T03:40:01.495+0000] {processor.py:914} INFO - Processing file /opt/airflow/dags/load_kalimantan_postgres.py for tasks to queue
[2026-09-22T03:40:01.496+0000] {logging_mixin.py:190} INFO - [2026-09-22T03:40:01.496+0000] {dagbag.py:588} INFO - Filling up the DagBag from /opt/airflow/dags/load_kalimantan_postgres.py
[2026-09-22T03:40:01.524+0000] {processor.py:925} INFO - DAG(s) 'load_kalimantan_postgres' retrieved from /opt/airflow/dags/load_kalimantan_postgres.py
[2026-09-22T03:40:01.538+0000] {logging_mixin.py:190} INFO - [2026-09-22T03:40:01.537+0000] {dag.py:3239} INFO - Sync 1 DAGs
[2026-09-22T03:40:01.548+0000] {logging_mixin.py:190} INFO - [2026-09-22T03:40:01.548+0000] {dag.py:4180} INFO - Setting next_dagrun for load_kalimantan_postgres to 2026-09-22 02:00:00+00:00, run_after=2026-09-23 02:00:00+00:00
[2026-09-22T03:40:01.554+0000] {processor.py:208} INFO - Processing /opt/airflow/dags/load_kalimantan_postgres.py took 0.065 seconds
[2026-09-22T03:40:31.970+0000] {processor.py:186} INFO - Started process (PID=1218) to work on /opt/airflow/dags/load_kalimantan_postgres.py
[2026-09-22T03:40:31.971+0000] {processor.py:914} INFO - Processing file /opt/airflow/dags/load_kalimantan_postgres.py for tasks to queue
[2026-09-22T03:40:31.973+0000] {logging_mixin.py:190} INFO - [2026-09-22T03:40:31.973+0000] {dagbag.py:588} INFO - Filling up the DagBag from /opt/airflow/dags/load_kalimantan_postgres.py
[2026-09-22T03:40:32.009+0000] {processor.py:925} INFO - DAG(s) 'load_kalimantan_postgres' retrieved from /opt/airflow/dags/load_kalimantan_postgres.py
[2026-09-22T03:40:32.024+0000] {logging_mixin.py:190} INFO - [2026-09-22T03:40:32.024+0000] {dag.py:3239} INFO - Sync 1 DAGs
[2026-09-22T03:40:32.033+0000] {logging_mixin.py:190} INFO - [2026-09-22T03:40:32.033+0000] {dag.py:4180} INFO - Setting next_dagrun for load_kalimantan_postgres to 2026-09-22 02:00:00+00:00, run_after=2026-09-23 02:00:00+00:00
[2026-09-22T03:40:32.039+0000] {processor.py:208} INFO - Processing /opt/airflow/dags/load_kalimantan_postgres.py took 0.077 seconds
[2026-09-22T03:41:02.345+0000] {processor.py:186} INFO - Started process (PID=1228) to work on /opt/airflow/dags/load_kalimantan_postgres.py
[2026-09-22T03:41:02.346+0000] {processor.py:914} INFO - Processing file /opt/airflow/dags/load_kalimantan_postgres.py for tasks to queue
[2026-09-22T03:41:02.349+0000] {logging_mixin.py:190} INFO - [2026-09-22T03:41:02.349+0000] {dagbag.py:588} INFO - Filling up the DagBag from /opt/airflow/dags/load_kalimantan_postgres.py
[2026-09-22T03:41:02.395+0000] {processor.py:925} INFO - DAG(s) 'load_kalimantan_postgres' retrieved from /opt/airflow/dags/load_kalimantan_postgres.py
[2026-09-22T03:41:02.413+0000] {logging_mixin.py:190} INFO - [2026-09-22T03:41:02.413+0000] {dag.py:3239} INFO - Sync 1 DAGs
[2026-09-22T03:41:02.425+0000] {logging_mixin.py:190} INFO - [2026-09-22T03:41:02.425+0000] {dag.py:4180} INFO - Setting next_dagrun for load_kalimantan_postgres to 2026-09-22 02:00:00+00:00, run_after=2026-09-23 02:00:00+00:00
[2026-09-22T03:41:02.432+0000] {processor.py:208} INFO - Processing /opt/airflow/dags/load_kalimantan_postgres.py took 0.101 seconds
[2026-09-22T03:41:32.785+0000] {processor.py:186} INFO - Started process (PID=1238) to work on /opt/airflow/dags/load_kalimantan_postgres.py
[2026-09-22T03:41:32.787+0000] {processor.py:914} INFO - Processing file /opt/airflow/dags/load_kalimantan_postgres.py for tasks to queue
[2026-09-22T03:41:32.789+0000] {logging_mixin.py:190} INFO - [2026-09-22T03:41:32.788+0000] {dagbag.py:588} INFO - Filling up the DagBag from /opt/airflow/dags/load_kalimantan_postgres.py
[2026-09-22T03:41:32.827+0000] {processor.py:925} INFO - DAG(s) 'load_kalimantan_postgres' retrieved from /opt/airflow/dags/load_kalimantan_postgres.py
[2026-09-22T03:41:32.841+0000] {logging_mixin.py:190} INFO - [2026-09-22T03:41:32.841+0000] {dag.py:3239} INFO - Sync 1 DAGs
[2026-09-22T03:41:32.851+0000] {logging_mixin.py:190} INFO - [2026-09-22T03:41:32.851+0000] {dag.py:4180} INFO - Setting next_dagrun for load_kalimantan_postgres to 2026-09-22 02:00:00+00:00, run_after=2026-09-23 02:00:00+00:00
[2026-09-22T03:41:32.858+0000] {processor.py:208} INFO - Processing /opt/airflow/dags/load_kalimantan_postgres.py took 0.080 seconds
[2026-09-22T03:42:03.223+0000] {processor.py:186} INFO - Started process (PID=1248) to work on /opt/airflow/dags/load_kalimantan_postgres.py
[2026-09-22T03:42:03.225+0000] {processor.py:914} INFO - Processing file /opt/airflow/dags/load_kalimantan_postgres.py for tasks to queue
[2026-09-22T03:42:03.227+0000] {logging_mixin.py:190} INFO - [2026-09-22T03:42:03.227+0000] {dagbag.py:588} INFO - Filling up the DagBag from /opt/airflow/dags/load_kalimantan_postgres.py
[2026-09-22T03:42:03.272+0000] {processor.py:925} INFO - DAG(s) 'load_kalimantan_postgres' retrieved from /opt/airflow/dags/load_kalimantan_postgres.py
[2026-09-22T03:42:03.290+0000] {logging_mixin.py:190} INFO - [2026-09-22T03:42:03.290+0000] {dag.py:3239} INFO - Sync 1 DAGs
[2026-09-22T03:42:03.301+0000] {logging_mixin.py:190} INFO - [2026-09-22T03:42:03.301+0000] {dag.py:4180} INFO - Setting next_dagrun for load_kalimantan_postgres to 2026-09-22 02:00:00+00:00, run_after=2026-09-23 02:00:00+00:00
[2026-09-22T03:42:03.308+0000] {processor.py:208} INFO - Processing /opt/airflow/dags/load_kalimantan_postgres.py took 0.093 seconds
[2026-09-22T03:42:33.651+0000] {processor.py:186} INFO - Started process (PID=1258) to work on /opt/airflow/dags/load_kalimantan_postgres.py
[2026-09-22T03:42:33.652+0000] {processor.py:914} INFO - Processing file /opt/airflow/dags/load_kalimantan_postgres.py for tasks to queue
[2026-09-22T03:42:33.654+0000] {logging_mixin.py:190} INFO - [2026-09-22T03:42:33.654+0000] {dagbag.py:588} INFO - Filling up the DagBag from /opt/airflow/dags/load_kalimantan_postgres.py
[2026-09-22T03:42:33.690+0000] {processor.py:925} INFO - DAG(s) 'load_kalimantan_postgres' retrieved from /opt/airflow/dags/load_kalimantan_postgres.py
[2026-09-22T03:42:33.705+0000] {logging_mixin.py:190} INFO - [2026-09-22T03:42:33.705+0000] {dag.py:3239} INFO - Sync 1 DAGs
[2026-09-22T03:42:33.715+0000] {logging_mixin.py:190} INFO - [2026-09-22T03:42:33.715+0000] {dag.py:4180} INFO - Setting next_dagrun for load_kalimantan_postgres to 2026-09-22 02:00:00+00:00, run_after=2026-09-23 02:00:00+00:00
[2026-09-22T03:42:33.721+0000] {processor.py:208} INFO - Processing /opt/airflow/dags/load_kalimantan_postgres.py took 0.077 seconds
[2026-09-22T03:43:04.105+0000] {processor.py:186} INFO - Started process (PID=1268) to work on /opt/airflow/dags/load_kalimantan_postgres.py
[2026-09-22T03:43:04.106+0000] {processor.py:914} INFO - Processing file /opt/airflow/dags/load_kalimantan_postgres.py for tasks to queue
[2026-09-22T03:43:04.108+0000] {logging_mixin.py:190} INFO - [2026-09-22T03:43:04.107+0000] {dagbag.py:588} INFO - Filling up the DagBag from /opt/airflow/dags/load_kalimantan_postgres.py
[2026-09-22T03:43:04.159+0000] {processor.py:925} INFO - DAG(s) 'load_kalimantan_postgres' retrieved from /opt/airflow/dags/load_kalimantan_postgres.py
[2026-09-22T03:43:04.187+0000] {logging_mixin.py:190} INFO - [2026-09-22T03:43:04.186+0000] {dag.py:3239} INFO - Sync 1 DAGs
[2026-09-22T03:43:04.200+0000] {logging_mixin.py:190} INFO - [2026-09-22T03:43:04.199+0000] {dag.py:4180} INFO - Setting next_dagrun for load_kalimantan_postgres to 2026-09-22 02:00:00+00:00, run_after=2026-09-23 02:00:00+00:00
[2026-09-22T03:43:04.207+0000] {processor.py:208} INFO - Processing /opt/airflow/dags/load_kalimantan_postgres.py took 0.108 seconds
[2026-09-22T03:43:34.549+0000] {processor.py:186} INFO - Started process (PID=1278) to work on /opt/airflow/dags/load_kalimantan_postgres.py
[2026-09-22T03:43:34.550+0000] {processor.py:914} INFO - Processing file /opt/airflow/dags/load_kalimantan_postgres.py for tasks to queue
[2026-09-22T03:43:34.552+0000] {logging_mixin.py:190} INFO - [2026-09-22T03:43:34.552+0000] {dagbag.py:588} INFO - Filling up the DagBag from /opt/airflow/dags/load_kalimantan_postgres.py
[2026-09-22T03:43:34.595+0000] {processor.py:925} INFO - DAG(s) 'load_kalimantan_postgres' retrieved from /opt/airflow/dags/load_kalimantan_postgres.py
[2026-09-22T03:43:34.610+0000] {logging_mixin.py:190} INFO - [2026-09-22T03:43:34.610+0000] {dag.py:3239} INFO - Sync 1 DAGs
[2026-09-22T03:43:34.621+0000] {logging_mixin.py:190} INFO - [2026-09-22T03:43:34.621+0000] {dag.py:4180} INFO - Setting next_dagrun for load_kalimantan_postgres to 2026-09-22 02:00:00+00:00, run_after=2026-09-23 02:00:00+00:00
[2026-09-22T03:43:34.629+0000] {processor.py:208} INFO - Processing /opt/airflow/dags/load_kalimantan_postgres.py took 0.088 seconds
[2026-09-22T03:44:05.069+0000] {processor.py:186} INFO - Started process (PID=1288) to work on /opt/airflow/dags/load_kalimantan_postgres.py
[2026-09-22T03:44:05.070+0000] {processor.py:914} INFO - Processing file /opt/airflow/dags/load_kalimantan_postgres.py for tasks to queue
[2026-09-22T03:44:05.073+0000] {logging_mixin.py:190} INFO - [2026-09-22T03:44:05.073+0000] {dagbag.py:588} INFO - Filling up the DagBag from /opt/airflow/dags/load_kalimantan_postgres.py
[2026-09-22T03:44:05.131+0000] {processor.py:925} INFO - DAG(s) 'load_kalimantan_postgres' retrieved from /opt/airflow/dags/load_kalimantan_postgres.py
[2026-09-22T03:44:05.159+0000] {logging_mixin.py:190} INFO - [2026-09-22T03:44:05.158+0000] {dag.py:3239} INFO - Sync 1 DAGs
[2026-09-22T03:44:05.176+0000] {logging_mixin.py:190} INFO - [2026-09-22T03:44:05.176+0000] {dag.py:4180} INFO - Setting next_dagrun for load_kalimantan_postgres to 2026-09-22 02:00:00+00:00, run_after=2026-09-23 02:00:00+00:00
[2026-09-22T03:44:05.187+0000] {processor.py:208} INFO - Processing /opt/airflow/dags/load_kalimantan_postgres.py took 0.130 seconds
[2026-09-22T03:44:35.583+0000] {processor.py:186} INFO - Started process (PID=1298) to work on /opt/airflow/dags/load_kalimantan_postgres.py
[2026-09-22T03:44:35.585+0000] {processor.py:914} INFO - Processing file /opt/airflow/dags/load_kalimantan_postgres.py for tasks to queue
[2026-09-22T03:44:35.587+0000] {logging_mixin.py:190} INFO - [2026-09-22T03:44:35.587+0000] {dagbag.py:588} INFO - Filling up the DagBag from /opt/airflow/dags/load_kalimantan_postgres.py
[2026-09-22T03:44:35.632+0000] {processor.py:925} INFO - DAG(s) 'load_kalimantan_postgres' retrieved from /opt/airflow/dags/load_kalimantan_postgres.py
[2026-09-22T03:44:35.653+0000] {logging_mixin.py:190} INFO - [2026-09-22T03:44:35.653+0000] {dag.py:3239} INFO - Sync 1 DAGs
[2026-09-22T03:44:35.667+0000] {logging_mixin.py:190} INFO - [2026-09-22T03:44:35.667+0000] {dag.py:4180} INFO - Setting next_dagrun for load_kalimantan_postgres to 2026-09-22 02:00:00+00:00, run_after=2026-09-23 02:00:00+00:00
[2026-09-22T03:44:35.674+0000] {processor.py:208} INFO - Processing /opt/airflow/dags/load_kalimantan_postgres.py took 0.097 seconds
[2026-09-22T03:45:06.064+0000] {processor.py:186} INFO - Started process (PID=1308) to work on /opt/airflow/dags/load_kalimantan_postgres.py
[2026-09-22T03:45:06.066+0000] {processor.py:914} INFO - Processing file /opt/airflow/dags/load_kalimantan_postgres.py for tasks to queue
[2026-09-22T03:45:06.073+0000] {logging_mixin.py:190} INFO - [2026-09-22T03:45:06.072+0000] {dagbag.py:588} INFO - Filling up the DagBag from /opt/airflow/dags/load_kalimantan_postgres.py
[2026-09-22T03:45:06.141+0000] {processor.py:925} INFO - DAG(s) 'load_kalimantan_postgres' retrieved from /opt/airflow/dags/load_kalimantan_postgres.py
[2026-09-22T03:45:06.175+0000] {logging_mixin.py:190} INFO - [2026-09-22T03:45:06.175+0000] {dag.py:3239} INFO - Sync 1 DAGs
[2026-09-22T03:45:06.192+0000] {logging_mixin.py:190} INFO - [2026-09-22T03:45:06.192+0000] {dag.py:4180} INFO - Setting next_dagrun for load_kalimantan_postgres to 2026-09-22 02:00:00+00:00, run_after=2026-09-23 02:00:00+00:00
[2026-09-22T03:45:06.205+0000] {processor.py:208} INFO - Processing /opt/airflow/dags/load_kalimantan_postgres.py took 0.153 seconds
[2026-09-22T03:45:36.652+0000] {processor.py:186} INFO - Started process (PID=1318) to work on /opt/airflow/dags/load_kalimantan_postgres.py
[2026-09-22T03:45:36.654+0000] {processor.py:914} INFO - Processing file /opt/airflow/dags/load_kalimantan_postgres.py for tasks to queue
[2026-09-22T03:45:36.657+0000] {logging_mixin.py:190} INFO - [2026-09-22T03:45:36.657+0000] {dagbag.py:588} INFO - Filling up the DagBag from /opt/airflow/dags/load_kalimantan_postgres.py
[2026-09-22T03:45:36.721+0000] {processor.py:925} INFO - DAG(s) 'load_kalimantan_postgres' retrieved from /opt/airflow/dags/load_kalimantan_postgres.py
[2026-09-22T03:45:36.747+0000] {logging_mixin.py:190} INFO - [2026-09-22T03:45:36.747+0000] {dag.py:3239} INFO - Sync 1 DAGs
[2026-09-22T03:45:36.762+0000] {logging_mixin.py:190} INFO - [2026-09-22T03:45:36.761+0000] {dag.py:4180} INFO - Setting next_dagrun for load_kalimantan_postgres to 2026-09-22 02:00:00+00:00, run_after=2026-09-23 02:00:00+00:00
[2026-09-22T03:45:36.770+0000] {processor.py:208} INFO - Processing /opt/airflow/dags/load_kalimantan_postgres.py took 0.130 seconds
[2026-09-22T03:46:07.204+0000] {processor.py:186} INFO - Started process (PID=1328) to work on /opt/airflow/dags/load_kalimantan_postgres.py
[2026-09-22T03:46:07.206+0000] {processor.py:914} INFO - Processing file /opt/airflow/dags/load_kalimantan_postgres.py for tasks to queue
[2026-09-22T03:46:07.209+0000] {logging_mixin.py:190} INFO - [2026-09-22T03:46:07.208+0000] {dagbag.py:588} INFO - Filling up the DagBag from /opt/airflow/dags/load_kalimantan_postgres.py
[2026-09-22T03:46:07.257+0000] {processor.py:925} INFO - DAG(s) 'load_kalimantan_postgres' retrieved from /opt/airflow/dags/load_kalimantan_postgres.py
[2026-09-22T03:46:07.280+0000] {logging_mixin.py:190} INFO - [2026-09-22T03:46:07.280+0000] {dag.py:3239} INFO - Sync 1 DAGs
[2026-09-22T03:46:07.297+0000] {logging_mixin.py:190} INFO - [2026-09-22T03:46:07.297+0000] {dag.py:4180} INFO - Setting next_dagrun for load_kalimantan_postgres to 2026-09-22 02:00:00+00:00, run_after=2026-09-23 02:00:00+00:00
[2026-09-22T03:46:07.306+0000] {processor.py:208} INFO - Processing /opt/airflow/dags/load_kalimantan_postgres.py took 0.113 seconds
[2026-09-22T03:46:37.679+0000] {processor.py:186} INFO - Started process (PID=1338) to work on /opt/airflow/dags/load_kalimantan_postgres.py
[2026-09-22T03:46:37.682+0000] {processor.py:914} INFO - Processing file /opt/airflow/dags/load_kalimantan_postgres.py for tasks to queue
[2026-09-22T03:46:37.685+0000] {logging_mixin.py:190} INFO - [2026-09-22T03:46:37.684+0000] {dagbag.py:588} INFO - Filling up the DagBag from /opt/airflow/dags/load_kalimantan_postgres.py
[2026-09-22T03:46:37.729+0000] {processor.py:925} INFO - DAG(s) 'load_kalimantan_postgres' retrieved from /opt/airflow/dags/load_kalimantan_postgres.py
[2026-09-22T03:46:37.749+0000] {logging_mixin.py:190} INFO - [2026-09-22T03:46:37.749+0000] {dag.py:3239} INFO - Sync 1 DAGs
[2026-09-22T03:46:37.762+0000] {logging_mixin.py:190} INFO - [2026-09-22T03:46:37.762+0000] {dag.py:4180} INFO - Setting next_dagrun for load_kalimantan_postgres to 2026-09-22 02:00:00+00:00, run_after=2026-09-23 02:00:00+00:00
[2026-09-22T03:46:37.770+0000] {processor.py:208} INFO - Processing /opt/airflow/dags/load_kalimantan_postgres.py took 0.100 seconds
[2026-09-22T03:47:08.123+0000] {processor.py:186} INFO - Started process (PID=1348) to work on /opt/airflow/dags/load_kalimantan_postgres.py
[2026-09-22T03:47:08.124+0000] {processor.py:914} INFO - Processing file /opt/airflow/dags/load_kalimantan_postgres.py for tasks to queue
[2026-09-22T03:47:08.126+0000] {logging_mixin.py:190} INFO - [2026-09-22T03:47:08.126+0000] {dagbag.py:588} INFO - Filling up the DagBag from /opt/airflow/dags/load_kalimantan_postgres.py
[2026-09-22T03:47:08.182+0000] {processor.py:925} INFO - DAG(s) 'load_kalimantan_postgres' retrieved from /opt/airflow/dags/load_kalimantan_postgres.py
[2026-09-22T03:47:08.201+0000] {logging_mixin.py:190} INFO - [2026-09-22T03:47:08.201+0000] {dag.py:3239} INFO - Sync 1 DAGs
[2026-09-22T03:47:08.217+0000] {logging_mixin.py:190} INFO - [2026-09-22T03:47:08.217+0000] {dag.py:4180} INFO - Setting next_dagrun for load_kalimantan_postgres to 2026-09-22 02:00:00+00:00, run_after=2026-09-23 02:00:00+00:00
[2026-09-22T03:47:08.225+0000] {processor.py:208} INFO - Processing /opt/airflow/dags/load_kalimantan_postgres.py took 0.108 seconds
[2026-09-22T03:47:38.653+0000] {processor.py:186} INFO - Started process (PID=1358) to work on /opt/airflow/dags/load_kalimantan_postgres.py
[2026-09-22T03:47:38.657+0000] {processor.py:914} INFO - Processing file /opt/airflow/dags/load_kalimantan_postgres.py for tasks to queue
[2026-09-22T03:47:38.660+0000] {logging_mixin.py:190} INFO - [2026-09-22T03:47:38.659+0000] {dagbag.py:588} INFO - Filling up the DagBag from /opt/airflow/dags/load_kalimantan_postgres.py
[2026-09-22T03:47:38.726+0000] {processor.py:925} INFO - DAG(s) 'load_kalimantan_postgres' retrieved from /opt/airflow/dags/load_kalimantan_postgres.py
[2026-09-22T03:47:38.800+0000] {logging_mixin.py:190} INFO - [2026-09-22T03:47:38.800+0000] {dag.py:3239} INFO - Sync 1 DAGs
[2026-09-22T03:47:38.822+0000] {logging_mixin.py:190} INFO - [2026-09-22T03:47:38.822+0000] {dag.py:4180} INFO - Setting next_dagrun for load_kalimantan_postgres to 2026-09-22 02:00:00+00:00, run_after=2026-09-23 02:00:00+00:00
[2026-09-22T03:47:38.831+0000] {processor.py:208} INFO - Processing /opt/airflow/dags/load_kalimantan_postgres.py took 0.188 seconds
[2026-09-22T03:48:09.040+0000] {processor.py:186} INFO - Started process (PID=1368) to work on /opt/airflow/dags/load_kalimantan_postgres.py
[2026-09-22T03:48:09.041+0000] {processor.py:914} INFO - Processing file /opt/airflow/dags/load_kalimantan_postgres.py for tasks to queue
[2026-09-22T03:48:09.044+0000] {logging_mixin.py:190} INFO - [2026-09-22T03:48:09.043+0000] {dagbag.py:588} INFO - Filling up the DagBag from /opt/airflow/dags/load_kalimantan_postgres.py
[2026-09-22T03:48:09.105+0000] {processor.py:925} INFO - DAG(s) 'load_kalimantan_postgres' retrieved from /opt/airflow/dags/load_kalimantan_postgres.py
[2026-09-22T03:48:09.126+0000] {logging_mixin.py:190} INFO - [2026-09-22T03:48:09.125+0000] {dag.py:3239} INFO - Sync 1 DAGs
[2026-09-22T03:48:09.142+0000] {logging_mixin.py:190} INFO - [2026-09-22T03:48:09.142+0000] {dag.py:4180} INFO - Setting next_dagrun for load_kalimantan_postgres to 2026-09-22 02:00:00+00:00, run_after=2026-09-23 02:00:00+00:00
[2026-09-22T03:48:09.150+0000] {processor.py:208} INFO - Processing /opt/airflow/dags/load_kalimantan_postgres.py took 0.132 seconds
[2026-09-22T03:48:39.517+0000] {processor.py:186} INFO - Started process (PID=1378) to work on /opt/airflow/dags/load_kalimantan_postgres.py
[2026-09-22T03:48:39.518+0000] {processor.py:914} INFO - Processing file /opt/airflow/dags/load_kalimantan_postgres.py for tasks to queue
[2026-09-22T03:48:39.521+0000] {logging_mixin.py:190} INFO - [2026-09-22T03:48:39.520+0000] {dagbag.py:588} INFO - Filling up the DagBag from /opt/airflow/dags/load_kalimantan_postgres.py
[2026-09-22T03:48:39.566+0000] {processor.py:925} INFO - DAG(s) 'load_kalimantan_postgres' retrieved from /opt/airflow/dags/load_kalimantan_postgres.py
[2026-09-22T03:48:39.584+0000] {logging_mixin.py:190} INFO - [2026-09-22T03:48:39.584+0000] {dag.py:3239} INFO - Sync 1 DAGs
[2026-09-22T03:48:39.595+0000] {logging_mixin.py:190} INFO - [2026-09-22T03:48:39.595+0000] {dag.py:4180} INFO - Setting next_dagrun for load_kalimantan_postgres to 2026-09-22 02:00:00+00:00, run_after=2026-09-23 02:00:00+00:00
[2026-09-22T03:48:39.604+0000] {processor.py:208} INFO - Processing /opt/airflow/dags/load_kalimantan_postgres.py took 0.095 seconds
[2026-09-22T03:49:09.974+0000] {processor.py:186} INFO - Started process (PID=1388) to work on /opt/airflow/dags/load_kalimantan_postgres.py
[2026-09-22T03:49:09.975+0000] {processor.py:914} INFO - Processing file /opt/airflow/dags/load_kalimantan_postgres.py for tasks to queue
[2026-09-22T03:49:09.979+0000] {logging_mixin.py:190} INFO - [2026-09-22T03:49:09.978+0000] {dagbag.py:588} INFO - Filling up the DagBag from /opt/airflow/dags/load_kalimantan_postgres.py
[2026-09-22T03:49:10.025+0000] {processor.py:925} INFO - DAG(s) 'load_kalimantan_postgres' retrieved from /opt/airflow/dags/load_kalimantan_postgres.py
[2026-09-22T03:49:10.046+0000] {logging_mixin.py:190} INFO - [2026-09-22T03:49:10.046+0000] {dag.py:3239} INFO - Sync 1 DAGs
[2026-09-22T03:49:10.060+0000] {logging_mixin.py:190} INFO - [2026-09-22T03:49:10.060+0000] {dag.py:4180} INFO - Setting next_dagrun for load_kalimantan_postgres to 2026-09-22 02:00:00+00:00, run_after=2026-09-23 02:00:00+00:00
[2026-09-22T03:49:10.068+0000] {processor.py:208} INFO - Processing /opt/airflow/dags/load_kalimantan_postgres.py took 0.103 seconds
[2026-09-22T03:49:40.346+0000] {processor.py:186} INFO - Started process (PID=1398) to work on /opt/airflow/dags/load_kalimantan_postgres.py
[2026-09-22T03:49:40.347+0000] {processor.py:914} INFO - Processing file /opt/airflow/dags/load_kalimantan_postgres.py for tasks to queue
[2026-09-22T03:49:40.349+0000] {logging_mixin.py:190} INFO - [2026-09-22T03:49:40.349+0000] {dagbag.py:588} INFO - Filling up the DagBag from /opt/airflow/dags/load_kalimantan_postgres.py
[2026-09-22T03:49:40.385+0000] {processor.py:925} INFO - DAG(s) 'load_kalimantan_postgres' retrieved from /opt/airflow/dags/load_kalimantan_postgres.py
[2026-09-22T03:49:40.400+0000] {logging_mixin.py:190} INFO - [2026-09-22T03:49:40.400+0000] {dag.py:3239} INFO - Sync 1 DAGs
[2026-09-22T03:49:40.409+0000] {logging_mixin.py:190} INFO - [2026-09-22T03:49:40.409+0000] {dag.py:4180} INFO - Setting next_dagrun for load_kalimantan_postgres to 2026-09-22 02:00:00+00:00, run_after=2026-09-23 02:00:00+00:00
[2026-09-22T03:49:40.416+0000] {processor.py:208} INFO - Processing /opt/airflow/dags/load_kalimantan_postgres.py took 0.076 seconds
[2026-09-22T03:50:10.798+0000] {processor.py:186} INFO - Started process (PID=1408) to work on /opt/airflow/dags/load_kalimantan_postgres.py
[2026-09-22T03:50:10.800+0000] {processor.py:914} INFO - Processing file /opt/airflow/dags/load_kalimantan_postgres.py for tasks to queue
[2026-09-22T03:50:10.802+0000] {logging_mixin.py:190} INFO - [2026-09-22T03:50:10.801+0000] {dagbag.py:588} INFO - Filling up the DagBag from /opt/airflow/dags/load_kalimantan_postgres.py
[2026-09-22T03:50:10.838+0000] {processor.py:925} INFO - DAG(s) 'load_kalimantan_postgres' retrieved from /opt/airflow/dags/load_kalimantan_postgres.py
[2026-09-22T03:50:10.853+0000] {logging_mixin.py:190} INFO - [2026-09-22T03:50:10.853+0000] {dag.py:3239} INFO - Sync 1 DAGs
[2026-09-22T03:50:10.863+0000] {logging_mixin.py:190} INFO - [2026-09-22T03:50:10.863+0000] {dag.py:4180} INFO - Setting next_dagrun for load_kalimantan_postgres to 2026-09-22 02:00:00+00:00, run_after=2026-09-23 02:00:00+00:00
[2026-09-22T03:50:10.869+0000] {processor.py:208} INFO - Processing /opt/airflow/dags/load_kalimantan_postgres.py took 0.079 seconds
[2026-09-22T03:50:41.262+0000] {processor.py:186} INFO - Started process (PID=1418) to work on /opt/airflow/dags/load_kalimantan_postgres.py
[2026-09-22T03:50:41.263+0000] {processor.py:914} INFO - Processing file /opt/airflow/dags/load_kalimantan_postgres.py for tasks to queue
[2026-09-22T03:50:41.265+0000] {logging_mixin.py:190} INFO - [2026-09-22T03:50:41.264+0000] {dagbag.py:588} INFO - Filling up the DagBag from /opt/airflow/dags/load_kalimantan_postgres.py
[2026-09-22T03:50:41.298+0000] {processor.py:925} INFO - DAG(s) 'load_kalimantan_postgres' retrieved from /opt/airflow/dags/load_kalimantan_postgres.py
[2026-09-22T03:50:41.313+0000] {logging_mixin.py:190} INFO - [2026-09-22T03:50:41.313+0000] {dag.py:3239} INFO - Sync 1 DAGs
[2026-09-22T03:50:41.322+0000] {logging_mixin.py:190} INFO - [2026-09-22T03:50:41.322+0000] {dag.py:4180} INFO - Setting next_dagrun for load_kalimantan_postgres to 2026-09-22 02:00:00+00:00, run_after=2026-09-23 02:00:00+00:00
[2026-09-22T03:50:41.328+0000] {processor.py:208} INFO - Processing /opt/airflow/dags/load_kalimantan_postgres.py took 0.071 seconds
[2026-09-22T03:51:11.836+0000] {processor.py:186} INFO - Started process (PID=1428) to work on /opt/airflow/dags/load_kalimantan_postgres.py
[2026-09-22T03:51:11.840+0000] {processor.py:914} INFO - Processing file /opt/airflow/dags/load_kalimantan_postgres.py for tasks to queue
[2026-09-22T03:51:11.850+0000] {logging_mixin.py:190} INFO - [2026-09-22T03:51:11.849+0000] {dagbag.py:588} INFO - Filling up the DagBag from /opt/airflow/dags/load_kalimantan_postgres.py
[2026-09-22T03:51:11.951+0000] {processor.py:925} INFO - DAG(s) 'load_kalimantan_postgres' retrieved from /opt/airflow/dags/load_kalimantan_postgres.py
[2026-09-22T03:51:11.978+0000] {logging_mixin.py:190} INFO - [2026-09-22T03:51:11.978+0000] {dag.py:3239} INFO - Sync 1 DAGs
[2026-09-22T03:51:11.996+0000] {logging_mixin.py:190} INFO - [2026-09-22T03:51:11.996+0000] {dag.py:4180} INFO - Setting next_dagrun for load_kalimantan_postgres to 2026-09-22 02:00:00+00:00, run_after=2026-09-23 02:00:00+00:00
[2026-09-22T03:51:12.011+0000] {processor.py:208} INFO - Processing /opt/airflow/dags/load_kalimantan_postgres.py took 0.196 seconds
[2026-09-22T03:51:42.368+0000] {processor.py:186} INFO - Started process (PID=1438) to work on /opt/airflow/dags/load_kalimantan_postgres.py
[2026-09-22T03:51:42.369+0000] {processor.py:914} INFO - Processing file /opt/airflow/dags/load_kalimantan_postgres.py for tasks to queue
[2026-09-22T03:51:42.371+0000] {logging_mixin.py:190} INFO - [2026-09-22T03:51:42.371+0000] {dagbag.py:588} INFO - Filling up the DagBag from /opt/airflow/dags/load_kalimantan_postgres.py
[2026-09-22T03:51:42.412+0000] {processor.py:925} INFO - DAG(s) 'load_kalimantan_postgres' retrieved from /opt/airflow/dags/load_kalimantan_postgres.py
[2026-09-22T03:51:42.430+0000] {logging_mixin.py:190} INFO - [2026-09-22T03:51:42.430+0000] {dag.py:3239} INFO - Sync 1 DAGs
[2026-09-22T03:51:42.443+0000] {logging_mixin.py:190} INFO - [2026-09-22T03:51:42.443+0000] {dag.py:4180} INFO - Setting next_dagrun for load_kalimantan_postgres to 2026-09-22 02:00:00+00:00, run_after=2026-09-23 02:00:00+00:00
[2026-09-22T03:51:42.450+0000] {processor.py:208} INFO - Processing /opt/airflow/dags/load_kalimantan_postgres.py took 0.089 seconds
[2026-09-22T03:52:12.781+0000] {processor.py:186} INFO - Started process (PID=1448) to work on /opt/airflow/dags/load_kalimantan_postgres.py
[2026-09-22T03:52:12.782+0000] {processor.py:914} INFO - Processing file /opt/airflow/dags/load_kalimantan_postgres.py for tasks to queue
[2026-09-22T03:52:12.783+0000] {logging_mixin.py:190} INFO - [2026-09-22T03:52:12.783+0000] {dagbag.py:588} INFO - Filling up the DagBag from /opt/airflow/dags/load_kalimantan_postgres.py
[2026-09-22T03:52:12.814+0000] {processor.py:925} INFO - DAG(s) 'load_kalimantan_postgres' retrieved from /opt/airflow/dags/load_kalimantan_postgres.py
[2026-09-22T03:52:12.829+0000] {logging_mixin.py:190} INFO - [2026-09-22T03:52:12.829+0000] {dag.py:3239} INFO - Sync 1 DAGs
[2026-09-22T03:52:12.839+0000] {logging_mixin.py:190} INFO - [2026-09-22T03:52:12.839+0000] {dag.py:4180} INFO - Setting next_dagrun for load_kalimantan_postgres to 2026-09-22 02:00:00+00:00, run_after=2026-09-23 02:00:00+00:00
[2026-09-22T03:52:12.846+0000] {processor.py:208} INFO - Processing /opt/airflow/dags/load_kalimantan_postgres.py took 0.069 seconds
[2026-09-22T03:52:43.218+0000] {processor.py:186} INFO - Started process (PID=1458) to work on /opt/airflow/dags/load_kalimantan_postgres.py
[2026-09-22T03:52:43.219+0000] {processor.py:914} INFO - Processing file /opt/airflow/dags/load_kalimantan_postgres.py for tasks to queue
[2026-09-22T03:52:43.221+0000] {logging_mixin.py:190} INFO - [2026-09-22T03:52:43.221+0000] {dagbag.py:588} INFO - Filling up the DagBag from /opt/airflow/dags/load_kalimantan_postgres.py
[2026-09-22T03:52:43.259+0000] {processor.py:925} INFO - DAG(s) 'load_kalimantan_postgres' retrieved from /opt/airflow/dags/load_kalimantan_postgres.py
[2026-09-22T03:52:43.273+0000] {logging_mixin.py:190} INFO - [2026-09-22T03:52:43.272+0000] {dag.py:3239} INFO - Sync 1 DAGs
[2026-09-22T03:52:43.282+0000] {logging_mixin.py:190} INFO - [2026-09-22T03:52:43.282+0000] {dag.py:4180} INFO - Setting next_dagrun for load_kalimantan_postgres to 2026-09-22 02:00:00+00:00, run_after=2026-09-23 02:00:00+00:00
[2026-09-22T03:52:43.288+0000] {processor.py:208} INFO - Processing /opt/airflow/dags/load_kalimantan_postgres.py took 0.076 seconds
[2026-09-22T03:53:13.622+0000] {processor.py:186} INFO - Started process (PID=1468) to work on /opt/airflow/dags/load_kalimantan_postgres.py
[2026-09-22T03:53:13.623+0000] {processor.py:914} INFO - Processing file /opt/airflow/dags/load_kalimantan_postgres.py for tasks to queue
[2026-09-22T03:53:13.625+0000] {logging_mixin.py:190} INFO - [2026-09-22T03:53:13.625+0000] {dagbag.py:588} INFO - Filling up the DagBag from /opt/airflow/dags/load_kalimantan_postgres.py
[2026-09-22T03:53:13.666+0000] {processor.py:925} INFO - DAG(s) 'load_kalimantan_postgres' retrieved from /opt/airflow/dags/load_kalimantan_postgres.py
[2026-09-22T03:53:13.680+0000] {logging_mixin.py:190} INFO - [2026-09-22T03:53:13.680+0000] {dag.py:3239} INFO - Sync 1 DAGs
[2026-09-22T03:53:13.689+0000] {logging_mixin.py:190} INFO - [2026-09-22T03:53:13.689+0000] {dag.py:4180} INFO - Setting next_dagrun for load_kalimantan_postgres to 2026-09-22 02:00:00+00:00, run_after=2026-09-23 02:00:00+00:00
[2026-09-22T03:53:13.696+0000] {processor.py:208} INFO - Processing /opt/airflow/dags/load_kalimantan_postgres.py took 0.083 seconds
[2026-09-22T03:53:44.032+0000] {processor.py:186} INFO - Started process (PID=1478) to work on /opt/airflow/dags/load_kalimantan_postgres.py
[2026-09-22T03:53:44.035+0000] {processor.py:914} INFO - Processing file /opt/airflow/dags/load_kalimantan_postgres.py for tasks to queue
[2026-09-22T03:53:44.038+0000] {logging_mixin.py:190} INFO - [2026-09-22T03:53:44.037+0000] {dagbag.py:588} INFO - Filling up the DagBag from /opt/airflow/dags/load_kalimantan_postgres.py
[2026-09-22T03:53:44.081+0000] {processor.py:925} INFO - DAG(s) 'load_kalimantan_postgres' retrieved from /opt/airflow/dags/load_kalimantan_postgres.py
[2026-09-22T03:53:44.096+0000] {logging_mixin.py:190} INFO - [2026-09-22T03:53:44.096+0000] {dag.py:3239} INFO - Sync 1 DAGs
[2026-09-22T03:53:44.109+0000] {logging_mixin.py:190} INFO - [2026-09-22T03:53:44.109+0000] {dag.py:4180} INFO - Setting next_dagrun for load_kalimantan_postgres to 2026-09-22 02:00:00+00:00, run_after=2026-09-23 02:00:00+00:00
[2026-09-22T03:53:44.116+0000] {processor.py:208} INFO - Processing /opt/airflow/dags/load_kalimantan_postgres.py took 0.094 seconds
[2026-09-22T03:54:14.470+0000] {processor.py:186} INFO - Started process (PID=1488) to work on /opt/airflow/dags/load_kalimantan_postgres.py
[2026-09-22T03:54:14.471+0000] {processor.py:914} INFO - Processing file /opt/airflow/dags/load_kalimantan_postgres.py for tasks to queue
[2026-09-22T03:54:14.473+0000] {logging_mixin.py:190} INFO - [2026-09-22T03:54:14.472+0000] {dagbag.py:588} INFO - Filling up the DagBag from /opt/airflow/dags/load_kalimantan_postgres.py
[2026-09-22T03:54:14.504+0000] {processor.py:925} INFO - DAG(s) 'load_kalimantan_postgres' retrieved from /opt/airflow/dags/load_kalimantan_postgres.py
[2026-09-22T03:54:14.518+0000] {logging_mixin.py:190} INFO - [2026-09-22T03:54:14.518+0000] {dag.py:3239} INFO - Sync 1 DAGs
[2026-09-22T03:54:14.529+0000] {logging_mixin.py:190} INFO - [2026-09-22T03:54:14.529+0000] {dag.py:4180} INFO - Setting next_dagrun for load_kalimantan_postgres to 2026-09-22 02:00:00+00:00, run_after=2026-09-23 02:00:00+00:00
[2026-09-22T03:54:14.535+0000] {processor.py:208} INFO - Processing /opt/airflow/dags/load_kalimantan_postgres.py took 0.073 seconds
[2026-09-22T03:54:44.877+0000] {processor.py:186} INFO - Started process (PID=1498) to work on /opt/airflow/dags/load_kalimantan_postgres.py
[2026-09-22T03:54:44.878+0000] {processor.py:914} INFO - Processing file /opt/airflow/dags/load_kalimantan_postgres.py for tasks to queue
[2026-09-22T03:54:44.881+0000] {logging_mixin.py:190} INFO - [2026-09-22T03:54:44.881+0000] {dagbag.py:588} INFO - Filling up the DagBag from /opt/airflow/dags/load_kalimantan_postgres.py
[2026-09-22T03:54:44.926+0000] {processor.py:925} INFO - DAG(s) 'load_kalimantan_postgres' retrieved from /opt/airflow/dags/load_kalimantan_postgres.py
[2026-09-22T03:54:44.943+0000] {logging_mixin.py:190} INFO - [2026-09-22T03:54:44.943+0000] {dag.py:3239} INFO - Sync 1 DAGs
[2026-09-22T03:54:44.954+0000] {logging_mixin.py:190} INFO - [2026-09-22T03:54:44.954+0000] {dag.py:4180} INFO - Setting next_dagrun for load_kalimantan_postgres to 2026-09-22 02:00:00+00:00, run_after=2026-09-23 02:00:00+00:00
[2026-09-22T03:54:44.962+0000] {processor.py:208} INFO - Processing /opt/airflow/dags/load_kalimantan_postgres.py took 0.093 seconds
[2026-09-22T03:55:15.294+0000] {processor.py:186} INFO - Started process (PID=1508) to work on /opt/airflow/dags/load_kalimantan_postgres.py
[2026-09-22T03:55:15.295+0000] {processor.py:914} INFO - Processing file /opt/airflow/dags/load_kalimantan_postgres.py for tasks to queue
[2026-09-22T03:55:15.297+0000] {logging_mixin.py:190} INFO - [2026-09-22T03:55:15.297+0000] {dagbag.py:588} INFO - Filling up the DagBag from /opt/airflow/dags/load_kalimantan_postgres.py
[2026-09-22T03:55:15.335+0000] {processor.py:925} INFO - DAG(s) 'load_kalimantan_postgres' retrieved from /opt/airflow/dags/load_kalimantan_postgres.py
[2026-09-22T03:55:15.349+0000] {logging_mixin.py:190} INFO - [2026-09-22T03:55:15.349+0000] {dag.py:3239} INFO - Sync 1 DAGs
[2026-09-22T03:55:15.359+0000] {logging_mixin.py:190} INFO - [2026-09-22T03:55:15.359+0000] {dag.py:4180} INFO - Setting next_dagrun for load_kalimantan_postgres to 2026-09-22 02:00:00+00:00, run_after=2026-09-23 02:00:00+00:00
[2026-09-22T03:55:15.366+0000] {processor.py:208} INFO - Processing /opt/airflow/dags/load_kalimantan_postgres.py took 0.078 seconds
[2026-09-22T03:55:45.742+0000] {processor.py:186} INFO - Started process (PID=1518) to work on /opt/airflow/dags/load_kalimantan_postgres.py
[2026-09-22T03:55:45.743+0000] {processor.py:914} INFO - Processing file /opt/airflow/dags/load_kalimantan_postgres.py for tasks to queue
[2026-09-22T03:55:45.745+0000] {logging_mixin.py:190} INFO - [2026-09-22T03:55:45.745+0000] {dagbag.py:588} INFO - Filling up the DagBag from /opt/airflow/dags/load_kalimantan_postgres.py
[2026-09-22T03:55:45.783+0000] {processor.py:925} INFO - DAG(s) 'load_kalimantan_postgres' retrieved from /opt/airflow/dags/load_kalimantan_postgres.py
[2026-09-22T03:55:45.797+0000] {logging_mixin.py:190} INFO - [2026-09-22T03:55:45.796+0000] {dag.py:3239} INFO - Sync 1 DAGs
[2026-09-22T03:55:45.806+0000] {logging_mixin.py:190} INFO - [2026-09-22T03:55:45.806+0000] {dag.py:4180} INFO - Setting next_dagrun for load_kalimantan_postgres to 2026-09-22 02:00:00+00:00, run_after=2026-09-23 02:00:00+00:00
[2026-09-22T03:55:45.813+0000] {processor.py:208} INFO - Processing /opt/airflow/dags/load_kalimantan_postgres.py took 0.078 seconds
[2026-09-22T03:56:16.194+0000] {processor.py:186} INFO - Started process (PID=1528) to work on /opt/airflow/dags/load_kalimantan_postgres.py
[2026-09-22T03:56:16.195+0000] {processor.py:914} INFO - Processing file /opt/airflow/dags/load_kalimantan_postgres.py for tasks to queue
[2026-09-22T03:56:16.197+0000] {logging_mixin.py:190} INFO - [2026-09-22T03:56:16.196+0000] {dagbag.py:588} INFO - Filling up the DagBag from /opt/airflow/dags/load_kalimantan_postgres.py
[2026-09-22T03:56:16.231+0000] {processor.py:925} INFO - DAG(s) 'load_kalimantan_postgres' retrieved from /opt/airflow/dags/load_kalimantan_postgres.py
[2026-09-22T03:56:16.245+0000] {logging_mixin.py:190} INFO - [2026-09-22T03:56:16.245+0000] {dag.py:3239} INFO - Sync 1 DAGs
[2026-09-22T03:56:16.255+0000] {logging_mixin.py:190} INFO - [2026-09-22T03:56:16.254+0000] {dag.py:4180} INFO - Setting next_dagrun for load_kalimantan_postgres to 2026-09-22 02:00:00+00:00, run_after=2026-09-23 02:00:00+00:00
[2026-09-22T03:56:16.261+0000] {processor.py:208} INFO - Processing /opt/airflow/dags/load_kalimantan_postgres.py took 0.072 seconds
[2026-09-22T03:56:46.591+0000] {processor.py:186} INFO - Started process (PID=1538) to work on /opt/airflow/dags/load_kalimantan_postgres.py
[2026-09-22T03:56:46.592+0000] {processor.py:914} INFO - Processing file /opt/airflow/dags/load_kalimantan_postgres.py for tasks to queue
[2026-09-22T03:56:46.594+0000] {logging_mixin.py:190} INFO - [2026-09-22T03:56:46.594+0000] {dagbag.py:588} INFO - Filling up the DagBag from /opt/airflow/dags/load_kalimantan_postgres.py
[2026-09-22T03:56:46.635+0000] {processor.py:925} INFO - DAG(s) 'load_kalimantan_postgres' retrieved from /opt/airflow/dags/load_kalimantan_postgres.py
[2026-09-22T03:56:46.649+0000] {logging_mixin.py:190} INFO - [2026-09-22T03:56:46.649+0000] {dag.py:3239} INFO - Sync 1 DAGs
[2026-09-22T03:56:46.659+0000] {logging_mixin.py:190} INFO - [2026-09-22T03:56:46.659+0000] {dag.py:4180} INFO - Setting next_dagrun for load_kalimantan_postgres to 2026-09-22 02:00:00+00:00, run_after=2026-09-23 02:00:00+00:00
[2026-09-22T03:56:46.666+0000] {processor.py:208} INFO - Processing /opt/airflow/dags/load_kalimantan_postgres.py took 0.083 seconds
[2026-09-22T03:57:17.001+0000] {processor.py:186} INFO - Started process (PID=1548) to work on /opt/airflow/dags/load_kalimantan_postgres.py
[2026-09-22T03:57:17.002+0000] {processor.py:914} INFO - Processing file /opt/airflow/dags/load_kalimantan_postgres.py for tasks to queue
[2026-09-22T03:57:17.004+0000] {logging_mixin.py:190} INFO - [2026-09-22T03:57:17.004+0000] {dagbag.py:588} INFO - Filling up the DagBag from /opt/airflow/dags/load_kalimantan_postgres.py
[2026-09-22T03:57:17.040+0000] {processor.py:925} INFO - DAG(s) 'load_kalimantan_postgres' retrieved from /opt/airflow/dags/load_kalimantan_postgres.py
[2026-09-22T03:57:17.054+0000] {logging_mixin.py:190} INFO - [2026-09-22T03:57:17.054+0000] {dag.py:3239} INFO - Sync 1 DAGs
[2026-09-22T03:57:17.063+0000] {logging_mixin.py:190} INFO - [2026-09-22T03:57:17.063+0000] {dag.py:4180} INFO - Setting next_dagrun for load_kalimantan_postgres to 2026-09-22 02:00:00+00:00, run_after=2026-09-23 02:00:00+00:00
[2026-09-22T03:57:17.069+0000] {processor.py:208} INFO - Processing /opt/airflow/dags/load_kalimantan_postgres.py took 0.075 seconds
[2026-09-22T03:57:47.408+0000] {processor.py:186} INFO - Started process (PID=1558) to work on /opt/airflow/dags/load_kalimantan_postgres.py
[2026-09-22T03:57:47.409+0000] {processor.py:914} INFO - Processing file /opt/airflow/dags/load_kalimantan_postgres.py for tasks to queue
[2026-09-22T03:57:47.411+0000] {logging_mixin.py:190} INFO - [2026-09-22T03:57:47.411+0000] {dagbag.py:588} INFO - Filling up the DagBag from /opt/airflow/dags/load_kalimantan_postgres.py
[2026-09-22T03:57:47.450+0000] {processor.py:925} INFO - DAG(s) 'load_kalimantan_postgres' retrieved from /opt/airflow/dags/load_kalimantan_postgres.py
[2026-09-22T03:57:47.464+0000] {logging_mixin.py:190} INFO - [2026-09-22T03:57:47.464+0000] {dag.py:3239} INFO - Sync 1 DAGs
[2026-09-22T03:57:47.474+0000] {logging_mixin.py:190} INFO - [2026-09-22T03:57:47.474+0000] {dag.py:4180} INFO - Setting next_dagrun for load_kalimantan_postgres to 2026-09-22 02:00:00+00:00, run_after=2026-09-23 02:00:00+00:00
[2026-09-22T03:57:47.480+0000] {processor.py:208} INFO - Processing /opt/airflow/dags/load_kalimantan_postgres.py took 0.078 seconds
[2026-09-22T03:58:17.837+0000] {processor.py:186} INFO - Started process (PID=1568) to work on /opt/airflow/dags/load_kalimantan_postgres.py
[2026-09-22T03:58:17.838+0000] {processor.py:914} INFO - Processing file /opt/airflow/dags/load_kalimantan_postgres.py for tasks to queue
[2026-09-22T03:58:17.840+0000] {logging_mixin.py:190} INFO - [2026-09-22T03:58:17.840+0000] {dagbag.py:588} INFO - Filling up the DagBag from /opt/airflow/dags/load_kalimantan_postgres.py
[2026-09-22T03:58:17.877+0000] {processor.py:925} INFO - DAG(s) 'load_kalimantan_postgres' retrieved from /opt/airflow/dags/load_kalimantan_postgres.py
[2026-09-22T03:58:17.891+0000] {logging_mixin.py:190} INFO - [2026-09-22T03:58:17.891+0000] {dag.py:3239} INFO - Sync 1 DAGs
[2026-09-22T03:58:17.901+0000] {logging_mixin.py:190} INFO - [2026-09-22T03:58:17.901+0000] {dag.py:4180} INFO - Setting next_dagrun for load_kalimantan_postgres to 2026-09-22 02:00:00+00:00, run_after=2026-09-23 02:00:00+00:00
[2026-09-22T03:58:17.908+0000] {processor.py:208} INFO - Processing /opt/airflow/dags/load_kalimantan_postgres.py took 0.078 seconds
[2026-09-22T03:58:48.283+0000] {processor.py:186} INFO - Started process (PID=1578) to work on /opt/airflow/dags/load_kalimantan_postgres.py
[2026-09-22T03:58:48.284+0000] {processor.py:914} INFO - Processing file /opt/airflow/dags/load_kalimantan_postgres.py for tasks to queue
[2026-09-22T03:58:48.286+0000] {logging_mixin.py:190} INFO - [2026-09-22T03:58:48.286+0000] {dagbag.py:588} INFO - Filling up the DagBag from /opt/airflow/dags/load_kalimantan_postgres.py
[2026-09-22T03:58:48.322+0000] {processor.py:925} INFO - DAG(s) 'load_kalimantan_postgres' retrieved from /opt/airflow/dags/load_kalimantan_postgres.py
[2026-09-22T03:58:48.336+0000] {logging_mixin.py:190} INFO - [2026-09-22T03:58:48.336+0000] {dag.py:3239} INFO - Sync 1 DAGs
[2026-09-22T03:58:48.346+0000] {logging_mixin.py:190} INFO - [2026-09-22T03:58:48.346+0000] {dag.py:4180} INFO - Setting next_dagrun for load_kalimantan_postgres to 2026-09-22 02:00:00+00:00, run_after=2026-09-23 02:00:00+00:00
[2026-09-22T03:58:48.352+0000] {processor.py:208} INFO - Processing /opt/airflow/dags/load_kalimantan_postgres.py took 0.075 seconds
[2026-09-22T03:59:18.715+0000] {processor.py:186} INFO - Started process (PID=1588) to work on /opt/airflow/dags/load_kalimantan_postgres.py
[2026-09-22T03:59:18.716+0000] {processor.py:914} INFO - Processing file /opt/airflow/dags/load_kalimantan_postgres.py for tasks to queue
[2026-09-22T03:59:18.718+0000] {logging_mixin.py:190} INFO - [2026-09-22T03:59:18.718+0000] {dagbag.py:588} INFO - Filling up the DagBag from /opt/airflow/dags/load_kalimantan_postgres.py
[2026-09-22T03:59:18.755+0000] {processor.py:925} INFO - DAG(s) 'load_kalimantan_postgres' retrieved from /opt/airflow/dags/load_kalimantan_postgres.py
[2026-09-22T03:59:18.770+0000] {logging_mixin.py:190} INFO - [2026-09-22T03:59:18.770+0000] {dag.py:3239} INFO - Sync 1 DAGs
[2026-09-22T03:59:18.780+0000] {logging_mixin.py:190} INFO - [2026-09-22T03:59:18.779+0000] {dag.py:4180} INFO - Setting next_dagrun for load_kalimantan_postgres to 2026-09-22 02:00:00+00:00, run_after=2026-09-23 02:00:00+00:00
[2026-09-22T03:59:18.786+0000] {processor.py:208} INFO - Processing /opt/airflow/dags/load_kalimantan_postgres.py took 0.080 seconds
[2026-09-22T03:59:49.195+0000] {processor.py:186} INFO - Started process (PID=1598) to work on /opt/airflow/dags/load_kalimantan_postgres.py
[2026-09-22T03:59:49.196+0000] {processor.py:914} INFO - Processing file /opt/airflow/dags/load_kalimantan_postgres.py for tasks to queue
[2026-09-22T03:59:49.200+0000] {logging_mixin.py:190} INFO - [2026-09-22T03:59:49.200+0000] {dagbag.py:588} INFO - Filling up the DagBag from /opt/airflow/dags/load_kalimantan_postgres.py
[2026-09-22T03:59:49.235+0000] {processor.py:925} INFO - DAG(s) 'load_kalimantan_postgres' retrieved from /opt/airflow/dags/load_kalimantan_postgres.py
[2026-09-22T03:59:49.249+0000] {logging_mixin.py:190} INFO - [2026-09-22T03:59:49.249+0000] {dag.py:3239} INFO - Sync 1 DAGs
[2026-09-22T03:59:49.259+0000] {logging_mixin.py:190} INFO - [2026-09-22T03:59:49.258+0000] {dag.py:4180} INFO - Setting next_dagrun for load_kalimantan_postgres to 2026-09-22 02:00:00+00:00, run_after=2026-09-23 02:00:00+00:00
[2026-09-22T03:59:49.265+0000] {processor.py:208} INFO - Processing /opt/airflow/dags/load_kalimantan_postgres.py took 0.077 seconds
[2026-09-22T04:00:19.660+0000] {processor.py:186} INFO - Started process (PID=1608) to work on /opt/airflow/dags/load_kalimantan_postgres.py
[2026-09-22T04:00:19.661+0000] {processor.py:914} INFO - Processing file /opt/airflow/dags/load_kalimantan_postgres.py for tasks to queue
[2026-09-22T04:00:19.663+0000] {logging_mixin.py:190} INFO - [2026-09-22T04:00:19.662+0000] {dagbag.py:588} INFO - Filling up the DagBag from /opt/airflow/dags/load_kalimantan_postgres.py
[2026-09-22T04:00:19.699+0000] {processor.py:925} INFO - DAG(s) 'load_kalimantan_postgres' retrieved from /opt/airflow/dags/load_kalimantan_postgres.py
[2026-09-22T04:00:19.714+0000] {logging_mixin.py:190} INFO - [2026-09-22T04:00:19.714+0000] {dag.py:3239} INFO - Sync 1 DAGs
[2026-09-22T04:00:19.723+0000] {logging_mixin.py:190} INFO - [2026-09-22T04:00:19.723+0000] {dag.py:4180} INFO - Setting next_dagrun for load_kalimantan_postgres to 2026-09-22 02:00:00+00:00, run_after=2026-09-23 02:00:00+00:00
[2026-09-22T04:00:19.730+0000] {processor.py:208} INFO - Processing /opt/airflow/dags/load_kalimantan_postgres.py took 0.078 seconds
[2026-09-22T04:00:50.128+0000] {processor.py:186} INFO - Started process (PID=1618) to work on /opt/airflow/dags/load_kalimantan_postgres.py
[2026-09-22T04:00:50.129+0000] {processor.py:914} INFO - Processing file /opt/airflow/dags/load_kalimantan_postgres.py for tasks to queue
[2026-09-22T04:00:50.130+0000] {logging_mixin.py:190} INFO - [2026-09-22T04:00:50.130+0000] {dagbag.py:588} INFO - Filling up the DagBag from /opt/airflow/dags/load_kalimantan_postgres.py
[2026-09-22T04:00:50.160+0000] {processor.py:925} INFO - DAG(s) 'load_kalimantan_postgres' retrieved from /opt/airflow/dags/load_kalimantan_postgres.py
[2026-09-22T04:00:50.174+0000] {logging_mixin.py:190} INFO - [2026-09-22T04:00:50.174+0000] {dag.py:3239} INFO - Sync 1 DAGs
[2026-09-22T04:00:50.183+0000] {logging_mixin.py:190} INFO - [2026-09-22T04:00:50.183+0000] {dag.py:4180} INFO - Setting next_dagrun for load_kalimantan_postgres to 2026-09-22 02:00:00+00:00, run_after=2026-09-23 02:00:00+00:00
[2026-09-22T04:00:50.190+0000] {processor.py:208} INFO - Processing /opt/airflow/dags/load_kalimantan_postgres.py took 0.065 seconds
[2026-09-22T04:01:20.624+0000] {processor.py:186} INFO - Started process (PID=1628) to work on /opt/airflow/dags/load_kalimantan_postgres.py
[2026-09-22T04:01:20.625+0000] {processor.py:914} INFO - Processing file /opt/airflow/dags/load_kalimantan_postgres.py for tasks to queue
[2026-09-22T04:01:20.627+0000] {logging_mixin.py:190} INFO - [2026-09-22T04:01:20.627+0000] {dagbag.py:588} INFO - Filling up the DagBag from /opt/airflow/dags/load_kalimantan_postgres.py
[2026-09-22T04:01:20.665+0000] {processor.py:925} INFO - DAG(s) 'load_kalimantan_postgres' retrieved from /opt/airflow/dags/load_kalimantan_postgres.py
[2026-09-22T04:01:20.680+0000] {logging_mixin.py:190} INFO - [2026-09-22T04:01:20.680+0000] {dag.py:3239} INFO - Sync 1 DAGs
[2026-09-22T04:01:20.694+0000] {logging_mixin.py:190} INFO - [2026-09-22T04:01:20.694+0000] {dag.py:4180} INFO - Setting next_dagrun for load_kalimantan_postgres to 2026-09-22 02:00:00+00:00, run_after=2026-09-23 02:00:00+00:00
[2026-09-22T04:01:20.702+0000] {processor.py:208} INFO - Processing /opt/airflow/dags/load_kalimantan_postgres.py took 0.085 seconds
[2026-09-22T04:01:51.085+0000] {processor.py:186} INFO - Started process (PID=1638) to work on /opt/airflow/dags/load_kalimantan_postgres.py
[2026-09-22T04:01:51.086+0000] {processor.py:914} INFO - Processing file /opt/airflow/dags/load_kalimantan_postgres.py for tasks to queue
[2026-09-22T04:01:51.087+0000] {logging_mixin.py:190} INFO - [2026-09-22T04:01:51.087+0000] {dagbag.py:588} INFO - Filling up the DagBag from /opt/airflow/dags/load_kalimantan_postgres.py
[2026-09-22T04:01:51.120+0000] {processor.py:925} INFO - DAG(s) 'load_kalimantan_postgres' retrieved from /opt/airflow/dags/load_kalimantan_postgres.py
[2026-09-22T04:01:51.137+0000] {logging_mixin.py:190} INFO - [2026-09-22T04:01:51.137+0000] {dag.py:3239} INFO - Sync 1 DAGs
[2026-09-22T04:01:51.147+0000] {logging_mixin.py:190} INFO - [2026-09-22T04:01:51.147+0000] {dag.py:4180} INFO - Setting next_dagrun for load_kalimantan_postgres to 2026-09-22 02:00:00+00:00, run_after=2026-09-23 02:00:00+00:00
[2026-09-22T04:01:51.154+0000] {processor.py:208} INFO - Processing /opt/airflow/dags/load_kalimantan_postgres.py took 0.074 seconds
[2026-09-22T04:02:21.528+0000] {processor.py:186} INFO - Started process (PID=1648) to work on /opt/airflow/dags/load_kalimantan_postgres.py
[2026-09-22T04:02:21.529+0000] {processor.py:914} INFO - Processing file /opt/airflow/dags/load_kalimantan_postgres.py for tasks to queue
[2026-09-22T04:02:21.532+0000] {logging_mixin.py:190} INFO - [2026-09-22T04:02:21.532+0000] {dagbag.py:588} INFO - Filling up the DagBag from /opt/airflow/dags/load_kalimantan_postgres.py
[2026-09-22T04:02:21.575+0000] {processor.py:925} INFO - DAG(s) 'load_kalimantan_postgres' retrieved from /opt/airflow/dags/load_kalimantan_postgres.py
[2026-09-22T04:02:21.592+0000] {logging_mixin.py:190} INFO - [2026-09-22T04:02:21.592+0000] {dag.py:3239} INFO - Sync 1 DAGs
[2026-09-22T04:02:21.603+0000] {logging_mixin.py:190} INFO - [2026-09-22T04:02:21.603+0000] {dag.py:4180} INFO - Setting next_dagrun for load_kalimantan_postgres to 2026-09-22 02:00:00+00:00, run_after=2026-09-23 02:00:00+00:00
[2026-09-22T04:02:21.610+0000] {processor.py:208} INFO - Processing /opt/airflow/dags/load_kalimantan_postgres.py took 0.090 seconds
[2026-09-22T04:02:51.889+0000] {processor.py:186} INFO - Started process (PID=1658) to work on /opt/airflow/dags/load_kalimantan_postgres.py
[2026-09-22T04:02:51.890+0000] {processor.py:914} INFO - Processing file /opt/airflow/dags/load_kalimantan_postgres.py for tasks to queue
[2026-09-22T04:02:51.892+0000] {logging_mixin.py:190} INFO - [2026-09-22T04:02:51.892+0000] {dagbag.py:588} INFO - Filling up the DagBag from /opt/airflow/dags/load_kalimantan_postgres.py
[2026-09-22T04:02:51.930+0000] {processor.py:925} INFO - DAG(s) 'load_kalimantan_postgres' retrieved from /opt/airflow/dags/load_kalimantan_postgres.py
[2026-09-22T04:02:51.952+0000] {logging_mixin.py:190} INFO - [2026-09-22T04:02:51.952+0000] {dag.py:3239} INFO - Sync 1 DAGs
[2026-09-22T04:02:51.964+0000] {logging_mixin.py:190} INFO - [2026-09-22T04:02:51.964+0000] {dag.py:4180} INFO - Setting next_dagrun for load_kalimantan_postgres to 2026-09-22 02:00:00+00:00, run_after=2026-09-23 02:00:00+00:00
[2026-09-22T04:02:51.972+0000] {processor.py:208} INFO - Processing /opt/airflow/dags/load_kalimantan_postgres.py took 0.090 seconds
[2026-09-22T04:03:22.379+0000] {processor.py:186} INFO - Started process (PID=1668) to work on /opt/airflow/dags/load_kalimantan_postgres.py
[2026-09-22T04:03:22.380+0000] {processor.py:914} INFO - Processing file /opt/airflow/dags/load_kalimantan_postgres.py for tasks to queue
[2026-09-22T04:03:22.381+0000] {logging_mixin.py:190} INFO - [2026-09-22T04:03:22.381+0000] {dagbag.py:588} INFO - Filling up the DagBag from /opt/airflow/dags/load_kalimantan_postgres.py
[2026-09-22T04:03:22.418+0000] {processor.py:925} INFO - DAG(s) 'load_kalimantan_postgres' retrieved from /opt/airflow/dags/load_kalimantan_postgres.py
[2026-09-22T04:03:22.431+0000] {logging_mixin.py:190} INFO - [2026-09-22T04:03:22.431+0000] {dag.py:3239} INFO - Sync 1 DAGs
[2026-09-22T04:03:22.441+0000] {logging_mixin.py:190} INFO - [2026-09-22T04:03:22.441+0000] {dag.py:4180} INFO - Setting next_dagrun for load_kalimantan_postgres to 2026-09-22 02:00:00+00:00, run_after=2026-09-23 02:00:00+00:00
[2026-09-22T04:03:22.447+0000] {processor.py:208} INFO - Processing /opt/airflow/dags/load_kalimantan_postgres.py took 0.076 seconds
[2026-09-22T04:03:52.848+0000] {processor.py:186} INFO - Started process (PID=1678) to work on /opt/airflow/dags/load_kalimantan_postgres.py
[2026-09-22T04:03:52.849+0000] {processor.py:914} INFO - Processing file /opt/airflow/dags/load_kalimantan_postgres.py for tasks to queue
[2026-09-22T04:03:52.851+0000] {logging_mixin.py:190} INFO - [2026-09-22T04:03:52.851+0000] {dagbag.py:588} INFO - Filling up the DagBag from /opt/airflow/dags/load_kalimantan_postgres.py
[2026-09-22T04:03:52.887+0000] {processor.py:925} INFO - DAG(s) 'load_kalimantan_postgres' retrieved from /opt/airflow/dags/load_kalimantan_postgres.py
[2026-09-22T04:03:52.901+0000] {logging_mixin.py:190} INFO - [2026-09-22T04:03:52.901+0000] {dag.py:3239} INFO - Sync 1 DAGs
[2026-09-22T04:03:52.911+0000] {logging_mixin.py:190} INFO - [2026-09-22T04:03:52.911+0000] {dag.py:4180} INFO - Setting next_dagrun for load_kalimantan_postgres to 2026-09-22 02:00:00+00:00, run_after=2026-09-23 02:00:00+00:00
[2026-09-22T04:03:52.917+0000] {processor.py:208} INFO - Processing /opt/airflow/dags/load_kalimantan_postgres.py took 0.077 seconds
[2026-09-22T04:04:23.384+0000] {processor.py:186} INFO - Started process (PID=1688) to work on /opt/airflow/dags/load_kalimantan_postgres.py
[2026-09-22T04:04:23.386+0000] {processor.py:914} INFO - Processing file /opt/airflow/dags/load_kalimantan_postgres.py for tasks to queue
[2026-09-22T04:04:23.398+0000] {logging_mixin.py:190} INFO - [2026-09-22T04:04:23.397+0000] {dagbag.py:588} INFO - Filling up the DagBag from /opt/airflow/dags/load_kalimantan_postgres.py
[2026-09-22T04:04:23.453+0000] {processor.py:925} INFO - DAG(s) 'load_kalimantan_postgres' retrieved from /opt/airflow/dags/load_kalimantan_postgres.py
[2026-09-22T04:04:23.478+0000] {logging_mixin.py:190} INFO - [2026-09-22T04:04:23.478+0000] {dag.py:3239} INFO - Sync 1 DAGs
[2026-09-22T04:04:23.495+0000] {logging_mixin.py:190} INFO - [2026-09-22T04:04:23.495+0000] {dag.py:4180} INFO - Setting next_dagrun for load_kalimantan_postgres to 2026-09-22 02:00:00+00:00, run_after=2026-09-23 02:00:00+00:00
[2026-09-22T04:04:23.503+0000] {processor.py:208} INFO - Processing /opt/airflow/dags/load_kalimantan_postgres.py took 0.129 seconds
[2026-09-22T04:04:53.850+0000] {processor.py:186} INFO - Started process (PID=1698) to work on /opt/airflow/dags/load_kalimantan_postgres.py
[2026-09-22T04:04:53.850+0000] {processor.py:914} INFO - Processing file /opt/airflow/dags/load_kalimantan_postgres.py for tasks to queue
[2026-09-22T04:04:53.852+0000] {logging_mixin.py:190} INFO - [2026-09-22T04:04:53.852+0000] {dagbag.py:588} INFO - Filling up the DagBag from /opt/airflow/dags/load_kalimantan_postgres.py
[2026-09-22T04:04:53.887+0000] {processor.py:925} INFO - DAG(s) 'load_kalimantan_postgres' retrieved from /opt/airflow/dags/load_kalimantan_postgres.py
[2026-09-22T04:04:53.902+0000] {logging_mixin.py:190} INFO - [2026-09-22T04:04:53.902+0000] {dag.py:3239} INFO - Sync 1 DAGs
[2026-09-22T04:04:53.911+0000] {logging_mixin.py:190} INFO - [2026-09-22T04:04:53.911+0000] {dag.py:4180} INFO - Setting next_dagrun for load_kalimantan_postgres to 2026-09-22 02:00:00+00:00, run_after=2026-09-23 02:00:00+00:00
[2026-09-22T04:04:53.918+0000] {processor.py:208} INFO - Processing /opt/airflow/dags/load_kalimantan_postgres.py took 0.075 seconds
[2026-09-22T04:05:24.353+0000] {processor.py:186} INFO - Started process (PID=1708) to work on /opt/airflow/dags/load_kalimantan_postgres.py
[2026-09-22T04:05:24.354+0000] {processor.py:914} INFO - Processing file /opt/airflow/dags/load_kalimantan_postgres.py for tasks to queue
[2026-09-22T04:05:24.356+0000] {logging_mixin.py:190} INFO - [2026-09-22T04:05:24.356+0000] {dagbag.py:588} INFO - Filling up the DagBag from /opt/airflow/dags/load_kalimantan_postgres.py
[2026-09-22T04:05:24.391+0000] {processor.py:925} INFO - DAG(s) 'load_kalimantan_postgres' retrieved from /opt/airflow/dags/load_kalimantan_postgres.py
[2026-09-22T04:05:24.405+0000] {logging_mixin.py:190} INFO - [2026-09-22T04:05:24.405+0000] {dag.py:3239} INFO - Sync 1 DAGs
[2026-09-22T04:05:24.415+0000] {logging_mixin.py:190} INFO - [2026-09-22T04:05:24.415+0000] {dag.py:4180} INFO - Setting next_dagrun for load_kalimantan_postgres to 2026-09-22 02:00:00+00:00, run_after=2026-09-23 02:00:00+00:00
[2026-09-22T04:05:24.423+0000] {processor.py:208} INFO - Processing /opt/airflow/dags/load_kalimantan_postgres.py took 0.077 seconds
[2026-09-22T04:05:54.801+0000] {processor.py:186} INFO - Started process (PID=1718) to work on /opt/airflow/dags/load_kalimantan_postgres.py
[2026-09-22T04:05:54.802+0000] {processor.py:914} INFO - Processing file /opt/airflow/dags/load_kalimantan_postgres.py for tasks to queue
[2026-09-22T04:05:54.803+0000] {logging_mixin.py:190} INFO - [2026-09-22T04:05:54.803+0000] {dagbag.py:588} INFO - Filling up the DagBag from /opt/airflow/dags/load_kalimantan_postgres.py
[2026-09-22T04:05:54.830+0000] {processor.py:925} INFO - DAG(s) 'load_kalimantan_postgres' retrieved from /opt/airflow/dags/load_kalimantan_postgres.py
[2026-09-22T04:05:54.843+0000] {logging_mixin.py:190} INFO - [2026-09-22T04:05:54.843+0000] {dag.py:3239} INFO - Sync 1 DAGs
[2026-09-22T04:05:54.852+0000] {logging_mixin.py:190} INFO - [2026-09-22T04:05:54.852+0000] {dag.py:4180} INFO - Setting next_dagrun for load_kalimantan_postgres to 2026-09-22 02:00:00+00:00, run_after=2026-09-23 02:00:00+00:00
[2026-09-22T04:05:54.859+0000] {processor.py:208} INFO - Processing /opt/airflow/dags/load_kalimantan_postgres.py took 0.061 seconds
[2026-09-22T04:06:25.312+0000] {processor.py:186} INFO - Started process (PID=1728) to work on /opt/airflow/dags/load_kalimantan_postgres.py
[2026-09-22T04:06:25.314+0000] {processor.py:914} INFO - Processing file /opt/airflow/dags/load_kalimantan_postgres.py for tasks to queue
[2026-09-22T04:06:25.316+0000] {logging_mixin.py:190} INFO - [2026-09-22T04:06:25.316+0000] {dagbag.py:588} INFO - Filling up the DagBag from /opt/airflow/dags/load_kalimantan_postgres.py
[2026-09-22T04:06:25.354+0000] {processor.py:925} INFO - DAG(s) 'load_kalimantan_postgres' retrieved from /opt/airflow/dags/load_kalimantan_postgres.py
[2026-09-22T04:06:25.369+0000] {logging_mixin.py:190} INFO - [2026-09-22T04:06:25.369+0000] {dag.py:3239} INFO - Sync 1 DAGs
[2026-09-22T04:06:25.379+0000] {logging_mixin.py:190} INFO - [2026-09-22T04:06:25.379+0000] {dag.py:4180} INFO - Setting next_dagrun for load_kalimantan_postgres to 2026-09-22 02:00:00+00:00, run_after=2026-09-23 02:00:00+00:00
[2026-09-22T04:06:25.386+0000] {processor.py:208} INFO - Processing /opt/airflow/dags/load_kalimantan_postgres.py took 0.084 seconds
[2026-09-22T04:06:55.823+0000] {processor.py:186} INFO - Started process (PID=1738) to work on /opt/airflow/dags/load_kalimantan_postgres.py
[2026-09-22T04:06:55.824+0000] {processor.py:914} INFO - Processing file /opt/airflow/dags/load_kalimantan_postgres.py for tasks to queue
[2026-09-22T04:06:55.825+0000] {logging_mixin.py:190} INFO - [2026-09-22T04:06:55.825+0000] {dagbag.py:588} INFO - Filling up the DagBag from /opt/airflow/dags/load_kalimantan_postgres.py
[2026-09-22T04:06:55.861+0000] {processor.py:925} INFO - DAG(s) 'load_kalimantan_postgres' retrieved from /opt/airflow/dags/load_kalimantan_postgres.py
[2026-09-22T04:06:55.876+0000] {logging_mixin.py:190} INFO - [2026-09-22T04:06:55.876+0000] {dag.py:3239} INFO - Sync 1 DAGs
[2026-09-22T04:06:55.886+0000] {logging_mixin.py:190} INFO - [2026-09-22T04:06:55.886+0000] {dag.py:4180} INFO - Setting next_dagrun for load_kalimantan_postgres to 2026-09-22 02:00:00+00:00, run_after=2026-09-23 02:00:00+00:00
[2026-09-22T04:06:55.892+0000] {processor.py:208} INFO - Processing /opt/airflow/dags/load_kalimantan_postgres.py took 0.075 seconds
[2026-09-22T04:07:26.219+0000] {processor.py:186} INFO - Started process (PID=1748) to work on /opt/airflow/dags/load_kalimantan_postgres.py
[2026-09-22T04:07:26.220+0000] {processor.py:914} INFO - Processing file /opt/airflow/dags/load_kalimantan_postgres.py for tasks to queue
[2026-09-22T04:07:26.222+0000] {logging_mixin.py:190} INFO - [2026-09-22T04:07:26.221+0000] {dagbag.py:588} INFO - Filling up the DagBag from /opt/airflow/dags/load_kalimantan_postgres.py
[2026-09-22T04:07:26.257+0000] {processor.py:925} INFO - DAG(s) 'load_kalimantan_postgres' retrieved from /opt/airflow/dags/load_kalimantan_postgres.py
[2026-09-22T04:07:26.272+0000] {logging_mixin.py:190} INFO - [2026-09-22T04:07:26.271+0000] {dag.py:3239} INFO - Sync 1 DAGs
[2026-09-22T04:07:26.281+0000] {logging_mixin.py:190} INFO - [2026-09-22T04:07:26.281+0000] {dag.py:4180} INFO - Setting next_dagrun for load_kalimantan_postgres to 2026-09-22 02:00:00+00:00, run_after=2026-09-23 02:00:00+00:00
[2026-09-22T04:07:26.287+0000] {processor.py:208} INFO - Processing /opt/airflow/dags/load_kalimantan_postgres.py took 0.077 seconds
[2026-09-22T04:07:56.675+0000] {processor.py:186} INFO - Started process (PID=1758) to work on /opt/airflow/dags/load_kalimantan_postgres.py
[2026-09-22T04:07:56.675+0000] {processor.py:914} INFO - Processing file /opt/airflow/dags/load_kalimantan_postgres.py for tasks to queue
[2026-09-22T04:07:56.677+0000] {logging_mixin.py:190} INFO - [2026-09-22T04:07:56.677+0000] {dagbag.py:588} INFO - Filling up the DagBag from /opt/airflow/dags/load_kalimantan_postgres.py
[2026-09-22T04:07:56.716+0000] {processor.py:925} INFO - DAG(s) 'load_kalimantan_postgres' retrieved from /opt/airflow/dags/load_kalimantan_postgres.py
[2026-09-22T04:07:56.730+0000] {logging_mixin.py:190} INFO - [2026-09-22T04:07:56.730+0000] {dag.py:3239} INFO - Sync 1 DAGs
[2026-09-22T04:07:56.739+0000] {logging_mixin.py:190} INFO - [2026-09-22T04:07:56.739+0000] {dag.py:4180} INFO - Setting next_dagrun for load_kalimantan_postgres to 2026-09-22 02:00:00+00:00, run_after=2026-09-23 02:00:00+00:00
[2026-09-22T04:07:56.747+0000] {processor.py:208} INFO - Processing /opt/airflow/dags/load_kalimantan_postgres.py took 0.079 seconds
[2026-09-22T04:08:27.088+0000] {processor.py:186} INFO - Started process (PID=1768) to work on /opt/airflow/dags/load_kalimantan_postgres.py
[2026-09-22T04:08:27.089+0000] {processor.py:914} INFO - Processing file /opt/airflow/dags/load_kalimantan_postgres.py for tasks to queue
[2026-09-22T04:08:27.091+0000] {logging_mixin.py:190} INFO - [2026-09-22T04:08:27.091+0000] {dagbag.py:588} INFO - Filling up the DagBag from /opt/airflow/dags/load_kalimantan_postgres.py
[2026-09-22T04:08:27.127+0000] {processor.py:925} INFO - DAG(s) 'load_kalimantan_postgres' retrieved from /opt/airflow/dags/load_kalimantan_postgres.py
[2026-09-22T04:08:27.141+0000] {logging_mixin.py:190} INFO - [2026-09-22T04:08:27.141+0000] {dag.py:3239} INFO - Sync 1 DAGs
[2026-09-22T04:08:27.151+0000] {logging_mixin.py:190} INFO - [2026-09-22T04:08:27.151+0000] {dag.py:4180} INFO - Setting next_dagrun for load_kalimantan_postgres to 2026-09-22 02:00:00+00:00, run_after=2026-09-23 02:00:00+00:00
[2026-09-22T04:08:27.158+0000] {processor.py:208} INFO - Processing /opt/airflow/dags/load_kalimantan_postgres.py took 0.077 seconds
[2026-09-22T04:08:57.506+0000] {processor.py:186} INFO - Started process (PID=1778) to work on /opt/airflow/dags/load_kalimantan_postgres.py
[2026-09-22T04:08:57.507+0000] {processor.py:914} INFO - Processing file /opt/airflow/dags/load_kalimantan_postgres.py for tasks to queue
[2026-09-22T04:08:57.509+0000] {logging_mixin.py:190} INFO - [2026-09-22T04:08:57.508+0000] {dagbag.py:588} INFO - Filling up the DagBag from /opt/airflow/dags/load_kalimantan_postgres.py
[2026-09-22T04:08:57.547+0000] {processor.py:925} INFO - DAG(s) 'load_kalimantan_postgres' retrieved from /opt/airflow/dags/load_kalimantan_postgres.py
[2026-09-22T04:08:57.562+0000] {logging_mixin.py:190} INFO - [2026-09-22T04:08:57.562+0000] {dag.py:3239} INFO - Sync 1 DAGs
[2026-09-22T04:08:57.571+0000] {logging_mixin.py:190} INFO - [2026-09-22T04:08:57.571+0000] {dag.py:4180} INFO - Setting next_dagrun for load_kalimantan_postgres to 2026-09-22 02:00:00+00:00, run_after=2026-09-23 02:00:00+00:00
[2026-09-22T04:08:57.577+0000] {processor.py:208} INFO - Processing /opt/airflow/dags/load_kalimantan_postgres.py took 0.079 seconds
[2026-09-22T04:09:27.990+0000] {processor.py:186} INFO - Started process (PID=1788) to work on /opt/airflow/dags/load_kalimantan_postgres.py
[2026-09-22T04:09:27.991+0000] {processor.py:914} INFO - Processing file /opt/airflow/dags/load_kalimantan_postgres.py for tasks to queue
[2026-09-22T04:09:27.993+0000] {logging_mixin.py:190} INFO - [2026-09-22T04:09:27.993+0000] {dagbag.py:588} INFO - Filling up the DagBag from /opt/airflow/dags/load_kalimantan_postgres.py
[2026-09-22T04:09:28.030+0000] {processor.py:925} INFO - DAG(s) 'load_kalimantan_postgres' retrieved from /opt/airflow/dags/load_kalimantan_postgres.py
[2026-09-22T04:09:28.046+0000] {logging_mixin.py:190} INFO - [2026-09-22T04:09:28.045+0000] {dag.py:3239} INFO - Sync 1 DAGs
[2026-09-22T04:09:28.056+0000] {logging_mixin.py:190} INFO - [2026-09-22T04:09:28.056+0000] {dag.py:4180} INFO - Setting next_dagrun for load_kalimantan_postgres to 2026-09-22 02:00:00+00:00, run_after=2026-09-23 02:00:00+00:00
[2026-09-22T04:09:28.062+0000] {processor.py:208} INFO - Processing /opt/airflow/dags/load_kalimantan_postgres.py took 0.078 seconds
[2026-09-22T04:09:58.410+0000] {processor.py:186} INFO - Started process (PID=1798) to work on /opt/airflow/dags/load_kalimantan_postgres.py
[2026-09-22T04:09:58.411+0000] {processor.py:914} INFO - Processing file /opt/airflow/dags/load_kalimantan_postgres.py for tasks to queue
[2026-09-22T04:09:58.414+0000] {logging_mixin.py:190} INFO - [2026-09-22T04:09:58.414+0000] {dagbag.py:588} INFO - Filling up the DagBag from /opt/airflow/dags/load_kalimantan_postgres.py
[2026-09-22T04:09:58.459+0000] {processor.py:925} INFO - DAG(s) 'load_kalimantan_postgres' retrieved from /opt/airflow/dags/load_kalimantan_postgres.py
[2026-09-22T04:09:58.477+0000] {logging_mixin.py:190} INFO - [2026-09-22T04:09:58.477+0000] {dag.py:3239} INFO - Sync 1 DAGs
[2026-09-22T04:09:58.489+0000] {logging_mixin.py:190} INFO - [2026-09-22T04:09:58.489+0000] {dag.py:4180} INFO - Setting next_dagrun for load_kalimantan_postgres to 2026-09-22 02:00:00+00:00, run_after=2026-09-23 02:00:00+00:00
[2026-09-22T04:09:58.496+0000] {processor.py:208} INFO - Processing /opt/airflow/dags/load_kalimantan_postgres.py took 0.096 seconds
[2026-09-22T04:10:28.976+0000] {processor.py:186} INFO - Started process (PID=1808) to work on /opt/airflow/dags/load_kalimantan_postgres.py
[2026-09-22T04:10:28.977+0000] {processor.py:914} INFO - Processing file /opt/airflow/dags/load_kalimantan_postgres.py for tasks to queue
[2026-09-22T04:10:28.981+0000] {logging_mixin.py:190} INFO - [2026-09-22T04:10:28.980+0000] {dagbag.py:588} INFO - Filling up the DagBag from /opt/airflow/dags/load_kalimantan_postgres.py
[2026-09-22T04:10:29.025+0000] {processor.py:925} INFO - DAG(s) 'load_kalimantan_postgres' retrieved from /opt/airflow/dags/load_kalimantan_postgres.py
[2026-09-22T04:10:29.045+0000] {logging_mixin.py:190} INFO - [2026-09-22T04:10:29.045+0000] {dag.py:3239} INFO - Sync 1 DAGs
[2026-09-22T04:10:29.058+0000] {logging_mixin.py:190} INFO - [2026-09-22T04:10:29.058+0000] {dag.py:4180} INFO - Setting next_dagrun for load_kalimantan_postgres to 2026-09-22 02:00:00+00:00, run_after=2026-09-23 02:00:00+00:00
[2026-09-22T04:10:29.066+0000] {processor.py:208} INFO - Processing /opt/airflow/dags/load_kalimantan_postgres.py took 0.102 seconds
[2026-09-22T04:10:59.437+0000] {processor.py:186} INFO - Started process (PID=1818) to work on /opt/airflow/dags/load_kalimantan_postgres.py
[2026-09-22T04:10:59.438+0000] {processor.py:914} INFO - Processing file /opt/airflow/dags/load_kalimantan_postgres.py for tasks to queue
[2026-09-22T04:10:59.441+0000] {logging_mixin.py:190} INFO - [2026-09-22T04:10:59.441+0000] {dagbag.py:588} INFO - Filling up the DagBag from /opt/airflow/dags/load_kalimantan_postgres.py
[2026-09-22T04:10:59.511+0000] {processor.py:925} INFO - DAG(s) 'load_kalimantan_postgres' retrieved from /opt/airflow/dags/load_kalimantan_postgres.py
[2026-09-22T04:10:59.539+0000] {logging_mixin.py:190} INFO - [2026-09-22T04:10:59.539+0000] {dag.py:3239} INFO - Sync 1 DAGs
[2026-09-22T04:10:59.555+0000] {logging_mixin.py:190} INFO - [2026-09-22T04:10:59.555+0000] {dag.py:4180} INFO - Setting next_dagrun for load_kalimantan_postgres to 2026-09-22 02:00:00+00:00, run_after=2026-09-23 02:00:00+00:00
[2026-09-22T04:10:59.564+0000] {processor.py:208} INFO - Processing /opt/airflow/dags/load_kalimantan_postgres.py took 0.139 seconds
[2026-09-22T04:11:29.914+0000] {processor.py:186} INFO - Started process (PID=1828) to work on /opt/airflow/dags/load_kalimantan_postgres.py
[2026-09-22T04:11:29.918+0000] {processor.py:914} INFO - Processing file /opt/airflow/dags/load_kalimantan_postgres.py for tasks to queue
[2026-09-22T04:11:29.920+0000] {logging_mixin.py:190} INFO - [2026-09-22T04:11:29.920+0000] {dagbag.py:588} INFO - Filling up the DagBag from /opt/airflow/dags/load_kalimantan_postgres.py
[2026-09-22T04:11:29.960+0000] {processor.py:925} INFO - DAG(s) 'load_kalimantan_postgres' retrieved from /opt/airflow/dags/load_kalimantan_postgres.py
[2026-09-22T04:11:29.979+0000] {logging_mixin.py:190} INFO - [2026-09-22T04:11:29.979+0000] {dag.py:3239} INFO - Sync 1 DAGs
[2026-09-22T04:11:29.990+0000] {logging_mixin.py:190} INFO - [2026-09-22T04:11:29.990+0000] {dag.py:4180} INFO - Setting next_dagrun for load_kalimantan_postgres to 2026-09-22 02:00:00+00:00, run_after=2026-09-23 02:00:00+00:00
[2026-09-22T04:11:29.997+0000] {processor.py:208} INFO - Processing /opt/airflow/dags/load_kalimantan_postgres.py took 0.093 seconds
[2026-09-22T04:12:00.309+0000] {processor.py:186} INFO - Started process (PID=1838) to work on /opt/airflow/dags/load_kalimantan_postgres.py
[2026-09-22T04:12:00.310+0000] {processor.py:914} INFO - Processing file /opt/airflow/dags/load_kalimantan_postgres.py for tasks to queue
[2026-09-22T04:12:00.312+0000] {logging_mixin.py:190} INFO - [2026-09-22T04:12:00.312+0000] {dagbag.py:588} INFO - Filling up the DagBag from /opt/airflow/dags/load_kalimantan_postgres.py
[2026-09-22T04:12:00.353+0000] {processor.py:925} INFO - DAG(s) 'load_kalimantan_postgres' retrieved from /opt/airflow/dags/load_kalimantan_postgres.py
[2026-09-22T04:12:00.371+0000] {logging_mixin.py:190} INFO - [2026-09-22T04:12:00.371+0000] {dag.py:3239} INFO - Sync 1 DAGs
[2026-09-22T04:12:00.382+0000] {logging_mixin.py:190} INFO - [2026-09-22T04:12:00.382+0000] {dag.py:4180} INFO - Setting next_dagrun for load_kalimantan_postgres to 2026-09-22 02:00:00+00:00, run_after=2026-09-23 02:00:00+00:00
[2026-09-22T04:12:00.390+0000] {processor.py:208} INFO - Processing /opt/airflow/dags/load_kalimantan_postgres.py took 0.089 seconds
[2026-09-22T04:12:30.787+0000] {processor.py:186} INFO - Started process (PID=1848) to work on /opt/airflow/dags/load_kalimantan_postgres.py
[2026-09-22T04:12:30.788+0000] {processor.py:914} INFO - Processing file /opt/airflow/dags/load_kalimantan_postgres.py for tasks to queue
[2026-09-22T04:12:30.790+0000] {logging_mixin.py:190} INFO - [2026-09-22T04:12:30.790+0000] {dagbag.py:588} INFO - Filling up the DagBag from /opt/airflow/dags/load_kalimantan_postgres.py
[2026-09-22T04:12:30.826+0000] {processor.py:925} INFO - DAG(s) 'load_kalimantan_postgres' retrieved from /opt/airflow/dags/load_kalimantan_postgres.py
[2026-09-22T04:12:30.842+0000] {logging_mixin.py:190} INFO - [2026-09-22T04:12:30.842+0000] {dag.py:3239} INFO - Sync 1 DAGs
[2026-09-22T04:12:30.852+0000] {logging_mixin.py:190} INFO - [2026-09-22T04:12:30.852+0000] {dag.py:4180} INFO - Setting next_dagrun for load_kalimantan_postgres to 2026-09-22 02:00:00+00:00, run_after=2026-09-23 02:00:00+00:00
[2026-09-22T04:12:30.859+0000] {processor.py:208} INFO - Processing /opt/airflow/dags/load_kalimantan_postgres.py took 0.081 seconds
[2026-09-22T04:13:01.217+0000] {processor.py:186} INFO - Started process (PID=1858) to work on /opt/airflow/dags/load_kalimantan_postgres.py
[2026-09-22T04:13:01.218+0000] {processor.py:914} INFO - Processing file /opt/airflow/dags/load_kalimantan_postgres.py for tasks to queue
[2026-09-22T04:13:01.221+0000] {logging_mixin.py:190} INFO - [2026-09-22T04:13:01.221+0000] {dagbag.py:588} INFO - Filling up the DagBag from /opt/airflow/dags/load_kalimantan_postgres.py
[2026-09-22T04:13:01.264+0000] {processor.py:925} INFO - DAG(s) 'load_kalimantan_postgres' retrieved from /opt/airflow/dags/load_kalimantan_postgres.py
[2026-09-22T04:13:01.281+0000] {logging_mixin.py:190} INFO - [2026-09-22T04:13:01.281+0000] {dag.py:3239} INFO - Sync 1 DAGs
[2026-09-22T04:13:01.293+0000] {logging_mixin.py:190} INFO - [2026-09-22T04:13:01.293+0000] {dag.py:4180} INFO - Setting next_dagrun for load_kalimantan_postgres to 2026-09-22 02:00:00+00:00, run_after=2026-09-23 02:00:00+00:00
[2026-09-22T04:13:01.300+0000] {processor.py:208} INFO - Processing /opt/airflow/dags/load_kalimantan_postgres.py took 0.093 seconds
[2026-09-22T04:13:31.650+0000] {processor.py:186} INFO - Started process (PID=1868) to work on /opt/airflow/dags/load_kalimantan_postgres.py
[2026-09-22T04:13:31.651+0000] {processor.py:914} INFO - Processing file /opt/airflow/dags/load_kalimantan_postgres.py for tasks to queue
[2026-09-22T04:13:31.653+0000] {logging_mixin.py:190} INFO - [2026-09-22T04:13:31.653+0000] {dagbag.py:588} INFO - Filling up the DagBag from /opt/airflow/dags/load_kalimantan_postgres.py
[2026-09-22T04:13:31.689+0000] {processor.py:925} INFO - DAG(s) 'load_kalimantan_postgres' retrieved from /opt/airflow/dags/load_kalimantan_postgres.py
[2026-09-22T04:13:31.703+0000] {logging_mixin.py:190} INFO - [2026-09-22T04:13:31.703+0000] {dag.py:3239} INFO - Sync 1 DAGs
[2026-09-22T04:13:31.713+0000] {logging_mixin.py:190} INFO - [2026-09-22T04:13:31.713+0000] {dag.py:4180} INFO - Setting next_dagrun for load_kalimantan_postgres to 2026-09-22 02:00:00+00:00, run_after=2026-09-23 02:00:00+00:00
[2026-09-22T04:13:31.719+0000] {processor.py:208} INFO - Processing /opt/airflow/dags/load_kalimantan_postgres.py took 0.075 seconds
[2026-09-22T04:14:02.055+0000] {processor.py:186} INFO - Started process (PID=1878) to work on /opt/airflow/dags/load_kalimantan_postgres.py
[2026-09-22T04:14:02.055+0000] {processor.py:914} INFO - Processing file /opt/airflow/dags/load_kalimantan_postgres.py for tasks to queue
[2026-09-22T04:14:02.057+0000] {logging_mixin.py:190} INFO - [2026-09-22T04:14:02.057+0000] {dagbag.py:588} INFO - Filling up the DagBag from /opt/airflow/dags/load_kalimantan_postgres.py
[2026-09-22T04:14:02.090+0000] {processor.py:925} INFO - DAG(s) 'load_kalimantan_postgres' retrieved from /opt/airflow/dags/load_kalimantan_postgres.py
[2026-09-22T04:14:02.104+0000] {logging_mixin.py:190} INFO - [2026-09-22T04:14:02.104+0000] {dag.py:3239} INFO - Sync 1 DAGs
[2026-09-22T04:14:02.113+0000] {logging_mixin.py:190} INFO - [2026-09-22T04:14:02.113+0000] {dag.py:4180} INFO - Setting next_dagrun for load_kalimantan_postgres to 2026-09-22 02:00:00+00:00, run_after=2026-09-23 02:00:00+00:00
[2026-09-22T04:14:02.119+0000] {processor.py:208} INFO - Processing /opt/airflow/dags/load_kalimantan_postgres.py took 0.070 seconds
[2026-09-22T04:14:32.417+0000] {processor.py:186} INFO - Started process (PID=1888) to work on /opt/airflow/dags/load_kalimantan_postgres.py
[2026-09-22T04:14:32.418+0000] {processor.py:914} INFO - Processing file /opt/airflow/dags/load_kalimantan_postgres.py for tasks to queue
[2026-09-22T04:14:32.419+0000] {logging_mixin.py:190} INFO - [2026-09-22T04:14:32.418+0000] {dagbag.py:588} INFO - Filling up the DagBag from /opt/airflow/dags/load_kalimantan_postgres.py
[2026-09-22T04:14:32.446+0000] {processor.py:925} INFO - DAG(s) 'load_kalimantan_postgres' retrieved from /opt/airflow/dags/load_kalimantan_postgres.py
[2026-09-22T04:14:32.460+0000] {logging_mixin.py:190} INFO - [2026-09-22T04:14:32.460+0000] {dag.py:3239} INFO - Sync 1 DAGs
[2026-09-22T04:14:32.469+0000] {logging_mixin.py:190} INFO - [2026-09-22T04:14:32.469+0000] {dag.py:4180} INFO - Setting next_dagrun for load_kalimantan_postgres to 2026-09-22 02:00:00+00:00, run_after=2026-09-23 02:00:00+00:00
[2026-09-22T04:14:32.475+0000] {processor.py:208} INFO - Processing /opt/airflow/dags/load_kalimantan_postgres.py took 0.066 seconds
[2026-09-22T04:15:02.798+0000] {processor.py:186} INFO - Started process (PID=1898) to work on /opt/airflow/dags/load_kalimantan_postgres.py
[2026-09-22T04:15:02.799+0000] {processor.py:914} INFO - Processing file /opt/airflow/dags/load_kalimantan_postgres.py for tasks to queue
[2026-09-22T04:15:02.801+0000] {logging_mixin.py:190} INFO - [2026-09-22T04:15:02.801+0000] {dagbag.py:588} INFO - Filling up the DagBag from /opt/airflow/dags/load_kalimantan_postgres.py
[2026-09-22T04:15:02.839+0000] {processor.py:925} INFO - DAG(s) 'load_kalimantan_postgres' retrieved from /opt/airflow/dags/load_kalimantan_postgres.py
[2026-09-22T04:15:02.853+0000] {logging_mixin.py:190} INFO - [2026-09-22T04:15:02.853+0000] {dag.py:3239} INFO - Sync 1 DAGs
[2026-09-22T04:15:02.863+0000] {logging_mixin.py:190} INFO - [2026-09-22T04:15:02.862+0000] {dag.py:4180} INFO - Setting next_dagrun for load_kalimantan_postgres to 2026-09-22 02:00:00+00:00, run_after=2026-09-23 02:00:00+00:00
[2026-09-22T04:15:02.870+0000] {processor.py:208} INFO - Processing /opt/airflow/dags/load_kalimantan_postgres.py took 0.079 seconds
[2026-09-22T04:15:33.232+0000] {processor.py:186} INFO - Started process (PID=1908) to work on /opt/airflow/dags/load_kalimantan_postgres.py
[2026-09-22T04:15:33.233+0000] {processor.py:914} INFO - Processing file /opt/airflow/dags/load_kalimantan_postgres.py for tasks to queue
[2026-09-22T04:15:33.236+0000] {logging_mixin.py:190} INFO - [2026-09-22T04:15:33.235+0000] {dagbag.py:588} INFO - Filling up the DagBag from /opt/airflow/dags/load_kalimantan_postgres.py
[2026-09-22T04:15:33.278+0000] {processor.py:925} INFO - DAG(s) 'load_kalimantan_postgres' retrieved from /opt/airflow/dags/load_kalimantan_postgres.py
[2026-09-22T04:15:33.295+0000] {logging_mixin.py:190} INFO - [2026-09-22T04:15:33.295+0000] {dag.py:3239} INFO - Sync 1 DAGs
[2026-09-22T04:15:33.307+0000] {logging_mixin.py:190} INFO - [2026-09-22T04:15:33.307+0000] {dag.py:4180} INFO - Setting next_dagrun for load_kalimantan_postgres to 2026-09-22 02:00:00+00:00, run_after=2026-09-23 02:00:00+00:00
[2026-09-22T04:15:33.314+0000] {processor.py:208} INFO - Processing /opt/airflow/dags/load_kalimantan_postgres.py took 0.091 seconds
[2026-09-22T04:16:03.696+0000] {processor.py:186} INFO - Started process (PID=1918) to work on /opt/airflow/dags/load_kalimantan_postgres.py
[2026-09-22T04:16:03.698+0000] {processor.py:914} INFO - Processing file /opt/airflow/dags/load_kalimantan_postgres.py for tasks to queue
[2026-09-22T04:16:03.700+0000] {logging_mixin.py:190} INFO - [2026-09-22T04:16:03.700+0000] {dagbag.py:588} INFO - Filling up the DagBag from /opt/airflow/dags/load_kalimantan_postgres.py
[2026-09-22T04:16:03.738+0000] {processor.py:925} INFO - DAG(s) 'load_kalimantan_postgres' retrieved from /opt/airflow/dags/load_kalimantan_postgres.py
[2026-09-22T04:16:03.752+0000] {logging_mixin.py:190} INFO - [2026-09-22T04:16:03.752+0000] {dag.py:3239} INFO - Sync 1 DAGs
[2026-09-22T04:16:03.761+0000] {logging_mixin.py:190} INFO - [2026-09-22T04:16:03.761+0000] {dag.py:4180} INFO - Setting next_dagrun for load_kalimantan_postgres to 2026-09-22 02:00:00+00:00, run_after=2026-09-23 02:00:00+00:00
[2026-09-22T04:16:03.768+0000] {processor.py:208} INFO - Processing /opt/airflow/dags/load_kalimantan_postgres.py took 0.080 seconds
